Workbook

Sheet Start
B2: WORLD CUP 2026 POOL - ADMIN
B6: WORKFLOW
B8: 1. Participants send you their files with the 'Admin export' tab filled in.
B9: 2. In 'Raw data', paste each participant's columns C and D into their slot.
B10: Each participant uses TWO columns: home goals + away goals (or value).
B11: 3. Type the real name in row 6 (home column of each pair).
B12: 4. In 'Real results', fill in actual match results as games are played.
B13: 5. 'Calculation' and 'Standings' tabs update automatically.
B15: WORKS FOR BOTH OPTIONS (OP1 + OP2)
B16: Both Option 1 (all-in-one) and Option 2 (groups + knockouts split) use the same
B17: export format, so this admin handles both.
B19: SCORING SYSTEM
... B31: • Top Scorer: 8 pts | Ballon d'Or: 8 pts

Sheet Real results
B2: REAL RESULTS
B3: Fill in real results as matches are played. Score rows use two cells: Home and Away.
B5: Concept | C5: Home / Value | D5: Away
B6: GROUP STAGE SCORES
B7: GA-M1: Mexico vs South Africa
B8: GA-M2: South Korea vs Czech Rep.
B9: GA-M3: Czech Rep. vs South Africa
B10: GA-M4: Mexico vs South Korea
B11: GA-M5: Czech Rep. vs Mexico
B12: GA-M6: South Africa vs South Korea
B13: GB-M1: Canada vs Bosnia-Herz.
B14: GB-M2: Qatar vs Switzerland
B15: GB-M3: Switzerland vs Bosnia-Herz.
B16: GB-M4: Canada vs Qatar
B17: GB-M5: Switzerland vs Canada
... B229: Ballon d'Or

Sheet Raw data
B2: RAW DATA - paste participant exports here
B3: Each participant uses TWO columns. Paste their 'Admin export' columns C+D into their slot. Row 6 holds their real name (in the Home column).
B5: CONCEPT | C5: P1 | E5: P2 | G5: P3 | I5: P4 | K5: P5 | M5: P6 | O5: P7 | Q5: P8 | S5: P9 | U5: P10 | W5: P11 | Y5: P12 | AA5: P13 | AC5: P14 | AE5: P15 | AG5: P16 | AI5: P17 | AK5: P18 | AM5: P19 | AO5: P20 | AQ5: P21 | AS5: P22 | AU5: P23 | AW5: P24 | AY5: P25 | BA5: P26 | BC5: P27 | BE5: P28 | BG5: P29 | BI5: P30
B6: GROUP STAGE SCORES | C6: Matt | E6: Fer | G6: Pano | I6: Tere | K6: Nadia | M6: Jose | O6: Lucía | Q6: Kike | S6: Paibol | U6: Pablo | W6: Almu | Y6: Juanorro | AA6: Cillian | AC6: July | AE6: Toño | AG6: Juanin | AI6: Meg | AK6: Irene | AM6: Andy | AO6: Adri | AQ6: Ben | AS6: Gon | AU6: Mile | AW6: Cami | AY6: Hugo | BA6: Jaime | BC6: Emilio | BE6: Manu
B7: GA-M1: Mexico vs South Africa | C7: 2 | D7: 1 | E7: 2 | F7: 0 | G7: 3 | H7: 0 | I7: 3 | J7: 1 | K7: 3 | L7: 1 | M7: 2 | N7: 1 | O7: 1 | P7: 1 | Q7: 2 | R7: 0 | S7: 2 | T7: 0 | U7: 2 | V7: 0 | W7: 2 | X7: 1 | Y7: 1 | Z7: 1 | AA7: 2 | AB7: 0 | AC7: 1 | AD7: 0 | AE7: 2 | AF7: 0 | AG7: 2 | AH7: 0 | AI7: 2 | AJ7: 1 | AK7: 2 | AL7: 0 | AM7: 3 | AN7: 0 | AO7: 2 | AP7: 0 | AQ7: 2 | AR7: 0 | AS7: 2 | AT7: 1 | AU7: 2 | AV7: 0 | AW7: 2 | AX7: 1 | AY7: 3 | AZ7: 1 | BA7: 2 | BB7: 0 | BC7: 2 | BD7: 1 | BE7: 2 | BF7: 0
B8: GA-M2: South Korea vs Czech Rep. | C8: 1 | D8: 1 | E8: 1 | F8: 1 | G8: 1 | H8: 1 | I8: 2 | J8: 1 | K8: 1 | L8: 2 | M8: 2 | N8: 1 | O8: 2 | P8: 0 | Q8: 2 | R8: 1 | S8: 1 | T8: 1 | U8: 1 | V8: 0 | W8: 2 | X8: 0 | Y8: 1 | Z8: 1 | AA8: 1 | AB8: 1 | AC8: 1 | AD8: 2 | AE8: 1 | AF8: 1 | AG8: 1 | AH8: 0 | AI8: 0 | AJ8: 2 | AK8: 2 | AL8: 1 | AM8: 1 | AN8: 1 | AO8: 1 | AP8: 1 | AQ8: 1 | AR8: 1 | AS8: 1 | AT8: 1 | AU8: 1 | AV8: 1 | AW8: 1 | AX8: 1 | AY8: 2 | AZ8: 0 | BA8: 1 | BB8: 1 | BC8: 1 | BD8: 1 | BE8: 1 | BF8: 1
B9: GA-M3: Czech Rep. vs South Africa | C9: 2 | D9: 0 | E9: 1 | F9: 0 | G9: 1 | H9: 0 | I9: 2 | J9: 0 | K9: 2 | L9: 0 | M9: 2 | N9: 1 | O9: 1 | P9: 0 | Q9: 2 | R9: 1 | S9: 1 | T9: 1 | U9: 2 | V9: 1 | W9: 1 | X9: 1 | Y9: 2 | Z9: 0 | AA9: 2 | AB9: 1 | AC9: 1 | AD9: 0 | AE9: 1 | AF9: 0 | AG9: 2 | AH9: 0 | AI9: 1 | AJ9: 0 | AK9: 2 | AL9: 1 | AM9: 2 | AN9: 0 | AO9: 2 | AP9: 0 | AQ9: 1 | AR9: 1 | AS9: 2 | AT9: 2 | AU9: 2 | AV9: 0 | AW9: 1 | AX9: 1 | AY9: 1 | AZ9: 2 | BA9: 2 | BB9: 1 | BC9: 1 | BD9: 0 | BE9: 2 | BF9: 1
B10: GA-M4: Mexico vs South Korea | C10: 2 | D10: 1 | E10: 1 | F10: 1 | G10: 3 | H10: 1 | I10: 1 | J10: 1 | K10: 1 | L10: 0 | M10: 2 | N10: 1 | O10: 2 | P10: 0 | Q10: 2 | R10: 1 | S10: 1 | T10: 1 | U10: 2 | V10: 2 | W10: 0 | X10: 0 | Y10: 1 | Z10: 2 | AA10: 1 | AB10: 1 | AC10: 2 | AD10: 2 | AE10: 2 | AF10: 1 | AG10: 2 | AH10: 1 | AI10: 2 | AJ10: 1 | AK10: 1 | AL10: 1 | AM10: 2 | AN10: 1 | AO10: 1 | AP10: 1 | AQ10: 2 | AR10: 1 | AS10: 1 | AT10: 0 | AU10: 1 | AV10: 1 | AW10: 1 | AX10: 0 | AY10: 2 | AZ10: 1 | BA10: 2 | BB10: 1 | BC10: 0 | BD10: 0 | BE10: 1 | BF10: 2
B11: GA-M5: Czech Rep. vs Mexico | C11: 1 | D11: 2 | E11: 0 | F11: 2 | G11: 1 | H11: 1 | I11: 1 | J11: 2 | K11: 1 | L11: 1 | M11: 1 | N11: 2 | O11: 1 | P11: 2 | Q11: 1 | R11: 2 | S11: 1 | T11: 2 | U11: 1 | V11: 2 | W11: 0 | X11: 2 | Y11: 1 | Z11: 1 | AA11: 0 | AB11: 1 | AC11: 1 | AD11: 1 | AE11: 1 | AF11: 1 | AG11: 1 | AH11: 1 | AI11: 1 | AJ11: 1 | AK11: 1 | AL11: 2 | AM11: 1 | AN11: 2 | AO11: 1 | AP11: 2 | AQ11: 1 | AR11: 2 | AS11: 3 | AT11: 2 | AU11: 1 | AV11: 2 | AW11: 2 | AX11: 1 | AY11: 0 | AZ11: 1 | BA11: 1 | BB11: 2 | BC11: 0 | BD11: 3 | BE11: 0 | BF11: 2
B12: GA-M6: South Africa vs South Korea | C12: 1 | D12: 2 | E12: 0 | F12: 2 | G12: 0 | H12: 2 | I12: 1 | J12: 2 | K12: 1 | L12: 2 | M12: 1 | N12: 2 | O12: 2 | P12: 2 | Q12: 0 | R12: 2 | S12: 0 | T12: 2 | U12: 0 | V12: 2 | W12: 1 | X12: 3 | Y12: 1 | Z12: 2 | AA12: 1 | AB12: 2 | AC12: 0 | AD12: 0 | AE12: 0 | AF12: 1 | AG12: 1 | AH12: 2 | AI12: 1 | AJ12: 1 | AK12: 0 | AL12: 1 | AM12: 0 | AN12: 2 | AO12: 0 | AP12: 2 | AQ12: 1 | AR12: 2 | AS12: 0 | AT12: 0 | AU12: 1 | AV12: 2 | AW12: 2 | AX12: 2 | AY12: 3 | AZ12: 1 | BA12: 1 | BB12: 2 | BC12: 1 | BD12: 3 | BE12: 1 | BF12: 2
B13: GB-M1: Canada vs Bosnia-Herz. | C13: 2 | D13: 0 | E13: 2 | F13: 1 | G13: 2 | H13: 0 | I13: 2 | J13: 0 | K13: 2 | L13: 1 | M13: 2 | N13: 1 | O13: 2 | P13: 2 | Q13: 2 | R13: 0 | S13: 1 | T13: 0 | U13: 1 | V13: 1 | W13: 3 | X13: 0 | Y13: 1 | Z13: 1 | AA13: 2 | AB13: 1 | AC13: 1 | AD13: 2 | AE13: 1 | AF13: 1 | AG13: 2 | AH13: 1 | AI13: 2 | AJ13: 0 | AK13: 2 | AL13: 1 | AM13: 2 | AN13: 1 | AO13: 1 | AP13: 1 | AQ13: 2 | AR13: 1 | AS13: 1 | AT13: 0 | AU13: 1 | AV13: 1 | AW13: 0 | AX13: 0 | AY13: 1 | AZ13: 1 | BA13: 2 | BB13: 0 | BC13: 1 | BD13: 0 | BE13: 2 | BF13: 1
B14: GB-M2: Qatar vs Switzerland | C14: 0 | D14: 2 | E14: 1 | F14: 2 | G14: 0 | H14: 2 | I14: 0 | J14: 3 | K14: 0 | L14: 3 | M14: 1 | N14: 2 | O14: 2 | P14: 1 | Q14: 0 | R14: 2 | S14: 0 | T14: 2 | U14: 0 | V14: 2 | W14: 0 | X14: 2 | Y14: 0 | Z14: 2 | AA14: 0 | AB14: 2 | AC14: 1 | AD14: 2 | AE14: 0 | AF14: 2 | AG14: 0 | AH14: 2 | AI14: 0 | AJ14: 3 | AK14: 0 | AL14: 2 | AM14: 0 | AN14: 2 | AO14: 0 | AP14: 2 | AQ14: 0 | AR14: 2 | AS14: 0 | AT14: 2 | AU14: 0 | AV14: 2 | AW14: 1 | AX14: 1 | AY14: 0 | AZ14: 3 | BA14: 0 | BB14: 2 | BC14: 0 | BD14: 2 | BE14: 0 | BF14: 2
B15: GB-M3: Switzerland vs Bosnia-Herz. | C15: 1 | D15: 1 | E15: 2 | F15: 0 | G15: 1 | H15: 0 | I15: 1 | J15: 0 | K15: 2 | L15: 0 | M15: 2 | N15: 1 | O15: 2 | P15: 0 | Q15: 2 | R15: 0 | S15: 2 | T15: 1 | U15: 2 | V15: 0 | W15: 2 | X15: 0 | Y15: 2 | Z15: 1 | AA15: 2 | AB15: 1 | AC15: 3 | AD15: 2 | AE15: 2 | AF15: 0 | AG15: 3 | AH15: 1 | AI15: 2 | AJ15: 1 | AK15: 2 | AL15: 1 | AM15: 2 | AN15: 0 | AO15: 2 | AP15: 1 | AQ15: 3 | AR15: 0 | AS15: 2 | AT15: 1 | AU15: 2 | AV15: 1 | AW15: 2 | AX15: 1 | AY15: 2 | AZ15: 0 | BA15: 2 | BB15: 0 | BC15: 3 | BD15: 1 | BE15: 3 | BF15: 1
B16: GB-M4: Canada vs Qatar | C16: 2 | D16: 1 | E16: 2 | F16: 1 | G16: 2 | H16: 1 | I16: 2 | J16: 0 | K16: 2 | L16: 0 | M16: 2 | N16: 1 | O16: 1 | P16: 1 | Q16: 2 | R16: 0 | S16: 2 | T16: 0 | U16: 2 | V16: 0 | W16: 2 | X16: 0 | Y16: 1 | Z16: 0 | AA16: 3 | AB16: 1 | AC16: 2 | AD16: 1 | AE16: 2 | AF16: 0 | AG16: 2 | AH16: 1 | AI16: 3 | AJ16: 1 | AK16: 2 | AL16: 0 | AM16: 2 | AN16: 0 | AO16: 2 | AP16: 0 | AQ16: 2 | AR16: 0 | AS16: 3 | AT16: 0 | AU16: 2 | AV16: 0 | AW16: 2 | AX16: 3 | AY16: 1 | AZ16: 0 | BA16: 1 | BB16: 1 | BC16: 0 | BD16: 1 | BE16: 3 | BF16: 0
B17: GB-M5: Switzerland vs Canada | C17: 1 | D17: 1 | E17: 1 | F17: 1 | G17: 1 | H17: 0 | I17: 2 | J17: 1 | K17: 2 | L17: 0 | M17: 2 | N17: 1 | O17: 1 | P17: 1 | Q17: 1 | R17: 1 | S17: 1 | T17: 1 | U17: 1 | V17: 1 | W17: 1 | X17: 0 | Y17: 2 | Z17: 0 | AA17: 1 | AB17: 1 | AC17: 1 | AD17: 1 | AE17: 1 | AF17: 1 | AG17: 1 | AH17: 1 | AI17: 2 | AJ17: 1 | AK17: 2 | AL17: 1 | AM17: 1 | AN17: 1 | AO17: 1 | AP17: 1 | AQ17: 1 | AR17: 1 | AS17: 1 | AT17: 1 | AU17: 1 | AV17: 1 | AW17: 1 | AX17: 1 | AY17: 1 | AZ17: 1 | BA17: 2 | BB17: 0 | BC17: 3 | BD17: 2 | BE17: 1 | BF17: 2
B18: GB-M6: Bosnia-Herz. vs Qatar | C18: 2 | D18: 1 | E18: 2 | F18: 1 | G18: 1 | H18: 2 | I18: 1 | J18: 0 | K18: 2 | L18: 1 | M18: 2 | N18: 1 | O18: 0 | P18: 2 | Q18: 2 | R18: 1 | S18: 2 | T18: 0 | U18: 2 | V18: 1 | W18: 1 | X18: 1 | Y18: 2 | Z18: 1 | AA18: 2 | AB18: 0 | AC18: 1 | AD18: 0 | AE18: 2 | AF18: 1 | AG18: 2 | AH18: 2 | AI18: 0 | AJ18: 0 | AK18: 1 | AL18: 0 | AM18: 2 | AN18: 1 | AO18: 1 | AP18: 0 | AQ18: 2 | AR18: 1 | AS18: 1 | AT18: 0 | AU18: 2 | AV18: 0 | AW18: 1 | AX18: 2 | AY18: 2 | AZ18: 1 | BA18: 1 | BB18: 1 | BC18: 1 | BD18: 1 | BE18: 2 | BF18: 1
... B78: GL-M6: Panama vs England | C78: 0 | D78: 4 | E78: 0 | F78: 2 | G78: 0 | H78: 3 | I78: 0 | J78: 3 | K78: 0 | L78: 3 | M78: 1 | N78: 2 | O78: 1 | P78: 5 | Q78: 0 | R78: 2 | S78: 0 | T78: 2 | U78: 0 | V78: 3 | W78: 0 | X78: 2 | Y78: 0 | Z78: 4 | AA78: 0 | AB78: 2 | AC78: 1 | AD78: 2 | AE78: 0 | AF78: 3 | AG78: 0 | AH78: 3 | AI78: 0 | AJ78: 3 | AK78: 0 | AL78: 5 | AM78: 0 | AN78: 3 | AO78: 1 | AP78: 2 | AQ78: 0 | AR78: 3 | AS78: 1 | AT78: 2 | AU78: 0 | AV78: 3 | AW78: 1 | AX78: 1 | AY78: 0 | AZ78: 4 | BA78: 0 | BB78: 3 | BC78: 1 | BD78: 3 | BE78: 0 | BF78: 3
B79: GROUP STANDINGS
B80: 1st group A | C80: Mexico | E80: Mexico | G80: Mexico | I80: Mexico | K80: Mexico | M80: Mexico | O80: Mexico | Q80: Mexico | S80: Mexico | U80: Mexico | W80: South Korea | Y80: South Korea | AA80: Mexico | AC80: Czech Rep. | AE80: Mexico | AG80: Mexico | AI80: Czech Rep. | AK80: Mexico | AM80: Mexico | AO80: Mexico | AQ80: Mexico | AS80: Mexico | AU80: Mexico | AW80: Mexico | AY80: Mexico | BA80: Mexico | BC80: Mexico | BE80: South Korea
B81: 2nd group A | C81: Czech Rep. | E81: South Korea | G81: Czech Rep. | I81: South Korea | K81: Czech Rep. | M81: South Korea | O81: South Korea | Q81: South Korea | S81: South Korea | U81: South Korea | W81: Mexico | Y81: Czech Rep. | AA81: South Korea | AC81: Mexico | AE81: Czech Rep. | AG81: South Korea | AI81: Mexico | AK81: South Korea | AM81: South Korea | AO81: South Korea | AQ81: South Korea | AS81: Czech Rep. | AU81: South Korea | AW81: Czech Rep. | AY81: South Africa | BA81: South Korea | BC81: South Korea | BE81: Mexico
B82: 3rd group A | C82: South Korea | E82: Czech Rep. | G82: South Korea | I82: Czech Rep. | K82: South Korea | M82: Czech Rep. | O82: Czech Rep. | Q82: Czech Rep. | S82: Czech Rep. | U82: Czech Rep. | W82: South Africa | Y82: Mexico | AA82: Czech Rep. | AC82: South Korea | AE82: South Korea | AG82: Czech Rep. | AI82: South Africa | AK82: Czech Rep. | AM82: Czech Rep. | AO82: Czech Rep. | AQ82: Czech Rep. | AS82: South Africa | AU82: Czech Rep. | AW82: South Africa | AY82: South Korea | BA82: Czech Rep. | BC82: Czech Rep. | BE82: Czech Rep.
B83: 1st group B | C83: Canada | E83: Switzerland | G83: Switzerland | I83: Switzerland | K83: Switzerland | M83: Switzerland | O83: Qatar | Q83: Canada | S83: Switzerland | U83: Switzerland | W83: Switzerland | Y83: Switzerland | AA83: Canada | AC83: Switzerland | AE83: Switzerland | AG83: Switzerland | AI83: Switzerland | AK83: Switzerland | AM83: Switzerland | AO83: Switzerland | AQ83: Switzerland | AS83: Canada | AU83: Switzerland | AW83: Qatar | AY83: Switzerland | BA83: Switzerland | BC83: Switzerland | BE83: Canada
B84: 2nd group B | C84: Switzerland | E84: Canada | G84: Canada | I84: Canada | K84: Canada | M84: Canada | O84: Switzerland | Q84: Switzerland | S84: Canada | U84: Canada | W84: Canada | Y84: Bosnia-Herz. | AA84: Switzerland | AC84: Bosnia-Herz. | AE84: Canada | AG84: Canada | AI84: Canada | AK84: Canada | AM84: Canada | AO84: Canada | AQ84: Canada | AS84: Switzerland | AU84: Canada | AW84: Switzerland | AY84: Canada | BA84: Canada | BC84: Qatar | BE84: Switzerland
B85: 3rd group B | C85: Bosnia-Herz. | E85: Bosnia-Herz. | G85: Qatar | I85: Bosnia-Herz. | K85: Bosnia-Herz. | M85: Bosnia-Herz. | O85: Canada | Q85: Bosnia-Herz. | S85: Bosnia-Herz. | U85: Bosnia-Herz. | W85: Qatar | Y85: Canada | AA85: Bosnia-Herz. | AC85: Canada | AE85: Bosnia-Herz. | AG85: Bosnia-Herz. | AI85: Bosnia-Herz. | AK85: Bosnia-Herz. | AM85: Bosnia-Herz. | AO85: Bosnia-Herz. | AQ85: Bosnia-Herz. | AS85: Bosnia-Herz. | AU85: Bosnia-Herz. | AW85: Canada | AY85: Bosnia-Herz. | BA85: Qatar | BC85: Canada | BE85: Bosnia-Herz.
B86: 1st group C | C86: Brazil | E86: Brazil | G86: Brazil | I86: Morocco | K86: Brazil | M86: Brazil | O86: Brazil | Q86: Brazil | S86: Brazil | U86: Brazil | W86: Brazil | Y86: Morocco | AA86: Brazil | AC86: Brazil | AE86: Brazil | AG86: Brazil | AI86: Brazil | AK86: Brazil | AM86: Brazil | AO86: Brazil | AQ86: Brazil | AS86: Morocco | AU86: Brazil | AW86: Scotland | AY86: Brazil | BA86: Brazil | BC86: Brazil | BE86: Brazil
B87: 2nd group C | C87: Morocco | E87: Morocco | G87: Morocco | I87: Brazil | K87: Scotland | M87: Morocco | O87: Morocco | Q87: Morocco | S87: Morocco | U87: Morocco | W87: Morocco | Y87: Brazil | AA87: Morocco | AC87: Morocco | AE87: Morocco | AG87: Morocco | AI87: Morocco | AK87: Morocco | AM87: Scotland | AO87: Morocco | AQ87: Morocco | AS87: Brazil | AU87: Morocco | AW87: Brazil | AY87: Morocco | BA87: Morocco | BC87: Morocco | BE87: Morocco
B88: 3rd group C | C88: Scotland | E88: Scotland | G88: Scotland | I88: Scotland | K88: Morocco | M88: Scotland | O88: Scotland | Q88: Scotland | S88: Scotland | U88: Scotland | W88: Scotland | Y88: Scotland | AA88: Scotland | AC88: Scotland | AE88: Scotland | AG88: Scotland | AI88: Haiti | AK88: Scotland | AM88: Morocco | AO88: Scotland | AQ88: Scotland | AS88: Scotland | AU88: Scotland | AW88: Morocco | AY88: Scotland | BA88: Scotland | BC88: Scotland | BE88: Scotland
B89: 1st group D | C89: USA | E89: Turkey | G89: Turkey | I89: Turkey | K89: Turkey | M89: USA | O89: Turkey | Q89: Turkey | S89: USA | U89: Turkey | W89: Turkey | Y89: Turkey | AA89: USA | AC89: Australia | AE89: USA | AG89: Turkey | AI89: USA | AK89: Turkey | AM89: USA | AO89: USA | AQ89: USA | AS89: Turkey | AU89: USA | AW89: Paraguay | AY89: Turkey | BA89: Turkey | BC89: Turkey | BE89: USA
B90: 2nd group D | C90: Turkey | E90: USA | G90: USA | I90: USA | K90: USA | M90: Turkey | O90: Paraguay | Q90: USA | S90: Paraguay | U90: USA | W90: USA | Y90: USA | AA90: Turkey | AC90: Paraguay | AE90: Turkey | AG90: USA | AI90: Turkey | AK90: USA | AM90: Turkey | AO90: Turkey | AQ90: Paraguay | AS90: USA | AU90: Turkey | AW90: Australia | AY90: Paraguay | BA90: Australia | BC90: USA | BE90: Turkey
B91: 3rd group D | C91: Paraguay | E91: Paraguay | G91: Australia | I91: Paraguay | K91: Australia | M91: Paraguay | O91: USA | Q91: Australia | S91: Australia | U91: Paraguay | W91: Australia | Y91: Paraguay | AA91: Paraguay | AC91: USA | AE91: Paraguay | AG91: Paraguay | AI91: Paraguay | AK91: Paraguay | AM91: Australia | AO91: Paraguay | AQ91: Turkey | AS91: Paraguay | AU91: Paraguay | AW91: Turkey | AY91: USA | BA91: USA | BC91: Paraguay | BE91: Paraguay
... B115: 3rd group L | C115: Ghana | E115: Ghana | G115: Ghana | I115: Ghana | K115: Ghana | M115: Ghana | O115: Ghana | Q115: Panama | S115: Panama | U115: Ghana | W115: Ghana | Y115: Ghana | AA115: Ghana | AC115: Ghana | AE115: Ghana | AG115: Ghana | AI115: Ghana | AK115: Croatia | AM115: Ghana | AO115: Ghana | AQ115: Ghana | AS115: Panama | AU115: Ghana | AW115: England | AY115: Ghana | BA115: Ghana | BC115: Ghana | BE115: Ghana
B116: 8 BEST THIRDS
B117: 3-1 | C117: South Korea | E117: Scotland | G117: Argentina | I117: Ivory Coast | K117: Ghana | M117: Czech Rep. | O117: USA | Q117: Ivory Coast | S117: Ecuador | U117: Ecuador | W117: Ivory Coast | Y117: Paraguay | AA117: Ecuador | AC117: Canada | AE117: Ecuador | AG117: Norway | AI117: Ghana | AK117: Ivory Coast | AM117: Czech Rep. | AO117: Czech Rep. | AQ117: Turkey | AS117: Scotland | AU117: Czech Rep. | AW117: Curacao | AY117: Bosnia-Herz. | BA117: Scotland | BC117: Paraguay | BE117: Sweden
B118: 3-2 | C118: Ivory Coast | E118: Iran | G118: South Korea | I118: Czech Rep. | K118: Japan | M118: Bosnia-Herz. | O118: Ghana | Q118: Senegal | S118: Norway | U118: Japan | W118: Iran | Y118: Colombia | AA118: Algeria | AC118: USA | AE118: Senegal | AG118: Czech Rep. | AI118: Austria | AK118: Scotland | AM118: Ivory Coast | AO118: Senegal | AQ118: Senegal | AS118: Sweden | AU118: Bosnia-Herz. | AW118: Austria | AY118: Senegal | BA118: Ivory Coast | BC118: Algeria | BE118: Ghana
B119: 3-3 | C119: Norway | E119: Senegal | G119: Ivory Coast | I119: Norway | K119: Morocco | M119: Scotland | O119: Canada | Q119: Algeria | S119: Bosnia-Herz. | U119: Scotland | W119: Algeria | Y119: Canada | AA119: Senegal | AC119: Egypt | AE119: South Korea | AG119: Japan | AI119: Paraguay | AK119: Czech Rep. | AM119: Senegal | AO119: Ivory Coast | AQ119: Scotland | AS119: Jordan | AU119: Scotland | AW119: Spain | AY119: South Korea | BA119: Czech Rep. | BC119: Cape Verde | BE119: Czech Rep.
B120: 3-4 | C120: Bosnia-Herz. | E120: Czech Rep. | G120: Saudi Arabia | I120: Scotland | K120: Ecuador | M120: Paraguay | O120: Scotland | Q120: Iran | S120: Scotland | U120: Senegal | W120: Sweden | Y120: Scotland | AA120: Czech Rep. | AC120: Scotland | AE120: Scotland | AG120: Saudi Arabia | AI120: Haiti | AK120: Bosnia-Herz. | AM120: Algeria | AO120: Bosnia-Herz. | AQ120: New Zealand | AS120: Bosnia-Herz. | AU120: Paraguay | AW120: England | AY120: USA | BA120: Tunisia | BC120: Czech Rep. | BE120: Scotland
B121: 3-5 | C121: Iran | E121: Algeria | G121: Iran | I121: Paraguay | K121: Norway | M121: Ivory Coast | O121: Saudi Arabia | Q121: Czech Rep. | S121: Saudi Arabia | U121: Algeria | W121: Scotland | Y121: Algeria | AA121: Iran | AC121: Saudi Arabia | AE121: Paraguay | AG121: Austria | AI121: Ecuador | AK121: Senegal | AM121: Ghana | AO121: Egypt | AQ121: Ivory Coast | AS121: Saudi Arabia | AU121: Ivory Coast | AW121: Turkey | AY121: DR Congo | BA121: Senegal | BC121: Ecuador | BE121: Ecuador
B122: 3-6 | C122: Scotland | E122: Ivory Coast | G122: Ghana | I122: Algeria | K122: South Korea | M122: Japan | O122: Ivory Coast | Q122: Scotland | S122: Panama | U122: Ghana | W122: Australia | Y122: Ghana | AA122: Bosnia-Herz. | AC122: Japan | AE122: Sweden | AG122: Paraguay | AI122: DR Congo | AK122: Croatia | AM122: Bosnia-Herz. | AO122: Algeria | AQ122: Japan | AS122: DR Congo | AU122: Japan | AW122: South Africa | AY122: Ghana | BA122: Cape Verde | BC122: Egypt | BE122: Senegal
B123: 3-7 | C123: Ghana | E123: Sweden | G123: Uzbekistan | I123: Japan | K123: Algeria | M123: Iran | O123: Senegal | Q123: Japan | S123: Czech Rep. | U123: Bosnia-Herz. | W123: Senegal | Y123: Ivory Coast | AA123: Paraguay | AC123: Ghana | AE123: Egypt | AG123: Ghana | AI123: Cape Verde | AK123: Algeria | AM123: Morocco | AO123: Sweden | AQ123: Bosnia-Herz. | AS123: Panama | AU123: Senegal | AW123: Canada | AY123: Sweden | BA123: USA | BC123: Scotland | BE123: Bosnia-Herz.
B124: 3-8 | C124: Japan | E124: Bosnia-Herz. | G124: Scotland | I124: Bosnia-Herz. | K124: Bosnia-Herz. | M124: Saudi Arabia | O124: Czech Rep. | Q124: Bosnia-Herz. | S124: Australia | U124: Iran | W124: Ghana | Y124: Mexico | AA124: Sweden | AC124: Jordan | AE124: Algeria | AG124: Scotland | AI124: Senegal | AK124: DR Congo | AM124: New Zealand | AO124: Ghana | AQ124: Czech Rep. | AS124: South Africa | AU124: Ghana | AW124: Sweden | AY124: Scotland | BA124: Qatar | BC124: Sweden | BE124: Algeria
B125: ROUND OF 32
B126: R32-M1 score
B127: R32-M1 penalties
B128: R32-M1 winner
B129: R32-M2 score
B130: R32-M2 penalties
B131: R32-M2 winner
B132: R32-M3 score
B133: R32-M3 penalties
B134: R32-M3 winner
B135: R32-M4 score
B136: R32-M4 penalties
... B229: Ballon d'Or

Sheet Calculation
B2: POINTS CALCULATION (automatic)
B5: CONCEPT | C5: ='Raw data'!C6 -> Matt | E5: ='Raw data'!E6 -> Fer | G5: ='Raw data'!G6 -> Pano | I5: ='Raw data'!I6 -> Tere | K5: ='Raw data'!K6 -> Nadia | M5: ='Raw data'!M6 -> Jose | O5: ='Raw data'!O6 -> Lucía | Q5: ='Raw data'!Q6 -> Kike | S5: ='Raw data'!S6 -> Paibol | U5: ='Raw data'!U6 -> Pablo | W5: ='Raw data'!W6 -> Almu | Y5: ='Raw data'!Y6 -> Juanorro | AA5: ='Raw data'!AA6 -> Cillian | AC5: ='Raw data'!AC6 -> July | AE5: ='Raw data'!AE6 -> Toño | AG5: ='Raw data'!AG6 -> Juanin | AI5: ='Raw data'!AI6 -> Meg | AK5: ='Raw data'!AK6 -> Irene | AM5: ='Raw data'!AM6 -> Andy | AO5: ='Raw data'!AO6 -> Adri | AQ5: ='Raw data'!AQ6 -> Ben | AS5: ='Raw data'!AS6 -> Gon | AU5: ='Raw data'!AU6 -> Mile | AW5: ='Raw data'!AW6 -> Cami | AY5: ='Raw data'!AY6 -> Hugo | BA5: ='Raw data'!BA6 -> Jaime | BC5: ='Raw data'!BC6 -> Emilio | BE5: ='Raw data'!BE6 -> Manu | BG5: ='Raw data'!BG6 | BI5: ='Raw data'!BI6
B7: GROUP STAGE MATCHES
B8: GA-M1: Mexico vs South Africa | C8: =IFERROR(IF(AND(ISNUMBER('Real results'!C7),ISNUMBER('Real results'!D7),ISNUMBER('Raw data'!C7),ISNUMBER('Raw data'!D7)),IF(SIGN('Raw data'!C7-'Raw data'!D7)=SIGN('Real results'!C7-'Real results'!D7),2+IF(AND('Raw data'!C7='Real results'!C7,'Raw data'!D7='Real results'!D7),2,0),0),0),0) -> 0 | E8: =IFERROR(IF(AND(ISNUMBER('Real results'!C7),ISNUMBER('Real results'!D7),ISNUMBER('Raw data'!E7),ISNUMBER('Raw data'!F7)),IF(SIGN('Raw data'!E7-'Raw data'!F7)=SIGN('Real results'!C7-'Real results'!D7),2+IF(AND('Raw data'!E7='Real results'!C7,'Raw data'!F7='Real results'!D7),2,0),0),0),0) -> 0 | G8: =IFERROR(IF(AND(ISNUMBER('Real results'!C7),ISNUMBER('Real results'!D7),ISNUMBER('Raw data'!G7),ISNUMBER('Raw data'!H7)),IF(SIGN('Raw data'!G7-'Raw data'!H7)=SIGN('Real results'!C7-'Real results'!D7),2+IF(AND('Raw data'!G7='Real results'!C7,'Raw data'!H7='Real results'!D7),2,0),0),0),0) -> 0 | I8: =IFERROR(IF(AND(ISNUMBER('Real results'!C7),ISNUMBER('Real results'!D7),ISNUMBER('Raw data'!I7),ISNUMBER('Raw data'!J7)),IF(SIGN('Raw data'!I7-'Raw data'!J7)=SIGN('Real results'!C7-'Real results'!D7),2+IF(AND('Raw data'!I7='Real results'!C7,'Raw data'!J7='Real results'!D7),2,0),0),0),0) -> 0 | K8: =IFERROR(IF(AND(ISNUMBER('Real results'!C7),ISNUMBER('Real results'!D7),ISNUMBER('Raw data'!K7),ISNUMBER('Raw data'!L7)),IF(SIGN('Raw data'!K7-'Raw data'!L7)=SIGN('Real results'!C7-'Real results'!D7),2+IF(AND('Raw data'!K7='Real results'!C7,'Raw data'!L7='Real results'!D7),2,0),0),0),0) -> 0 | M8: =IFERROR(IF(AND(ISNUMBER('Real results'!C7),ISNUMBER('Real results'!D7),ISNUMBER('Raw data'!M7),ISNUMBER('Raw data'!N7)),IF(SIGN('Raw data'!M7-'Raw data'!N7)=SIGN('Real results'!C7-'Real results'!D7),2+IF(AND('Raw data'!M7='Real results'!C7,'Raw data'!N7='Real results'!D7),2,0),0),0),0) -> 0 | O8: =IFERROR(IF(AND(ISNUMBER('Real results'!C7),ISNUMBER('Real results'!D7),ISNUMBER('Raw data'!O7),ISNUMBER('Raw data'!P7)),IF(SIGN('Raw data'!O7-'Raw data'!P7)=SIGN('Real results'!C7-'Real results'!D7),2+IF(AND('Raw data'!O7='Real results'!C7,'Raw data'!P7='Real results'!D7),2,0),0),0),0) -> 0 | Q8: =IFERROR(IF(AND(ISNUMBER('Real results'!C7),ISNUMBER('Real results'!D7),ISNUMBER('Raw data'!Q7),ISNUMBER('Raw data'!R7)),IF(SIGN('Raw data'!Q7-'Raw data'!R7)=SIGN('Real results'!C7-'Real results'!D7),2+IF(AND('Raw data'!Q7='Real results'!C7,'Raw data'!R7='Real results'!D7),2,0),0),0),0) -> 0 | S8: =IFERROR(IF(AND(ISNUMBER('Real results'!C7),ISNUMBER('Real results'!D7),ISNUMBER('Raw data'!S7),ISNUMBER('Raw data'!T7)),IF(SIGN('Raw data'!S7-'Raw data'!T7)=SIGN('Real results'!C7-'Real results'!D7),2+IF(AND('Raw data'!S7='Real results'!C7,'Raw data'!T7='Real results'!D7),2,0),0),0),0) -> 0 | U8: =IFERROR(IF(AND(ISNUMBER('Real results'!C7),ISNUMBER('Real results'!D7),ISNUMBER('Raw data'!U7),ISNUMBER('Raw data'!V7)),IF(SIGN('Raw data'!U7-'Raw data'!V7)=SIGN('Real results'!C7-'Real results'!D7),2+IF(AND('Raw data'!U7='Real results'!C7,'Raw data'!V7='Real results'!D7),2,0),0),0),0) -> 0 | W8: =IFERROR(IF(AND(ISNUMBER('Real results'!C7),ISNUMBER('Real results'!D7),ISNUMBER('Raw data'!W7),ISNUMBER('Raw data'!X7)),IF(SIGN('Raw data'!W7-'Raw data'!X7)=SIGN('Real results'!C7-'Real results'!D7),2+IF(AND('Raw data'!W7='Real results'!C7,'Raw data'!X7='Real results'!D7),2,0),0),0),0) -> 0 | Y8: =IFERROR(IF(AND(ISNUMBER('Real results'!C7),ISNUMBER('Real results'!D7),ISNUMBER('Raw data'!Y7),ISNUMBER('Raw data'!Z7)),IF(SIGN('Raw data'!Y7-'Raw data'!Z7)=SIGN('Real results'!C7-'Real results'!D7),2+IF(AND('Raw data'!Y7='Real results'!C7,'Raw data'!Z7='Real results'!D7),2,0),0),0),0) -> 0 | AA8: =IFERROR(IF(AND(ISNUMBER('Real results'!C7),ISNUMBER('Real results'!D7),ISNUMBER('Raw data'!AA7),ISNUMBER('Raw data'!AB7)),IF(SIGN('Raw data'!AA7-'Raw data'!AB7)=SIGN('Real results'!C7-'Real results'!D7),2+IF(AND('Raw data'!AA7='Real results'!C7,'Raw data'!AB7='Real results'!D7),2,0),0),0),0) -> 0 | AC8: =IFERROR(IF(AND(ISNUMBER('Real results'!C7),ISNUMBER('Real results'!D7),ISNUMBER('Raw data'!AC7),ISNUMBER('Raw data'!AD7)),IF(SIGN('Raw data'!AC7-'Raw data'!AD7)=SIGN('Real results'!C7-'Real results'!D7),2+IF(AND('Raw data'!AC7='Real results'!C7,'Raw data'!AD7='Real results'!D7),2,0),0),0),0) -> 0 | AE8: =IFERROR(IF(AND(ISNUMBER('Real results'!C7),ISNUMBER('Real results'!D7),ISNUMBER('Raw data'!AE7),ISNUMBER('Raw data'!AF7)),IF(SIGN('Raw data'!AE7-'Raw data'!AF7)=SIGN('Real results'!C7-'Real results'!D7),2+IF(AND('Raw data'!AE7='Real results'!C7,'Raw data'!AF7='Real results'!D7),2,0),0),0),0) -> 0 | AG8: =IFERROR(IF(AND(ISNUMBER('Real results'!C7),ISNUMBER('Real results'!D7),ISNUMBER('Raw data'!AG7),ISNUMBER('Raw data'!AH7)),IF(SIGN('Raw data'!AG7-'Raw data'!AH7)=SIGN('Real results'!C7-'Real results'!D7),2+IF(AND('Raw data'!AG7='Real results'!C7,'Raw data'!AH7='Real results'!D7),2,0),0),0),0) -> 0 | AI8: =IFERROR(IF(AND(ISNUMBER('Real results'!C7),ISNUMBER('Real results'!D7),ISNUMBER('Raw data'!AI7),ISNUMBER('Raw data'!AJ7)),IF(SIGN('Raw data'!AI7-'Raw data'!AJ7)=SIGN('Real results'!C7-'Real results'!D7),2+IF(AND('Raw data'!AI7='Real results'!C7,'Raw data'!AJ7='Real results'!D7),2,0),0),0),0) -> 0 | AK8: =IFERROR(IF(AND(ISNUMBER('Real results'!C7),ISNUMBER('Real results'!D7),ISNUMBER('Raw data'!AK7),ISNUMBER('Raw data'!AL7)),IF(SIGN('Raw data'!AK7-'Raw data'!AL7)=SIGN('Real results'!C7-'Real results'!D7),2+IF(AND('Raw data'!AK7='Real results'!C7,'Raw data'!AL7='Real results'!D7),2,0),0),0),0) -> 0 | AM8: =IFERROR(IF(AND(ISNUMBER('Real results'!C7),ISNUMBER('Real results'!D7),ISNUMBER('Raw data'!AM7),ISNUMBER('Raw data'!AN7)),IF(SIGN('Raw data'!AM7-'Raw data'!AN7)=SIGN('Real results'!C7-'Real results'!D7),2+IF(AND('Raw data'!AM7='Real results'!C7,'Raw data'!AN7='Real results'!D7),2,0),0),0),0) -> 0 | AO8: =IFERROR(IF(AND(ISNUMBER('Real results'!C7),ISNUMBER('Real results'!D7),ISNUMBER('Raw data'!AO7),ISNUMBER('Raw data'!AP7)),IF(SIGN('Raw data'!AO7-'Raw data'!AP7)=SIGN('Real results'!C7-'Real results'!D7),2+IF(AND('Raw data'!AO7='Real results'!C7,'Raw data'!AP7='Real results'!D7),2,0),0),0),0) -> 0 | AQ8: =IFERROR(IF(AND(ISNUMBER('Real results'!C7),ISNUMBER('Real results'!D7),ISNUMBER('Raw data'!AQ7),ISNUMBER('Raw data'!AR7)),IF(SIGN('Raw data'!AQ7-'Raw data'!AR7)=SIGN('Real results'!C7-'Real results'!D7),2+IF(AND('Raw data'!AQ7='Real results'!C7,'Raw data'!AR7='Real results'!D7),2,0),0),0),0) -> 0 | AS8: =IFERROR(IF(AND(ISNUMBER('Real results'!C7),ISNUMBER('Real results'!D7),ISNUMBER('Raw data'!AS7),ISNUMBER('Raw data'!AT7)),IF(SIGN('Raw data'!AS7-'Raw data'!AT7)=SIGN('Real results'!C7-'Real results'!D7),2+IF(AND('Raw data'!AS7='Real results'!C7,'Raw data'!AT7='Real results'!D7),2,0),0),0),0) -> 0 | AU8: =IFERROR(IF(AND(ISNUMBER('Real results'!C7),ISNUMBER('Real results'!D7),ISNUMBER('Raw data'!AU7),ISNUMBER('Raw data'!AV7)),IF(SIGN('Raw data'!AU7-'Raw data'!AV7)=SIGN('Real results'!C7-'Real results'!D7),2+IF(AND('Raw data'!AU7='Real results'!C7,'Raw data'!AV7='Real results'!D7),2,0),0),0),0) -> 0 | AW8: =IFERROR(IF(AND(ISNUMBER('Real results'!C7),ISNUMBER('Real results'!D7),ISNUMBER('Raw data'!AW7),ISNUMBER('Raw data'!AX7)),IF(SIGN('Raw data'!AW7-'Raw data'!AX7)=SIGN('Real results'!C7-'Real results'!D7),2+IF(AND('Raw data'!AW7='Real results'!C7,'Raw data'!AX7='Real results'!D7),2,0),0),0),0) -> 0 | AY8: =IFERROR(IF(AND(ISNUMBER('Real results'!C7),ISNUMBER('Real results'!D7),ISNUMBER('Raw data'!AY7),ISNUMBER('Raw data'!AZ7)),IF(SIGN('Raw data'!AY7-'Raw data'!AZ7)=SIGN('Real results'!C7-'Real results'!D7),2+IF(AND('Raw data'!AY7='Real results'!C7,'Raw data'!AZ7='Real results'!D7),2,0),0),0),0) -> 0 | BA8: =IFERROR(IF(AND(ISNUMBER('Real results'!C7),ISNUMBER('Real results'!D7),ISNUMBER('Raw data'!BA7),ISNUMBER('Raw data'!BB7)),IF(SIGN('Raw data'!BA7-'Raw data'!BB7)=SIGN('Real results'!C7-'Real results'!D7),2+IF(AND('Raw data'!BA7='Real results'!C7,'Raw data'!BB7='Real results'!D7),2,0),0),0),0) -> 0 | BC8: =IFERROR(IF(AND(ISNUMBER('Real results'!C7),ISNUMBER('Real results'!D7),ISNUMBER('Raw data'!BC7),ISNUMBER('Raw data'!BD7)),IF(SIGN('Raw data'!BC7-'Raw data'!BD7)=SIGN('Real results'!C7-'Real results'!D7),2+IF(AND('Raw data'!BC7='Real results'!C7,'Raw data'!BD7='Real results'!D7),2,0),0),0),0) -> 0 | BE8: =IFERROR(IF(AND(ISNUMBER('Real results'!C7),ISNUMBER('Real results'!D7),ISNUMBER('Raw data'!BE7),ISNUMBER('Raw data'!BF7)),IF(SIGN('Raw data'!BE7-'Raw data'!BF7)=SIGN('Real results'!C7-'Real results'!D7),2+IF(AND('Raw data'!BE7='Real results'!C7,'Raw data'!BF7='Real results'!D7),2,0),0),0),0) -> 0 | BG8: =IFERROR(IF(AND(ISNUMBER('Real results'!C7),ISNUMBER('Real results'!D7),ISNUMBER('Raw data'!BG7),ISNUMBER('Raw data'!BH7)),IF(SIGN('Raw data'!BG7-'Raw data'!BH7)=SIGN('Real results'!C7-'Real results'!D7),2+IF(AND('Raw data'!BG7='Real results'!C7,'Raw data'!BH7='Real results'!D7),2,0),0),0),0) -> 0 | BI8: =IFERROR(IF(AND(ISNUMBER('Real results'!C7),ISNUMBER('Real results'!D7),ISNUMBER('Raw data'!BI7),ISNUMBER('Raw data'!BJ7)),IF(SIGN('Raw data'!BI7-'Raw data'!BJ7)=SIGN('Real results'!C7-'Real results'!D7),2+IF(AND('Raw data'!BI7='Real results'!C7,'Raw data'!BJ7='Real results'!D7),2,0),0),0),0) -> 0
B9: GA-M2: South Korea vs Czech Rep. | C9: =IFERROR(IF(AND(ISNUMBER('Real results'!C8),ISNUMBER('Real results'!D8),ISNUMBER('Raw data'!C8),ISNUMBER('Raw data'!D8)),IF(SIGN('Raw data'!C8-'Raw data'!D8)=SIGN('Real results'!C8-'Real results'!D8),2+IF(AND('Raw data'!C8='Real results'!C8,'Raw data'!D8='Real results'!D8),2,0),0),0),0) -> 0 | E9: =IFERROR(IF(AND(ISNUMBER('Real results'!C8),ISNUMBER('Real results'!D8),ISNUMBER('Raw data'!E8),ISNUMBER('Raw data'!F8)),IF(SIGN('Raw data'!E8-'Raw data'!F8)=SIGN('Real results'!C8-'Real results'!D8),2+IF(AND('Raw data'!E8='Real results'!C8,'Raw data'!F8='Real results'!D8),2,0),0),0),0) -> 0 | G9: =IFERROR(IF(AND(ISNUMBER('Real results'!C8),ISNUMBER('Real results'!D8),ISNUMBER('Raw data'!G8),ISNUMBER('Raw data'!H8)),IF(SIGN('Raw data'!G8-'Raw data'!H8)=SIGN('Real results'!C8-'Real results'!D8),2+IF(AND('Raw data'!G8='Real results'!C8,'Raw data'!H8='Real results'!D8),2,0),0),0),0) -> 0 | I9: =IFERROR(IF(AND(ISNUMBER('Real results'!C8),ISNUMBER('Real results'!D8),ISNUMBER('Raw data'!I8),ISNUMBER('Raw data'!J8)),IF(SIGN('Raw data'!I8-'Raw data'!J8)=SIGN('Real results'!C8-'Real results'!D8),2+IF(AND('Raw data'!I8='Real results'!C8,'Raw data'!J8='Real results'!D8),2,0),0),0),0) -> 0 | K9: =IFERROR(IF(AND(ISNUMBER('Real results'!C8),ISNUMBER('Real results'!D8),ISNUMBER('Raw data'!K8),ISNUMBER('Raw data'!L8)),IF(SIGN('Raw data'!K8-'Raw data'!L8)=SIGN('Real results'!C8-'Real results'!D8),2+IF(AND('Raw data'!K8='Real results'!C8,'Raw data'!L8='Real results'!D8),2,0),0),0),0) -> 0 | M9: =IFERROR(IF(AND(ISNUMBER('Real results'!C8),ISNUMBER('Real results'!D8),ISNUMBER('Raw data'!M8),ISNUMBER('Raw data'!N8)),IF(SIGN('Raw data'!M8-'Raw data'!N8)=SIGN('Real results'!C8-'Real results'!D8),2+IF(AND('Raw data'!M8='Real results'!C8,'Raw data'!N8='Real results'!D8),2,0),0),0),0) -> 0 | O9: =IFERROR(IF(AND(ISNUMBER('Real results'!C8),ISNUMBER('Real results'!D8),ISNUMBER('Raw data'!O8),ISNUMBER('Raw data'!P8)),IF(SIGN('Raw data'!O8-'Raw data'!P8)=SIGN('Real results'!C8-'Real results'!D8),2+IF(AND('Raw data'!O8='Real results'!C8,'Raw data'!P8='Real results'!D8),2,0),0),0),0) -> 0 | Q9: =IFERROR(IF(AND(ISNUMBER('Real results'!C8),ISNUMBER('Real results'!D8),ISNUMBER('Raw data'!Q8),ISNUMBER('Raw data'!R8)),IF(SIGN('Raw data'!Q8-'Raw data'!R8)=SIGN('Real results'!C8-'Real results'!D8),2+IF(AND('Raw data'!Q8='Real results'!C8,'Raw data'!R8='Real results'!D8),2,0),0),0),0) -> 0 | S9: =IFERROR(IF(AND(ISNUMBER('Real results'!C8),ISNUMBER('Real results'!D8),ISNUMBER('Raw data'!S8),ISNUMBER('Raw data'!T8)),IF(SIGN('Raw data'!S8-'Raw data'!T8)=SIGN('Real results'!C8-'Real results'!D8),2+IF(AND('Raw data'!S8='Real results'!C8,'Raw data'!T8='Real results'!D8),2,0),0),0),0) -> 0 | U9: =IFERROR(IF(AND(ISNUMBER('Real results'!C8),ISNUMBER('Real results'!D8),ISNUMBER('Raw data'!U8),ISNUMBER('Raw data'!V8)),IF(SIGN('Raw data'!U8-'Raw data'!V8)=SIGN('Real results'!C8-'Real results'!D8),2+IF(AND('Raw data'!U8='Real results'!C8,'Raw data'!V8='Real results'!D8),2,0),0),0),0) -> 0 | W9: =IFERROR(IF(AND(ISNUMBER('Real results'!C8),ISNUMBER('Real results'!D8),ISNUMBER('Raw data'!W8),ISNUMBER('Raw data'!X8)),IF(SIGN('Raw data'!W8-'Raw data'!X8)=SIGN('Real results'!C8-'Real results'!D8),2+IF(AND('Raw data'!W8='Real results'!C8,'Raw data'!X8='Real results'!D8),2,0),0),0),0) -> 0 | Y9: =IFERROR(IF(AND(ISNUMBER('Real results'!C8),ISNUMBER('Real results'!D8),ISNUMBER('Raw data'!Y8),ISNUMBER('Raw data'!Z8)),IF(SIGN('Raw data'!Y8-'Raw data'!Z8)=SIGN('Real results'!C8-'Real results'!D8),2+IF(AND('Raw data'!Y8='Real results'!C8,'Raw data'!Z8='Real results'!D8),2,0),0),0),0) -> 0 | AA9: =IFERROR(IF(AND(ISNUMBER('Real results'!C8),ISNUMBER('Real results'!D8),ISNUMBER('Raw data'!AA8),ISNUMBER('Raw data'!AB8)),IF(SIGN('Raw data'!AA8-'Raw data'!AB8)=SIGN('Real results'!C8-'Real results'!D8),2+IF(AND('Raw data'!AA8='Real results'!C8,'Raw data'!AB8='Real results'!D8),2,0),0),0),0) -> 0 | AC9: =IFERROR(IF(AND(ISNUMBER('Real results'!C8),ISNUMBER('Real results'!D8),ISNUMBER('Raw data'!AC8),ISNUMBER('Raw data'!AD8)),IF(SIGN('Raw data'!AC8-'Raw data'!AD8)=SIGN('Real results'!C8-'Real results'!D8),2+IF(AND('Raw data'!AC8='Real results'!C8,'Raw data'!AD8='Real results'!D8),2,0),0),0),0) -> 0 | AE9: =IFERROR(IF(AND(ISNUMBER('Real results'!C8),ISNUMBER('Real results'!D8),ISNUMBER('Raw data'!AE8),ISNUMBER('Raw data'!AF8)),IF(SIGN('Raw data'!AE8-'Raw data'!AF8)=SIGN('Real results'!C8-'Real results'!D8),2+IF(AND('Raw data'!AE8='Real results'!C8,'Raw data'!AF8='Real results'!D8),2,0),0),0),0) -> 0 | AG9: =IFERROR(IF(AND(ISNUMBER('Real results'!C8),ISNUMBER('Real results'!D8),ISNUMBER('Raw data'!AG8),ISNUMBER('Raw data'!AH8)),IF(SIGN('Raw data'!AG8-'Raw data'!AH8)=SIGN('Real results'!C8-'Real results'!D8),2+IF(AND('Raw data'!AG8='Real results'!C8,'Raw data'!AH8='Real results'!D8),2,0),0),0),0) -> 0 | AI9: =IFERROR(IF(AND(ISNUMBER('Real results'!C8),ISNUMBER('Real results'!D8),ISNUMBER('Raw data'!AI8),ISNUMBER('Raw data'!AJ8)),IF(SIGN('Raw data'!AI8-'Raw data'!AJ8)=SIGN('Real results'!C8-'Real results'!D8),2+IF(AND('Raw data'!AI8='Real results'!C8,'Raw data'!AJ8='Real results'!D8),2,0),0),0),0) -> 0 | AK9: =IFERROR(IF(AND(ISNUMBER('Real results'!C8),ISNUMBER('Real results'!D8),ISNUMBER('Raw data'!AK8),ISNUMBER('Raw data'!AL8)),IF(SIGN('Raw data'!AK8-'Raw data'!AL8)=SIGN('Real results'!C8-'Real results'!D8),2+IF(AND('Raw data'!AK8='Real results'!C8,'Raw data'!AL8='Real results'!D8),2,0),0),0),0) -> 0 | AM9: =IFERROR(IF(AND(ISNUMBER('Real results'!C8),ISNUMBER('Real results'!D8),ISNUMBER('Raw data'!AM8),ISNUMBER('Raw data'!AN8)),IF(SIGN('Raw data'!AM8-'Raw data'!AN8)=SIGN('Real results'!C8-'Real results'!D8),2+IF(AND('Raw data'!AM8='Real results'!C8,'Raw data'!AN8='Real results'!D8),2,0),0),0),0) -> 0 | AO9: =IFERROR(IF(AND(ISNUMBER('Real results'!C8),ISNUMBER('Real results'!D8),ISNUMBER('Raw data'!AO8),ISNUMBER('Raw data'!AP8)),IF(SIGN('Raw data'!AO8-'Raw data'!AP8)=SIGN('Real results'!C8-'Real results'!D8),2+IF(AND('Raw data'!AO8='Real results'!C8,'Raw data'!AP8='Real results'!D8),2,0),0),0),0) -> 0 | AQ9: =IFERROR(IF(AND(ISNUMBER('Real results'!C8),ISNUMBER('Real results'!D8),ISNUMBER('Raw data'!AQ8),ISNUMBER('Raw data'!AR8)),IF(SIGN('Raw data'!AQ8-'Raw data'!AR8)=SIGN('Real results'!C8-'Real results'!D8),2+IF(AND('Raw data'!AQ8='Real results'!C8,'Raw data'!AR8='Real results'!D8),2,0),0),0),0) -> 0 | AS9: =IFERROR(IF(AND(ISNUMBER('Real results'!C8),ISNUMBER('Real results'!D8),ISNUMBER('Raw data'!AS8),ISNUMBER('Raw data'!AT8)),IF(SIGN('Raw data'!AS8-'Raw data'!AT8)=SIGN('Real results'!C8-'Real results'!D8),2+IF(AND('Raw data'!AS8='Real results'!C8,'Raw data'!AT8='Real results'!D8),2,0),0),0),0) -> 0 | AU9: =IFERROR(IF(AND(ISNUMBER('Real results'!C8),ISNUMBER('Real results'!D8),ISNUMBER('Raw data'!AU8),ISNUMBER('Raw data'!AV8)),IF(SIGN('Raw data'!AU8-'Raw data'!AV8)=SIGN('Real results'!C8-'Real results'!D8),2+IF(AND('Raw data'!AU8='Real results'!C8,'Raw data'!AV8='Real results'!D8),2,0),0),0),0) -> 0 | AW9: =IFERROR(IF(AND(ISNUMBER('Real results'!C8),ISNUMBER('Real results'!D8),ISNUMBER('Raw data'!AW8),ISNUMBER('Raw data'!AX8)),IF(SIGN('Raw data'!AW8-'Raw data'!AX8)=SIGN('Real results'!C8-'Real results'!D8),2+IF(AND('Raw data'!AW8='Real results'!C8,'Raw data'!AX8='Real results'!D8),2,0),0),0),0) -> 0 | AY9: =IFERROR(IF(AND(ISNUMBER('Real results'!C8),ISNUMBER('Real results'!D8),ISNUMBER('Raw data'!AY8),ISNUMBER('Raw data'!AZ8)),IF(SIGN('Raw data'!AY8-'Raw data'!AZ8)=SIGN('Real results'!C8-'Real results'!D8),2+IF(AND('Raw data'!AY8='Real results'!C8,'Raw data'!AZ8='Real results'!D8),2,0),0),0),0) -> 0 | BA9: =IFERROR(IF(AND(ISNUMBER('Real results'!C8),ISNUMBER('Real results'!D8),ISNUMBER('Raw data'!BA8),ISNUMBER('Raw data'!BB8)),IF(SIGN('Raw data'!BA8-'Raw data'!BB8)=SIGN('Real results'!C8-'Real results'!D8),2+IF(AND('Raw data'!BA8='Real results'!C8,'Raw data'!BB8='Real results'!D8),2,0),0),0),0) -> 0 | BC9: =IFERROR(IF(AND(ISNUMBER('Real results'!C8),ISNUMBER('Real results'!D8),ISNUMBER('Raw data'!BC8),ISNUMBER('Raw data'!BD8)),IF(SIGN('Raw data'!BC8-'Raw data'!BD8)=SIGN('Real results'!C8-'Real results'!D8),2+IF(AND('Raw data'!BC8='Real results'!C8,'Raw data'!BD8='Real results'!D8),2,0),0),0),0) -> 0 | BE9: =IFERROR(IF(AND(ISNUMBER('Real results'!C8),ISNUMBER('Real results'!D8),ISNUMBER('Raw data'!BE8),ISNUMBER('Raw data'!BF8)),IF(SIGN('Raw data'!BE8-'Raw data'!BF8)=SIGN('Real results'!C8-'Real results'!D8),2+IF(AND('Raw data'!BE8='Real results'!C8,'Raw data'!BF8='Real results'!D8),2,0),0),0),0) -> 0 | BG9: =IFERROR(IF(AND(ISNUMBER('Real results'!C8),ISNUMBER('Real results'!D8),ISNUMBER('Raw data'!BG8),ISNUMBER('Raw data'!BH8)),IF(SIGN('Raw data'!BG8-'Raw data'!BH8)=SIGN('Real results'!C8-'Real results'!D8),2+IF(AND('Raw data'!BG8='Real results'!C8,'Raw data'!BH8='Real results'!D8),2,0),0),0),0) -> 0 | BI9: =IFERROR(IF(AND(ISNUMBER('Real results'!C8),ISNUMBER('Real results'!D8),ISNUMBER('Raw data'!BI8),ISNUMBER('Raw data'!BJ8)),IF(SIGN('Raw data'!BI8-'Raw data'!BJ8)=SIGN('Real results'!C8-'Real results'!D8),2+IF(AND('Raw data'!BI8='Real results'!C8,'Raw data'!BJ8='Real results'!D8),2,0),0),0),0) -> 0
B10: GA-M3: Czech Rep. vs South Africa | C10: =IFERROR(IF(AND(ISNUMBER('Real results'!C9),ISNUMBER('Real results'!D9),ISNUMBER('Raw data'!C9),ISNUMBER('Raw data'!D9)),IF(SIGN('Raw data'!C9-'Raw data'!D9)=SIGN('Real results'!C9-'Real results'!D9),2+IF(AND('Raw data'!C9='Real results'!C9,'Raw data'!D9='Real results'!D9),2,0),0),0),0) -> 0 | E10: =IFERROR(IF(AND(ISNUMBER('Real results'!C9),ISNUMBER('Real results'!D9),ISNUMBER('Raw data'!E9),ISNUMBER('Raw data'!F9)),IF(SIGN('Raw data'!E9-'Raw data'!F9)=SIGN('Real results'!C9-'Real results'!D9),2+IF(AND('Raw data'!E9='Real results'!C9,'Raw data'!F9='Real results'!D9),2,0),0),0),0) -> 0 | G10: =IFERROR(IF(AND(ISNUMBER('Real results'!C9),ISNUMBER('Real results'!D9),ISNUMBER('Raw data'!G9),ISNUMBER('Raw data'!H9)),IF(SIGN('Raw data'!G9-'Raw data'!H9)=SIGN('Real results'!C9-'Real results'!D9),2+IF(AND('Raw data'!G9='Real results'!C9,'Raw data'!H9='Real results'!D9),2,0),0),0),0) -> 0 | I10: =IFERROR(IF(AND(ISNUMBER('Real results'!C9),ISNUMBER('Real results'!D9),ISNUMBER('Raw data'!I9),ISNUMBER('Raw data'!J9)),IF(SIGN('Raw data'!I9-'Raw data'!J9)=SIGN('Real results'!C9-'Real results'!D9),2+IF(AND('Raw data'!I9='Real results'!C9,'Raw data'!J9='Real results'!D9),2,0),0),0),0) -> 0 | K10: =IFERROR(IF(AND(ISNUMBER('Real results'!C9),ISNUMBER('Real results'!D9),ISNUMBER('Raw data'!K9),ISNUMBER('Raw data'!L9)),IF(SIGN('Raw data'!K9-'Raw data'!L9)=SIGN('Real results'!C9-'Real results'!D9),2+IF(AND('Raw data'!K9='Real results'!C9,'Raw data'!L9='Real results'!D9),2,0),0),0),0) -> 0 | M10: =IFERROR(IF(AND(ISNUMBER('Real results'!C9),ISNUMBER('Real results'!D9),ISNUMBER('Raw data'!M9),ISNUMBER('Raw data'!N9)),IF(SIGN('Raw data'!M9-'Raw data'!N9)=SIGN('Real results'!C9-'Real results'!D9),2+IF(AND('Raw data'!M9='Real results'!C9,'Raw data'!N9='Real results'!D9),2,0),0),0),0) -> 0 | O10: =IFERROR(IF(AND(ISNUMBER('Real results'!C9),ISNUMBER('Real results'!D9),ISNUMBER('Raw data'!O9),ISNUMBER('Raw data'!P9)),IF(SIGN('Raw data'!O9-'Raw data'!P9)=SIGN('Real results'!C9-'Real results'!D9),2+IF(AND('Raw data'!O9='Real results'!C9,'Raw data'!P9='Real results'!D9),2,0),0),0),0) -> 0 | Q10: =IFERROR(IF(AND(ISNUMBER('Real results'!C9),ISNUMBER('Real results'!D9),ISNUMBER('Raw data'!Q9),ISNUMBER('Raw data'!R9)),IF(SIGN('Raw data'!Q9-'Raw data'!R9)=SIGN('Real results'!C9-'Real results'!D9),2+IF(AND('Raw data'!Q9='Real results'!C9,'Raw data'!R9='Real results'!D9),2,0),0),0),0) -> 0 | S10: =IFERROR(IF(AND(ISNUMBER('Real results'!C9),ISNUMBER('Real results'!D9),ISNUMBER('Raw data'!S9),ISNUMBER('Raw data'!T9)),IF(SIGN('Raw data'!S9-'Raw data'!T9)=SIGN('Real results'!C9-'Real results'!D9),2+IF(AND('Raw data'!S9='Real results'!C9,'Raw data'!T9='Real results'!D9),2,0),0),0),0) -> 0 | U10: =IFERROR(IF(AND(ISNUMBER('Real results'!C9),ISNUMBER('Real results'!D9),ISNUMBER('Raw data'!U9),ISNUMBER('Raw data'!V9)),IF(SIGN('Raw data'!U9-'Raw data'!V9)=SIGN('Real results'!C9-'Real results'!D9),2+IF(AND('Raw data'!U9='Real results'!C9,'Raw data'!V9='Real results'!D9),2,0),0),0),0) -> 0 | W10: =IFERROR(IF(AND(ISNUMBER('Real results'!C9),ISNUMBER('Real results'!D9),ISNUMBER('Raw data'!W9),ISNUMBER('Raw data'!X9)),IF(SIGN('Raw data'!W9-'Raw data'!X9)=SIGN('Real results'!C9-'Real results'!D9),2+IF(AND('Raw data'!W9='Real results'!C9,'Raw data'!X9='Real results'!D9),2,0),0),0),0) -> 0 | Y10: =IFERROR(IF(AND(ISNUMBER('Real results'!C9),ISNUMBER('Real results'!D9),ISNUMBER('Raw data'!Y9),ISNUMBER('Raw data'!Z9)),IF(SIGN('Raw data'!Y9-'Raw data'!Z9)=SIGN('Real results'!C9-'Real results'!D9),2+IF(AND('Raw data'!Y9='Real results'!C9,'Raw data'!Z9='Real results'!D9),2,0),0),0),0) -> 0 | AA10: =IFERROR(IF(AND(ISNUMBER('Real results'!C9),ISNUMBER('Real results'!D9),ISNUMBER('Raw data'!AA9),ISNUMBER('Raw data'!AB9)),IF(SIGN('Raw data'!AA9-'Raw data'!AB9)=SIGN('Real results'!C9-'Real results'!D9),2+IF(AND('Raw data'!AA9='Real results'!C9,'Raw data'!AB9='Real results'!D9),2,0),0),0),0) -> 0 | AC10: =IFERROR(IF(AND(ISNUMBER('Real results'!C9),ISNUMBER('Real results'!D9),ISNUMBER('Raw data'!AC9),ISNUMBER('Raw data'!AD9)),IF(SIGN('Raw data'!AC9-'Raw data'!AD9)=SIGN('Real results'!C9-'Real results'!D9),2+IF(AND('Raw data'!AC9='Real results'!C9,'Raw data'!AD9='Real results'!D9),2,0),0),0),0) -> 0 | AE10: =IFERROR(IF(AND(ISNUMBER('Real results'!C9),ISNUMBER('Real results'!D9),ISNUMBER('Raw data'!AE9),ISNUMBER('Raw data'!AF9)),IF(SIGN('Raw data'!AE9-'Raw data'!AF9)=SIGN('Real results'!C9-'Real results'!D9),2+IF(AND('Raw data'!AE9='Real results'!C9,'Raw data'!AF9='Real results'!D9),2,0),0),0),0) -> 0 | AG10: =IFERROR(IF(AND(ISNUMBER('Real results'!C9),ISNUMBER('Real results'!D9),ISNUMBER('Raw data'!AG9),ISNUMBER('Raw data'!AH9)),IF(SIGN('Raw data'!AG9-'Raw data'!AH9)=SIGN('Real results'!C9-'Real results'!D9),2+IF(AND('Raw data'!AG9='Real results'!C9,'Raw data'!AH9='Real results'!D9),2,0),0),0),0) -> 0 | AI10: =IFERROR(IF(AND(ISNUMBER('Real results'!C9),ISNUMBER('Real results'!D9),ISNUMBER('Raw data'!AI9),ISNUMBER('Raw data'!AJ9)),IF(SIGN('Raw data'!AI9-'Raw data'!AJ9)=SIGN('Real results'!C9-'Real results'!D9),2+IF(AND('Raw data'!AI9='Real results'!C9,'Raw data'!AJ9='Real results'!D9),2,0),0),0),0) -> 0 | AK10: =IFERROR(IF(AND(ISNUMBER('Real results'!C9),ISNUMBER('Real results'!D9),ISNUMBER('Raw data'!AK9),ISNUMBER('Raw data'!AL9)),IF(SIGN('Raw data'!AK9-'Raw data'!AL9)=SIGN('Real results'!C9-'Real results'!D9),2+IF(AND('Raw data'!AK9='Real results'!C9,'Raw data'!AL9='Real results'!D9),2,0),0),0),0) -> 0 | AM10: =IFERROR(IF(AND(ISNUMBER('Real results'!C9),ISNUMBER('Real results'!D9),ISNUMBER('Raw data'!AM9),ISNUMBER('Raw data'!AN9)),IF(SIGN('Raw data'!AM9-'Raw data'!AN9)=SIGN('Real results'!C9-'Real results'!D9),2+IF(AND('Raw data'!AM9='Real results'!C9,'Raw data'!AN9='Real results'!D9),2,0),0),0),0) -> 0 | AO10: =IFERROR(IF(AND(ISNUMBER('Real results'!C9),ISNUMBER('Real results'!D9),ISNUMBER('Raw data'!AO9),ISNUMBER('Raw data'!AP9)),IF(SIGN('Raw data'!AO9-'Raw data'!AP9)=SIGN('Real results'!C9-'Real results'!D9),2+IF(AND('Raw data'!AO9='Real results'!C9,'Raw data'!AP9='Real results'!D9),2,0),0),0),0) -> 0 | AQ10: =IFERROR(IF(AND(ISNUMBER('Real results'!C9),ISNUMBER('Real results'!D9),ISNUMBER('Raw data'!AQ9),ISNUMBER('Raw data'!AR9)),IF(SIGN('Raw data'!AQ9-'Raw data'!AR9)=SIGN('Real results'!C9-'Real results'!D9),2+IF(AND('Raw data'!AQ9='Real results'!C9,'Raw data'!AR9='Real results'!D9),2,0),0),0),0) -> 0 | AS10: =IFERROR(IF(AND(ISNUMBER('Real results'!C9),ISNUMBER('Real results'!D9),ISNUMBER('Raw data'!AS9),ISNUMBER('Raw data'!AT9)),IF(SIGN('Raw data'!AS9-'Raw data'!AT9)=SIGN('Real results'!C9-'Real results'!D9),2+IF(AND('Raw data'!AS9='Real results'!C9,'Raw data'!AT9='Real results'!D9),2,0),0),0),0) -> 0 | AU10: =IFERROR(IF(AND(ISNUMBER('Real results'!C9),ISNUMBER('Real results'!D9),ISNUMBER('Raw data'!AU9),ISNUMBER('Raw data'!AV9)),IF(SIGN('Raw data'!AU9-'Raw data'!AV9)=SIGN('Real results'!C9-'Real results'!D9),2+IF(AND('Raw data'!AU9='Real results'!C9,'Raw data'!AV9='Real results'!D9),2,0),0),0),0) -> 0 | AW10: =IFERROR(IF(AND(ISNUMBER('Real results'!C9),ISNUMBER('Real results'!D9),ISNUMBER('Raw data'!AW9),ISNUMBER('Raw data'!AX9)),IF(SIGN('Raw data'!AW9-'Raw data'!AX9)=SIGN('Real results'!C9-'Real results'!D9),2+IF(AND('Raw data'!AW9='Real results'!C9,'Raw data'!AX9='Real results'!D9),2,0),0),0),0) -> 0 | AY10: =IFERROR(IF(AND(ISNUMBER('Real results'!C9),ISNUMBER('Real results'!D9),ISNUMBER('Raw data'!AY9),ISNUMBER('Raw data'!AZ9)),IF(SIGN('Raw data'!AY9-'Raw data'!AZ9)=SIGN('Real results'!C9-'Real results'!D9),2+IF(AND('Raw data'!AY9='Real results'!C9,'Raw data'!AZ9='Real results'!D9),2,0),0),0),0) -> 0 | BA10: =IFERROR(IF(AND(ISNUMBER('Real results'!C9),ISNUMBER('Real results'!D9),ISNUMBER('Raw data'!BA9),ISNUMBER('Raw data'!BB9)),IF(SIGN('Raw data'!BA9-'Raw data'!BB9)=SIGN('Real results'!C9-'Real results'!D9),2+IF(AND('Raw data'!BA9='Real results'!C9,'Raw data'!BB9='Real results'!D9),2,0),0),0),0) -> 0 | BC10: =IFERROR(IF(AND(ISNUMBER('Real results'!C9),ISNUMBER('Real results'!D9),ISNUMBER('Raw data'!BC9),ISNUMBER('Raw data'!BD9)),IF(SIGN('Raw data'!BC9-'Raw data'!BD9)=SIGN('Real results'!C9-'Real results'!D9),2+IF(AND('Raw data'!BC9='Real results'!C9,'Raw data'!BD9='Real results'!D9),2,0),0),0),0) -> 0 | BE10: =IFERROR(IF(AND(ISNUMBER('Real results'!C9),ISNUMBER('Real results'!D9),ISNUMBER('Raw data'!BE9),ISNUMBER('Raw data'!BF9)),IF(SIGN('Raw data'!BE9-'Raw data'!BF9)=SIGN('Real results'!C9-'Real results'!D9),2+IF(AND('Raw data'!BE9='Real results'!C9,'Raw data'!BF9='Real results'!D9),2,0),0),0),0) -> 0 | BG10: =IFERROR(IF(AND(ISNUMBER('Real results'!C9),ISNUMBER('Real results'!D9),ISNUMBER('Raw data'!BG9),ISNUMBER('Raw data'!BH9)),IF(SIGN('Raw data'!BG9-'Raw data'!BH9)=SIGN('Real results'!C9-'Real results'!D9),2+IF(AND('Raw data'!BG9='Real results'!C9,'Raw data'!BH9='Real results'!D9),2,0),0),0),0) -> 0 | BI10: =IFERROR(IF(AND(ISNUMBER('Real results'!C9),ISNUMBER('Real results'!D9),ISNUMBER('Raw data'!BI9),ISNUMBER('Raw data'!BJ9)),IF(SIGN('Raw data'!BI9-'Raw data'!BJ9)=SIGN('Real results'!C9-'Real results'!D9),2+IF(AND('Raw data'!BI9='Real results'!C9,'Raw data'!BJ9='Real results'!D9),2,0),0),0),0) -> 0
B11: GA-M4: Mexico vs South Korea | C11: =IFERROR(IF(AND(ISNUMBER('Real results'!C10),ISNUMBER('Real results'!D10),ISNUMBER('Raw data'!C10),ISNUMBER('Raw data'!D10)),IF(SIGN('Raw data'!C10-'Raw data'!D10)=SIGN('Real results'!C10-'Real results'!D10),2+IF(AND('Raw data'!C10='Real results'!C10,'Raw data'!D10='Real results'!D10),2,0),0),0),0) -> 0 | E11: =IFERROR(IF(AND(ISNUMBER('Real results'!C10),ISNUMBER('Real results'!D10),ISNUMBER('Raw data'!E10),ISNUMBER('Raw data'!F10)),IF(SIGN('Raw data'!E10-'Raw data'!F10)=SIGN('Real results'!C10-'Real results'!D10),2+IF(AND('Raw data'!E10='Real results'!C10,'Raw data'!F10='Real results'!D10),2,0),0),0),0) -> 0 | G11: =IFERROR(IF(AND(ISNUMBER('Real results'!C10),ISNUMBER('Real results'!D10),ISNUMBER('Raw data'!G10),ISNUMBER('Raw data'!H10)),IF(SIGN('Raw data'!G10-'Raw data'!H10)=SIGN('Real results'!C10-'Real results'!D10),2+IF(AND('Raw data'!G10='Real results'!C10,'Raw data'!H10='Real results'!D10),2,0),0),0),0) -> 0 | I11: =IFERROR(IF(AND(ISNUMBER('Real results'!C10),ISNUMBER('Real results'!D10),ISNUMBER('Raw data'!I10),ISNUMBER('Raw data'!J10)),IF(SIGN('Raw data'!I10-'Raw data'!J10)=SIGN('Real results'!C10-'Real results'!D10),2+IF(AND('Raw data'!I10='Real results'!C10,'Raw data'!J10='Real results'!D10),2,0),0),0),0) -> 0 | K11: =IFERROR(IF(AND(ISNUMBER('Real results'!C10),ISNUMBER('Real results'!D10),ISNUMBER('Raw data'!K10),ISNUMBER('Raw data'!L10)),IF(SIGN('Raw data'!K10-'Raw data'!L10)=SIGN('Real results'!C10-'Real results'!D10),2+IF(AND('Raw data'!K10='Real results'!C10,'Raw data'!L10='Real results'!D10),2,0),0),0),0) -> 0 | M11: =IFERROR(IF(AND(ISNUMBER('Real results'!C10),ISNUMBER('Real results'!D10),ISNUMBER('Raw data'!M10),ISNUMBER('Raw data'!N10)),IF(SIGN('Raw data'!M10-'Raw data'!N10)=SIGN('Real results'!C10-'Real results'!D10),2+IF(AND('Raw data'!M10='Real results'!C10,'Raw data'!N10='Real results'!D10),2,0),0),0),0) -> 0 | O11: =IFERROR(IF(AND(ISNUMBER('Real results'!C10),ISNUMBER('Real results'!D10),ISNUMBER('Raw data'!O10),ISNUMBER('Raw data'!P10)),IF(SIGN('Raw data'!O10-'Raw data'!P10)=SIGN('Real results'!C10-'Real results'!D10),2+IF(AND('Raw data'!O10='Real results'!C10,'Raw data'!P10='Real results'!D10),2,0),0),0),0) -> 0 | Q11: =IFERROR(IF(AND(ISNUMBER('Real results'!C10),ISNUMBER('Real results'!D10),ISNUMBER('Raw data'!Q10),ISNUMBER('Raw data'!R10)),IF(SIGN('Raw data'!Q10-'Raw data'!R10)=SIGN('Real results'!C10-'Real results'!D10),2+IF(AND('Raw data'!Q10='Real results'!C10,'Raw data'!R10='Real results'!D10),2,0),0),0),0) -> 0 | S11: =IFERROR(IF(AND(ISNUMBER('Real results'!C10),ISNUMBER('Real results'!D10),ISNUMBER('Raw data'!S10),ISNUMBER('Raw data'!T10)),IF(SIGN('Raw data'!S10-'Raw data'!T10)=SIGN('Real results'!C10-'Real results'!D10),2+IF(AND('Raw data'!S10='Real results'!C10,'Raw data'!T10='Real results'!D10),2,0),0),0),0) -> 0 | U11: =IFERROR(IF(AND(ISNUMBER('Real results'!C10),ISNUMBER('Real results'!D10),ISNUMBER('Raw data'!U10),ISNUMBER('Raw data'!V10)),IF(SIGN('Raw data'!U10-'Raw data'!V10)=SIGN('Real results'!C10-'Real results'!D10),2+IF(AND('Raw data'!U10='Real results'!C10,'Raw data'!V10='Real results'!D10),2,0),0),0),0) -> 0 | W11: =IFERROR(IF(AND(ISNUMBER('Real results'!C10),ISNUMBER('Real results'!D10),ISNUMBER('Raw data'!W10),ISNUMBER('Raw data'!X10)),IF(SIGN('Raw data'!W10-'Raw data'!X10)=SIGN('Real results'!C10-'Real results'!D10),2+IF(AND('Raw data'!W10='Real results'!C10,'Raw data'!X10='Real results'!D10),2,0),0),0),0) -> 0 | Y11: =IFERROR(IF(AND(ISNUMBER('Real results'!C10),ISNUMBER('Real results'!D10),ISNUMBER('Raw data'!Y10),ISNUMBER('Raw data'!Z10)),IF(SIGN('Raw data'!Y10-'Raw data'!Z10)=SIGN('Real results'!C10-'Real results'!D10),2+IF(AND('Raw data'!Y10='Real results'!C10,'Raw data'!Z10='Real results'!D10),2,0),0),0),0) -> 0 | AA11: =IFERROR(IF(AND(ISNUMBER('Real results'!C10),ISNUMBER('Real results'!D10),ISNUMBER('Raw data'!AA10),ISNUMBER('Raw data'!AB10)),IF(SIGN('Raw data'!AA10-'Raw data'!AB10)=SIGN('Real results'!C10-'Real results'!D10),2+IF(AND('Raw data'!AA10='Real results'!C10,'Raw data'!AB10='Real results'!D10),2,0),0),0),0) -> 0 | AC11: =IFERROR(IF(AND(ISNUMBER('Real results'!C10),ISNUMBER('Real results'!D10),ISNUMBER('Raw data'!AC10),ISNUMBER('Raw data'!AD10)),IF(SIGN('Raw data'!AC10-'Raw data'!AD10)=SIGN('Real results'!C10-'Real results'!D10),2+IF(AND('Raw data'!AC10='Real results'!C10,'Raw data'!AD10='Real results'!D10),2,0),0),0),0) -> 0 | AE11: =IFERROR(IF(AND(ISNUMBER('Real results'!C10),ISNUMBER('Real results'!D10),ISNUMBER('Raw data'!AE10),ISNUMBER('Raw data'!AF10)),IF(SIGN('Raw data'!AE10-'Raw data'!AF10)=SIGN('Real results'!C10-'Real results'!D10),2+IF(AND('Raw data'!AE10='Real results'!C10,'Raw data'!AF10='Real results'!D10),2,0),0),0),0) -> 0 | AG11: =IFERROR(IF(AND(ISNUMBER('Real results'!C10),ISNUMBER('Real results'!D10),ISNUMBER('Raw data'!AG10),ISNUMBER('Raw data'!AH10)),IF(SIGN('Raw data'!AG10-'Raw data'!AH10)=SIGN('Real results'!C10-'Real results'!D10),2+IF(AND('Raw data'!AG10='Real results'!C10,'Raw data'!AH10='Real results'!D10),2,0),0),0),0) -> 0 | AI11: =IFERROR(IF(AND(ISNUMBER('Real results'!C10),ISNUMBER('Real results'!D10),ISNUMBER('Raw data'!AI10),ISNUMBER('Raw data'!AJ10)),IF(SIGN('Raw data'!AI10-'Raw data'!AJ10)=SIGN('Real results'!C10-'Real results'!D10),2+IF(AND('Raw data'!AI10='Real results'!C10,'Raw data'!AJ10='Real results'!D10),2,0),0),0),0) -> 0 | AK11: =IFERROR(IF(AND(ISNUMBER('Real results'!C10),ISNUMBER('Real results'!D10),ISNUMBER('Raw data'!AK10),ISNUMBER('Raw data'!AL10)),IF(SIGN('Raw data'!AK10-'Raw data'!AL10)=SIGN('Real results'!C10-'Real results'!D10),2+IF(AND('Raw data'!AK10='Real results'!C10,'Raw data'!AL10='Real results'!D10),2,0),0),0),0) -> 0 | AM11: =IFERROR(IF(AND(ISNUMBER('Real results'!C10),ISNUMBER('Real results'!D10),ISNUMBER('Raw data'!AM10),ISNUMBER('Raw data'!AN10)),IF(SIGN('Raw data'!AM10-'Raw data'!AN10)=SIGN('Real results'!C10-'Real results'!D10),2+IF(AND('Raw data'!AM10='Real results'!C10,'Raw data'!AN10='Real results'!D10),2,0),0),0),0) -> 0 | AO11: =IFERROR(IF(AND(ISNUMBER('Real results'!C10),ISNUMBER('Real results'!D10),ISNUMBER('Raw data'!AO10),ISNUMBER('Raw data'!AP10)),IF(SIGN('Raw data'!AO10-'Raw data'!AP10)=SIGN('Real results'!C10-'Real results'!D10),2+IF(AND('Raw data'!AO10='Real results'!C10,'Raw data'!AP10='Real results'!D10),2,0),0),0),0) -> 0 | AQ11: =IFERROR(IF(AND(ISNUMBER('Real results'!C10),ISNUMBER('Real results'!D10),ISNUMBER('Raw data'!AQ10),ISNUMBER('Raw data'!AR10)),IF(SIGN('Raw data'!AQ10-'Raw data'!AR10)=SIGN('Real results'!C10-'Real results'!D10),2+IF(AND('Raw data'!AQ10='Real results'!C10,'Raw data'!AR10='Real results'!D10),2,0),0),0),0) -> 0 | AS11: =IFERROR(IF(AND(ISNUMBER('Real results'!C10),ISNUMBER('Real results'!D10),ISNUMBER('Raw data'!AS10),ISNUMBER('Raw data'!AT10)),IF(SIGN('Raw data'!AS10-'Raw data'!AT10)=SIGN('Real results'!C10-'Real results'!D10),2+IF(AND('Raw data'!AS10='Real results'!C10,'Raw data'!AT10='Real results'!D10),2,0),0),0),0) -> 0 | AU11: =IFERROR(IF(AND(ISNUMBER('Real results'!C10),ISNUMBER('Real results'!D10),ISNUMBER('Raw data'!AU10),ISNUMBER('Raw data'!AV10)),IF(SIGN('Raw data'!AU10-'Raw data'!AV10)=SIGN('Real results'!C10-'Real results'!D10),2+IF(AND('Raw data'!AU10='Real results'!C10,'Raw data'!AV10='Real results'!D10),2,0),0),0),0) -> 0 | AW11: =IFERROR(IF(AND(ISNUMBER('Real results'!C10),ISNUMBER('Real results'!D10),ISNUMBER('Raw data'!AW10),ISNUMBER('Raw data'!AX10)),IF(SIGN('Raw data'!AW10-'Raw data'!AX10)=SIGN('Real results'!C10-'Real results'!D10),2+IF(AND('Raw data'!AW10='Real results'!C10,'Raw data'!AX10='Real results'!D10),2,0),0),0),0) -> 0 | AY11: =IFERROR(IF(AND(ISNUMBER('Real results'!C10),ISNUMBER('Real results'!D10),ISNUMBER('Raw data'!AY10),ISNUMBER('Raw data'!AZ10)),IF(SIGN('Raw data'!AY10-'Raw data'!AZ10)=SIGN('Real results'!C10-'Real results'!D10),2+IF(AND('Raw data'!AY10='Real results'!C10,'Raw data'!AZ10='Real results'!D10),2,0),0),0),0) -> 0 | BA11: =IFERROR(IF(AND(ISNUMBER('Real results'!C10),ISNUMBER('Real results'!D10),ISNUMBER('Raw data'!BA10),ISNUMBER('Raw data'!BB10)),IF(SIGN('Raw data'!BA10-'Raw data'!BB10)=SIGN('Real results'!C10-'Real results'!D10),2+IF(AND('Raw data'!BA10='Real results'!C10,'Raw data'!BB10='Real results'!D10),2,0),0),0),0) -> 0 | BC11: =IFERROR(IF(AND(ISNUMBER('Real results'!C10),ISNUMBER('Real results'!D10),ISNUMBER('Raw data'!BC10),ISNUMBER('Raw data'!BD10)),IF(SIGN('Raw data'!BC10-'Raw data'!BD10)=SIGN('Real results'!C10-'Real results'!D10),2+IF(AND('Raw data'!BC10='Real results'!C10,'Raw data'!BD10='Real results'!D10),2,0),0),0),0) -> 0 | BE11: =IFERROR(IF(AND(ISNUMBER('Real results'!C10),ISNUMBER('Real results'!D10),ISNUMBER('Raw data'!BE10),ISNUMBER('Raw data'!BF10)),IF(SIGN('Raw data'!BE10-'Raw data'!BF10)=SIGN('Real results'!C10-'Real results'!D10),2+IF(AND('Raw data'!BE10='Real results'!C10,'Raw data'!BF10='Real results'!D10),2,0),0),0),0) -> 0 | BG11: =IFERROR(IF(AND(ISNUMBER('Real results'!C10),ISNUMBER('Real results'!D10),ISNUMBER('Raw data'!BG10),ISNUMBER('Raw data'!BH10)),IF(SIGN('Raw data'!BG10-'Raw data'!BH10)=SIGN('Real results'!C10-'Real results'!D10),2+IF(AND('Raw data'!BG10='Real results'!C10,'Raw data'!BH10='Real results'!D10),2,0),0),0),0) -> 0 | BI11: =IFERROR(IF(AND(ISNUMBER('Real results'!C10),ISNUMBER('Real results'!D10),ISNUMBER('Raw data'!BI10),ISNUMBER('Raw data'!BJ10)),IF(SIGN('Raw data'!BI10-'Raw data'!BJ10)=SIGN('Real results'!C10-'Real results'!D10),2+IF(AND('Raw data'!BI10='Real results'!C10,'Raw data'!BJ10='Real results'!D10),2,0),0),0),0) -> 0
B12: GA-M5: Czech Rep. vs Mexico | C12: =IFERROR(IF(AND(ISNUMBER('Real results'!C11),ISNUMBER('Real results'!D11),ISNUMBER('Raw data'!C11),ISNUMBER('Raw data'!D11)),IF(SIGN('Raw data'!C11-'Raw data'!D11)=SIGN('Real results'!C11-'Real results'!D11),2+IF(AND('Raw data'!C11='Real results'!C11,'Raw data'!D11='Real results'!D11),2,0),0),0),0) -> 0 | E12: =IFERROR(IF(AND(ISNUMBER('Real results'!C11),ISNUMBER('Real results'!D11),ISNUMBER('Raw data'!E11),ISNUMBER('Raw data'!F11)),IF(SIGN('Raw data'!E11-'Raw data'!F11)=SIGN('Real results'!C11-'Real results'!D11),2+IF(AND('Raw data'!E11='Real results'!C11,'Raw data'!F11='Real results'!D11),2,0),0),0),0) -> 0 | G12: =IFERROR(IF(AND(ISNUMBER('Real results'!C11),ISNUMBER('Real results'!D11),ISNUMBER('Raw data'!G11),ISNUMBER('Raw data'!H11)),IF(SIGN('Raw data'!G11-'Raw data'!H11)=SIGN('Real results'!C11-'Real results'!D11),2+IF(AND('Raw data'!G11='Real results'!C11,'Raw data'!H11='Real results'!D11),2,0),0),0),0) -> 0 | I12: =IFERROR(IF(AND(ISNUMBER('Real results'!C11),ISNUMBER('Real results'!D11),ISNUMBER('Raw data'!I11),ISNUMBER('Raw data'!J11)),IF(SIGN('Raw data'!I11-'Raw data'!J11)=SIGN('Real results'!C11-'Real results'!D11),2+IF(AND('Raw data'!I11='Real results'!C11,'Raw data'!J11='Real results'!D11),2,0),0),0),0) -> 0 | K12: =IFERROR(IF(AND(ISNUMBER('Real results'!C11),ISNUMBER('Real results'!D11),ISNUMBER('Raw data'!K11),ISNUMBER('Raw data'!L11)),IF(SIGN('Raw data'!K11-'Raw data'!L11)=SIGN('Real results'!C11-'Real results'!D11),2+IF(AND('Raw data'!K11='Real results'!C11,'Raw data'!L11='Real results'!D11),2,0),0),0),0) -> 0 | M12: =IFERROR(IF(AND(ISNUMBER('Real results'!C11),ISNUMBER('Real results'!D11),ISNUMBER('Raw data'!M11),ISNUMBER('Raw data'!N11)),IF(SIGN('Raw data'!M11-'Raw data'!N11)=SIGN('Real results'!C11-'Real results'!D11),2+IF(AND('Raw data'!M11='Real results'!C11,'Raw data'!N11='Real results'!D11),2,0),0),0),0) -> 0 | O12: =IFERROR(IF(AND(ISNUMBER('Real results'!C11),ISNUMBER('Real results'!D11),ISNUMBER('Raw data'!O11),ISNUMBER('Raw data'!P11)),IF(SIGN('Raw data'!O11-'Raw data'!P11)=SIGN('Real results'!C11-'Real results'!D11),2+IF(AND('Raw data'!O11='Real results'!C11,'Raw data'!P11='Real results'!D11),2,0),0),0),0) -> 0 | Q12: =IFERROR(IF(AND(ISNUMBER('Real results'!C11),ISNUMBER('Real results'!D11),ISNUMBER('Raw data'!Q11),ISNUMBER('Raw data'!R11)),IF(SIGN('Raw data'!Q11-'Raw data'!R11)=SIGN('Real results'!C11-'Real results'!D11),2+IF(AND('Raw data'!Q11='Real results'!C11,'Raw data'!R11='Real results'!D11),2,0),0),0),0) -> 0 | S12: =IFERROR(IF(AND(ISNUMBER('Real results'!C11),ISNUMBER('Real results'!D11),ISNUMBER('Raw data'!S11),ISNUMBER('Raw data'!T11)),IF(SIGN('Raw data'!S11-'Raw data'!T11)=SIGN('Real results'!C11-'Real results'!D11),2+IF(AND('Raw data'!S11='Real results'!C11,'Raw data'!T11='Real results'!D11),2,0),0),0),0) -> 0 | U12: =IFERROR(IF(AND(ISNUMBER('Real results'!C11),ISNUMBER('Real results'!D11),ISNUMBER('Raw data'!U11),ISNUMBER('Raw data'!V11)),IF(SIGN('Raw data'!U11-'Raw data'!V11)=SIGN('Real results'!C11-'Real results'!D11),2+IF(AND('Raw data'!U11='Real results'!C11,'Raw data'!V11='Real results'!D11),2,0),0),0),0) -> 0 | W12: =IFERROR(IF(AND(ISNUMBER('Real results'!C11),ISNUMBER('Real results'!D11),ISNUMBER('Raw data'!W11),ISNUMBER('Raw data'!X11)),IF(SIGN('Raw data'!W11-'Raw data'!X11)=SIGN('Real results'!C11-'Real results'!D11),2+IF(AND('Raw data'!W11='Real results'!C11,'Raw data'!X11='Real results'!D11),2,0),0),0),0) -> 0 | Y12: =IFERROR(IF(AND(ISNUMBER('Real results'!C11),ISNUMBER('Real results'!D11),ISNUMBER('Raw data'!Y11),ISNUMBER('Raw data'!Z11)),IF(SIGN('Raw data'!Y11-'Raw data'!Z11)=SIGN('Real results'!C11-'Real results'!D11),2+IF(AND('Raw data'!Y11='Real results'!C11,'Raw data'!Z11='Real results'!D11),2,0),0),0),0) -> 0 | AA12: =IFERROR(IF(AND(ISNUMBER('Real results'!C11),ISNUMBER('Real results'!D11),ISNUMBER('Raw data'!AA11),ISNUMBER('Raw data'!AB11)),IF(SIGN('Raw data'!AA11-'Raw data'!AB11)=SIGN('Real results'!C11-'Real results'!D11),2+IF(AND('Raw data'!AA11='Real results'!C11,'Raw data'!AB11='Real results'!D11),2,0),0),0),0) -> 0 | AC12: =IFERROR(IF(AND(ISNUMBER('Real results'!C11),ISNUMBER('Real results'!D11),ISNUMBER('Raw data'!AC11),ISNUMBER('Raw data'!AD11)),IF(SIGN('Raw data'!AC11-'Raw data'!AD11)=SIGN('Real results'!C11-'Real results'!D11),2+IF(AND('Raw data'!AC11='Real results'!C11,'Raw data'!AD11='Real results'!D11),2,0),0),0),0) -> 0 | AE12: =IFERROR(IF(AND(ISNUMBER('Real results'!C11),ISNUMBER('Real results'!D11),ISNUMBER('Raw data'!AE11),ISNUMBER('Raw data'!AF11)),IF(SIGN('Raw data'!AE11-'Raw data'!AF11)=SIGN('Real results'!C11-'Real results'!D11),2+IF(AND('Raw data'!AE11='Real results'!C11,'Raw data'!AF11='Real results'!D11),2,0),0),0),0) -> 0 | AG12: =IFERROR(IF(AND(ISNUMBER('Real results'!C11),ISNUMBER('Real results'!D11),ISNUMBER('Raw data'!AG11),ISNUMBER('Raw data'!AH11)),IF(SIGN('Raw data'!AG11-'Raw data'!AH11)=SIGN('Real results'!C11-'Real results'!D11),2+IF(AND('Raw data'!AG11='Real results'!C11,'Raw data'!AH11='Real results'!D11),2,0),0),0),0) -> 0 | AI12: =IFERROR(IF(AND(ISNUMBER('Real results'!C11),ISNUMBER('Real results'!D11),ISNUMBER('Raw data'!AI11),ISNUMBER('Raw data'!AJ11)),IF(SIGN('Raw data'!AI11-'Raw data'!AJ11)=SIGN('Real results'!C11-'Real results'!D11),2+IF(AND('Raw data'!AI11='Real results'!C11,'Raw data'!AJ11='Real results'!D11),2,0),0),0),0) -> 0 | AK12: =IFERROR(IF(AND(ISNUMBER('Real results'!C11),ISNUMBER('Real results'!D11),ISNUMBER('Raw data'!AK11),ISNUMBER('Raw data'!AL11)),IF(SIGN('Raw data'!AK11-'Raw data'!AL11)=SIGN('Real results'!C11-'Real results'!D11),2+IF(AND('Raw data'!AK11='Real results'!C11,'Raw data'!AL11='Real results'!D11),2,0),0),0),0) -> 0 | AM12: =IFERROR(IF(AND(ISNUMBER('Real results'!C11),ISNUMBER('Real results'!D11),ISNUMBER('Raw data'!AM11),ISNUMBER('Raw data'!AN11)),IF(SIGN('Raw data'!AM11-'Raw data'!AN11)=SIGN('Real results'!C11-'Real results'!D11),2+IF(AND('Raw data'!AM11='Real results'!C11,'Raw data'!AN11='Real results'!D11),2,0),0),0),0) -> 0 | AO12: =IFERROR(IF(AND(ISNUMBER('Real results'!C11),ISNUMBER('Real results'!D11),ISNUMBER('Raw data'!AO11),ISNUMBER('Raw data'!AP11)),IF(SIGN('Raw data'!AO11-'Raw data'!AP11)=SIGN('Real results'!C11-'Real results'!D11),2+IF(AND('Raw data'!AO11='Real results'!C11,'Raw data'!AP11='Real results'!D11),2,0),0),0),0) -> 0 | AQ12: =IFERROR(IF(AND(ISNUMBER('Real results'!C11),ISNUMBER('Real results'!D11),ISNUMBER('Raw data'!AQ11),ISNUMBER('Raw data'!AR11)),IF(SIGN('Raw data'!AQ11-'Raw data'!AR11)=SIGN('Real results'!C11-'Real results'!D11),2+IF(AND('Raw data'!AQ11='Real results'!C11,'Raw data'!AR11='Real results'!D11),2,0),0),0),0) -> 0 | AS12: =IFERROR(IF(AND(ISNUMBER('Real results'!C11),ISNUMBER('Real results'!D11),ISNUMBER('Raw data'!AS11),ISNUMBER('Raw data'!AT11)),IF(SIGN('Raw data'!AS11-'Raw data'!AT11)=SIGN('Real results'!C11-'Real results'!D11),2+IF(AND('Raw data'!AS11='Real results'!C11,'Raw data'!AT11='Real results'!D11),2,0),0),0),0) -> 0 | AU12: =IFERROR(IF(AND(ISNUMBER('Real results'!C11),ISNUMBER('Real results'!D11),ISNUMBER('Raw data'!AU11),ISNUMBER('Raw data'!AV11)),IF(SIGN('Raw data'!AU11-'Raw data'!AV11)=SIGN('Real results'!C11-'Real results'!D11),2+IF(AND('Raw data'!AU11='Real results'!C11,'Raw data'!AV11='Real results'!D11),2,0),0),0),0) -> 0 | AW12: =IFERROR(IF(AND(ISNUMBER('Real results'!C11),ISNUMBER('Real results'!D11),ISNUMBER('Raw data'!AW11),ISNUMBER('Raw data'!AX11)),IF(SIGN('Raw data'!AW11-'Raw data'!AX11)=SIGN('Real results'!C11-'Real results'!D11),2+IF(AND('Raw data'!AW11='Real results'!C11,'Raw data'!AX11='Real results'!D11),2,0),0),0),0) -> 0 | AY12: =IFERROR(IF(AND(ISNUMBER('Real results'!C11),ISNUMBER('Real results'!D11),ISNUMBER('Raw data'!AY11),ISNUMBER('Raw data'!AZ11)),IF(SIGN('Raw data'!AY11-'Raw data'!AZ11)=SIGN('Real results'!C11-'Real results'!D11),2+IF(AND('Raw data'!AY11='Real results'!C11,'Raw data'!AZ11='Real results'!D11),2,0),0),0),0) -> 0 | BA12: =IFERROR(IF(AND(ISNUMBER('Real results'!C11),ISNUMBER('Real results'!D11),ISNUMBER('Raw data'!BA11),ISNUMBER('Raw data'!BB11)),IF(SIGN('Raw data'!BA11-'Raw data'!BB11)=SIGN('Real results'!C11-'Real results'!D11),2+IF(AND('Raw data'!BA11='Real results'!C11,'Raw data'!BB11='Real results'!D11),2,0),0),0),0) -> 0 | BC12: =IFERROR(IF(AND(ISNUMBER('Real results'!C11),ISNUMBER('Real results'!D11),ISNUMBER('Raw data'!BC11),ISNUMBER('Raw data'!BD11)),IF(SIGN('Raw data'!BC11-'Raw data'!BD11)=SIGN('Real results'!C11-'Real results'!D11),2+IF(AND('Raw data'!BC11='Real results'!C11,'Raw data'!BD11='Real results'!D11),2,0),0),0),0) -> 0 | BE12: =IFERROR(IF(AND(ISNUMBER('Real results'!C11),ISNUMBER('Real results'!D11),ISNUMBER('Raw data'!BE11),ISNUMBER('Raw data'!BF11)),IF(SIGN('Raw data'!BE11-'Raw data'!BF11)=SIGN('Real results'!C11-'Real results'!D11),2+IF(AND('Raw data'!BE11='Real results'!C11,'Raw data'!BF11='Real results'!D11),2,0),0),0),0) -> 0 | BG12: =IFERROR(IF(AND(ISNUMBER('Real results'!C11),ISNUMBER('Real results'!D11),ISNUMBER('Raw data'!BG11),ISNUMBER('Raw data'!BH11)),IF(SIGN('Raw data'!BG11-'Raw data'!BH11)=SIGN('Real results'!C11-'Real results'!D11),2+IF(AND('Raw data'!BG11='Real results'!C11,'Raw data'!BH11='Real results'!D11),2,0),0),0),0) -> 0 | BI12: =IFERROR(IF(AND(ISNUMBER('Real results'!C11),ISNUMBER('Real results'!D11),ISNUMBER('Raw data'!BI11),ISNUMBER('Raw data'!BJ11)),IF(SIGN('Raw data'!BI11-'Raw data'!BJ11)=SIGN('Real results'!C11-'Real results'!D11),2+IF(AND('Raw data'!BI11='Real results'!C11,'Raw data'!BJ11='Real results'!D11),2,0),0),0),0) -> 0
B13: GA-M6: South Africa vs South Korea | C13: =IFERROR(IF(AND(ISNUMBER('Real results'!C12),ISNUMBER('Real results'!D12),ISNUMBER('Raw data'!C12),ISNUMBER('Raw data'!D12)),IF(SIGN('Raw data'!C12-'Raw data'!D12)=SIGN('Real results'!C12-'Real results'!D12),2+IF(AND('Raw data'!C12='Real results'!C12,'Raw data'!D12='Real results'!D12),2,0),0),0),0) -> 0 | E13: =IFERROR(IF(AND(ISNUMBER('Real results'!C12),ISNUMBER('Real results'!D12),ISNUMBER('Raw data'!E12),ISNUMBER('Raw data'!F12)),IF(SIGN('Raw data'!E12-'Raw data'!F12)=SIGN('Real results'!C12-'Real results'!D12),2+IF(AND('Raw data'!E12='Real results'!C12,'Raw data'!F12='Real results'!D12),2,0),0),0),0) -> 0 | G13: =IFERROR(IF(AND(ISNUMBER('Real results'!C12),ISNUMBER('Real results'!D12),ISNUMBER('Raw data'!G12),ISNUMBER('Raw data'!H12)),IF(SIGN('Raw data'!G12-'Raw data'!H12)=SIGN('Real results'!C12-'Real results'!D12),2+IF(AND('Raw data'!G12='Real results'!C12,'Raw data'!H12='Real results'!D12),2,0),0),0),0) -> 0 | I13: =IFERROR(IF(AND(ISNUMBER('Real results'!C12),ISNUMBER('Real results'!D12),ISNUMBER('Raw data'!I12),ISNUMBER('Raw data'!J12)),IF(SIGN('Raw data'!I12-'Raw data'!J12)=SIGN('Real results'!C12-'Real results'!D12),2+IF(AND('Raw data'!I12='Real results'!C12,'Raw data'!J12='Real results'!D12),2,0),0),0),0) -> 0 | K13: =IFERROR(IF(AND(ISNUMBER('Real results'!C12),ISNUMBER('Real results'!D12),ISNUMBER('Raw data'!K12),ISNUMBER('Raw data'!L12)),IF(SIGN('Raw data'!K12-'Raw data'!L12)=SIGN('Real results'!C12-'Real results'!D12),2+IF(AND('Raw data'!K12='Real results'!C12,'Raw data'!L12='Real results'!D12),2,0),0),0),0) -> 0 | M13: =IFERROR(IF(AND(ISNUMBER('Real results'!C12),ISNUMBER('Real results'!D12),ISNUMBER('Raw data'!M12),ISNUMBER('Raw data'!N12)),IF(SIGN('Raw data'!M12-'Raw data'!N12)=SIGN('Real results'!C12-'Real results'!D12),2+IF(AND('Raw data'!M12='Real results'!C12,'Raw data'!N12='Real results'!D12),2,0),0),0),0) -> 0 | O13: =IFERROR(IF(AND(ISNUMBER('Real results'!C12),ISNUMBER('Real results'!D12),ISNUMBER('Raw data'!O12),ISNUMBER('Raw data'!P12)),IF(SIGN('Raw data'!O12-'Raw data'!P12)=SIGN('Real results'!C12-'Real results'!D12),2+IF(AND('Raw data'!O12='Real results'!C12,'Raw data'!P12='Real results'!D12),2,0),0),0),0) -> 0 | Q13: =IFERROR(IF(AND(ISNUMBER('Real results'!C12),ISNUMBER('Real results'!D12),ISNUMBER('Raw data'!Q12),ISNUMBER('Raw data'!R12)),IF(SIGN('Raw data'!Q12-'Raw data'!R12)=SIGN('Real results'!C12-'Real results'!D12),2+IF(AND('Raw data'!Q12='Real results'!C12,'Raw data'!R12='Real results'!D12),2,0),0),0),0) -> 0 | S13: =IFERROR(IF(AND(ISNUMBER('Real results'!C12),ISNUMBER('Real results'!D12),ISNUMBER('Raw data'!S12),ISNUMBER('Raw data'!T12)),IF(SIGN('Raw data'!S12-'Raw data'!T12)=SIGN('Real results'!C12-'Real results'!D12),2+IF(AND('Raw data'!S12='Real results'!C12,'Raw data'!T12='Real results'!D12),2,0),0),0),0) -> 0 | U13: =IFERROR(IF(AND(ISNUMBER('Real results'!C12),ISNUMBER('Real results'!D12),ISNUMBER('Raw data'!U12),ISNUMBER('Raw data'!V12)),IF(SIGN('Raw data'!U12-'Raw data'!V12)=SIGN('Real results'!C12-'Real results'!D12),2+IF(AND('Raw data'!U12='Real results'!C12,'Raw data'!V12='Real results'!D12),2,0),0),0),0) -> 0 | W13: =IFERROR(IF(AND(ISNUMBER('Real results'!C12),ISNUMBER('Real results'!D12),ISNUMBER('Raw data'!W12),ISNUMBER('Raw data'!X12)),IF(SIGN('Raw data'!W12-'Raw data'!X12)=SIGN('Real results'!C12-'Real results'!D12),2+IF(AND('Raw data'!W12='Real results'!C12,'Raw data'!X12='Real results'!D12),2,0),0),0),0) -> 0 | Y13: =IFERROR(IF(AND(ISNUMBER('Real results'!C12),ISNUMBER('Real results'!D12),ISNUMBER('Raw data'!Y12),ISNUMBER('Raw data'!Z12)),IF(SIGN('Raw data'!Y12-'Raw data'!Z12)=SIGN('Real results'!C12-'Real results'!D12),2+IF(AND('Raw data'!Y12='Real results'!C12,'Raw data'!Z12='Real results'!D12),2,0),0),0),0) -> 0 | AA13: =IFERROR(IF(AND(ISNUMBER('Real results'!C12),ISNUMBER('Real results'!D12),ISNUMBER('Raw data'!AA12),ISNUMBER('Raw data'!AB12)),IF(SIGN('Raw data'!AA12-'Raw data'!AB12)=SIGN('Real results'!C12-'Real results'!D12),2+IF(AND('Raw data'!AA12='Real results'!C12,'Raw data'!AB12='Real results'!D12),2,0),0),0),0) -> 0 | AC13: =IFERROR(IF(AND(ISNUMBER('Real results'!C12),ISNUMBER('Real results'!D12),ISNUMBER('Raw data'!AC12),ISNUMBER('Raw data'!AD12)),IF(SIGN('Raw data'!AC12-'Raw data'!AD12)=SIGN('Real results'!C12-'Real results'!D12),2+IF(AND('Raw data'!AC12='Real results'!C12,'Raw data'!AD12='Real results'!D12),2,0),0),0),0) -> 0 | AE13: =IFERROR(IF(AND(ISNUMBER('Real results'!C12),ISNUMBER('Real results'!D12),ISNUMBER('Raw data'!AE12),ISNUMBER('Raw data'!AF12)),IF(SIGN('Raw data'!AE12-'Raw data'!AF12)=SIGN('Real results'!C12-'Real results'!D12),2+IF(AND('Raw data'!AE12='Real results'!C12,'Raw data'!AF12='Real results'!D12),2,0),0),0),0) -> 0 | AG13: =IFERROR(IF(AND(ISNUMBER('Real results'!C12),ISNUMBER('Real results'!D12),ISNUMBER('Raw data'!AG12),ISNUMBER('Raw data'!AH12)),IF(SIGN('Raw data'!AG12-'Raw data'!AH12)=SIGN('Real results'!C12-'Real results'!D12),2+IF(AND('Raw data'!AG12='Real results'!C12,'Raw data'!AH12='Real results'!D12),2,0),0),0),0) -> 0 | AI13: =IFERROR(IF(AND(ISNUMBER('Real results'!C12),ISNUMBER('Real results'!D12),ISNUMBER('Raw data'!AI12),ISNUMBER('Raw data'!AJ12)),IF(SIGN('Raw data'!AI12-'Raw data'!AJ12)=SIGN('Real results'!C12-'Real results'!D12),2+IF(AND('Raw data'!AI12='Real results'!C12,'Raw data'!AJ12='Real results'!D12),2,0),0),0),0) -> 0 | AK13: =IFERROR(IF(AND(ISNUMBER('Real results'!C12),ISNUMBER('Real results'!D12),ISNUMBER('Raw data'!AK12),ISNUMBER('Raw data'!AL12)),IF(SIGN('Raw data'!AK12-'Raw data'!AL12)=SIGN('Real results'!C12-'Real results'!D12),2+IF(AND('Raw data'!AK12='Real results'!C12,'Raw data'!AL12='Real results'!D12),2,0),0),0),0) -> 0 | AM13: =IFERROR(IF(AND(ISNUMBER('Real results'!C12),ISNUMBER('Real results'!D12),ISNUMBER('Raw data'!AM12),ISNUMBER('Raw data'!AN12)),IF(SIGN('Raw data'!AM12-'Raw data'!AN12)=SIGN('Real results'!C12-'Real results'!D12),2+IF(AND('Raw data'!AM12='Real results'!C12,'Raw data'!AN12='Real results'!D12),2,0),0),0),0) -> 0 | AO13: =IFERROR(IF(AND(ISNUMBER('Real results'!C12),ISNUMBER('Real results'!D12),ISNUMBER('Raw data'!AO12),ISNUMBER('Raw data'!AP12)),IF(SIGN('Raw data'!AO12-'Raw data'!AP12)=SIGN('Real results'!C12-'Real results'!D12),2+IF(AND('Raw data'!AO12='Real results'!C12,'Raw data'!AP12='Real results'!D12),2,0),0),0),0) -> 0 | AQ13: =IFERROR(IF(AND(ISNUMBER('Real results'!C12),ISNUMBER('Real results'!D12),ISNUMBER('Raw data'!AQ12),ISNUMBER('Raw data'!AR12)),IF(SIGN('Raw data'!AQ12-'Raw data'!AR12)=SIGN('Real results'!C12-'Real results'!D12),2+IF(AND('Raw data'!AQ12='Real results'!C12,'Raw data'!AR12='Real results'!D12),2,0),0),0),0) -> 0 | AS13: =IFERROR(IF(AND(ISNUMBER('Real results'!C12),ISNUMBER('Real results'!D12),ISNUMBER('Raw data'!AS12),ISNUMBER('Raw data'!AT12)),IF(SIGN('Raw data'!AS12-'Raw data'!AT12)=SIGN('Real results'!C12-'Real results'!D12),2+IF(AND('Raw data'!AS12='Real results'!C12,'Raw data'!AT12='Real results'!D12),2,0),0),0),0) -> 0 | AU13: =IFERROR(IF(AND(ISNUMBER('Real results'!C12),ISNUMBER('Real results'!D12),ISNUMBER('Raw data'!AU12),ISNUMBER('Raw data'!AV12)),IF(SIGN('Raw data'!AU12-'Raw data'!AV12)=SIGN('Real results'!C12-'Real results'!D12),2+IF(AND('Raw data'!AU12='Real results'!C12,'Raw data'!AV12='Real results'!D12),2,0),0),0),0) -> 0 | AW13: =IFERROR(IF(AND(ISNUMBER('Real results'!C12),ISNUMBER('Real results'!D12),ISNUMBER('Raw data'!AW12),ISNUMBER('Raw data'!AX12)),IF(SIGN('Raw data'!AW12-'Raw data'!AX12)=SIGN('Real results'!C12-'Real results'!D12),2+IF(AND('Raw data'!AW12='Real results'!C12,'Raw data'!AX12='Real results'!D12),2,0),0),0),0) -> 0 | AY13: =IFERROR(IF(AND(ISNUMBER('Real results'!C12),ISNUMBER('Real results'!D12),ISNUMBER('Raw data'!AY12),ISNUMBER('Raw data'!AZ12)),IF(SIGN('Raw data'!AY12-'Raw data'!AZ12)=SIGN('Real results'!C12-'Real results'!D12),2+IF(AND('Raw data'!AY12='Real results'!C12,'Raw data'!AZ12='Real results'!D12),2,0),0),0),0) -> 0 | BA13: =IFERROR(IF(AND(ISNUMBER('Real results'!C12),ISNUMBER('Real results'!D12),ISNUMBER('Raw data'!BA12),ISNUMBER('Raw data'!BB12)),IF(SIGN('Raw data'!BA12-'Raw data'!BB12)=SIGN('Real results'!C12-'Real results'!D12),2+IF(AND('Raw data'!BA12='Real results'!C12,'Raw data'!BB12='Real results'!D12),2,0),0),0),0) -> 0 | BC13: =IFERROR(IF(AND(ISNUMBER('Real results'!C12),ISNUMBER('Real results'!D12),ISNUMBER('Raw data'!BC12),ISNUMBER('Raw data'!BD12)),IF(SIGN('Raw data'!BC12-'Raw data'!BD12)=SIGN('Real results'!C12-'Real results'!D12),2+IF(AND('Raw data'!BC12='Real results'!C12,'Raw data'!BD12='Real results'!D12),2,0),0),0),0) -> 0 | BE13: =IFERROR(IF(AND(ISNUMBER('Real results'!C12),ISNUMBER('Real results'!D12),ISNUMBER('Raw data'!BE12),ISNUMBER('Raw data'!BF12)),IF(SIGN('Raw data'!BE12-'Raw data'!BF12)=SIGN('Real results'!C12-'Real results'!D12),2+IF(AND('Raw data'!BE12='Real results'!C12,'Raw data'!BF12='Real results'!D12),2,0),0),0),0) -> 0 | BG13: =IFERROR(IF(AND(ISNUMBER('Real results'!C12),ISNUMBER('Real results'!D12),ISNUMBER('Raw data'!BG12),ISNUMBER('Raw data'!BH12)),IF(SIGN('Raw data'!BG12-'Raw data'!BH12)=SIGN('Real results'!C12-'Real results'!D12),2+IF(AND('Raw data'!BG12='Real results'!C12,'Raw data'!BH12='Real results'!D12),2,0),0),0),0) -> 0 | BI13: =IFERROR(IF(AND(ISNUMBER('Real results'!C12),ISNUMBER('Real results'!D12),ISNUMBER('Raw data'!BI12),ISNUMBER('Raw data'!BJ12)),IF(SIGN('Raw data'!BI12-'Raw data'!BJ12)=SIGN('Real results'!C12-'Real results'!D12),2+IF(AND('Raw data'!BI12='Real results'!C12,'Raw data'!BJ12='Real results'!D12),2,0),0),0),0) -> 0
B14: GB-M1: Canada vs Bosnia-Herz. | C14: =IFERROR(IF(AND(ISNUMBER('Real results'!C13),ISNUMBER('Real results'!D13),ISNUMBER('Raw data'!C13),ISNUMBER('Raw data'!D13)),IF(SIGN('Raw data'!C13-'Raw data'!D13)=SIGN('Real results'!C13-'Real results'!D13),2+IF(AND('Raw data'!C13='Real results'!C13,'Raw data'!D13='Real results'!D13),2,0),0),0),0) -> 0 | E14: =IFERROR(IF(AND(ISNUMBER('Real results'!C13),ISNUMBER('Real results'!D13),ISNUMBER('Raw data'!E13),ISNUMBER('Raw data'!F13)),IF(SIGN('Raw data'!E13-'Raw data'!F13)=SIGN('Real results'!C13-'Real results'!D13),2+IF(AND('Raw data'!E13='Real results'!C13,'Raw data'!F13='Real results'!D13),2,0),0),0),0) -> 0 | G14: =IFERROR(IF(AND(ISNUMBER('Real results'!C13),ISNUMBER('Real results'!D13),ISNUMBER('Raw data'!G13),ISNUMBER('Raw data'!H13)),IF(SIGN('Raw data'!G13-'Raw data'!H13)=SIGN('Real results'!C13-'Real results'!D13),2+IF(AND('Raw data'!G13='Real results'!C13,'Raw data'!H13='Real results'!D13),2,0),0),0),0) -> 0 | I14: =IFERROR(IF(AND(ISNUMBER('Real results'!C13),ISNUMBER('Real results'!D13),ISNUMBER('Raw data'!I13),ISNUMBER('Raw data'!J13)),IF(SIGN('Raw data'!I13-'Raw data'!J13)=SIGN('Real results'!C13-'Real results'!D13),2+IF(AND('Raw data'!I13='Real results'!C13,'Raw data'!J13='Real results'!D13),2,0),0),0),0) -> 0 | K14: =IFERROR(IF(AND(ISNUMBER('Real results'!C13),ISNUMBER('Real results'!D13),ISNUMBER('Raw data'!K13),ISNUMBER('Raw data'!L13)),IF(SIGN('Raw data'!K13-'Raw data'!L13)=SIGN('Real results'!C13-'Real results'!D13),2+IF(AND('Raw data'!K13='Real results'!C13,'Raw data'!L13='Real results'!D13),2,0),0),0),0) -> 0 | M14: =IFERROR(IF(AND(ISNUMBER('Real results'!C13),ISNUMBER('Real results'!D13),ISNUMBER('Raw data'!M13),ISNUMBER('Raw data'!N13)),IF(SIGN('Raw data'!M13-'Raw data'!N13)=SIGN('Real results'!C13-'Real results'!D13),2+IF(AND('Raw data'!M13='Real results'!C13,'Raw data'!N13='Real results'!D13),2,0),0),0),0) -> 0 | O14: =IFERROR(IF(AND(ISNUMBER('Real results'!C13),ISNUMBER('Real results'!D13),ISNUMBER('Raw data'!O13),ISNUMBER('Raw data'!P13)),IF(SIGN('Raw data'!O13-'Raw data'!P13)=SIGN('Real results'!C13-'Real results'!D13),2+IF(AND('Raw data'!O13='Real results'!C13,'Raw data'!P13='Real results'!D13),2,0),0),0),0) -> 0 | Q14: =IFERROR(IF(AND(ISNUMBER('Real results'!C13),ISNUMBER('Real results'!D13),ISNUMBER('Raw data'!Q13),ISNUMBER('Raw data'!R13)),IF(SIGN('Raw data'!Q13-'Raw data'!R13)=SIGN('Real results'!C13-'Real results'!D13),2+IF(AND('Raw data'!Q13='Real results'!C13,'Raw data'!R13='Real results'!D13),2,0),0),0),0) -> 0 | S14: =IFERROR(IF(AND(ISNUMBER('Real results'!C13),ISNUMBER('Real results'!D13),ISNUMBER('Raw data'!S13),ISNUMBER('Raw data'!T13)),IF(SIGN('Raw data'!S13-'Raw data'!T13)=SIGN('Real results'!C13-'Real results'!D13),2+IF(AND('Raw data'!S13='Real results'!C13,'Raw data'!T13='Real results'!D13),2,0),0),0),0) -> 0 | U14: =IFERROR(IF(AND(ISNUMBER('Real results'!C13),ISNUMBER('Real results'!D13),ISNUMBER('Raw data'!U13),ISNUMBER('Raw data'!V13)),IF(SIGN('Raw data'!U13-'Raw data'!V13)=SIGN('Real results'!C13-'Real results'!D13),2+IF(AND('Raw data'!U13='Real results'!C13,'Raw data'!V13='Real results'!D13),2,0),0),0),0) -> 0 | W14: =IFERROR(IF(AND(ISNUMBER('Real results'!C13),ISNUMBER('Real results'!D13),ISNUMBER('Raw data'!W13),ISNUMBER('Raw data'!X13)),IF(SIGN('Raw data'!W13-'Raw data'!X13)=SIGN('Real results'!C13-'Real results'!D13),2+IF(AND('Raw data'!W13='Real results'!C13,'Raw data'!X13='Real results'!D13),2,0),0),0),0) -> 0 | Y14: =IFERROR(IF(AND(ISNUMBER('Real results'!C13),ISNUMBER('Real results'!D13),ISNUMBER('Raw data'!Y13),ISNUMBER('Raw data'!Z13)),IF(SIGN('Raw data'!Y13-'Raw data'!Z13)=SIGN('Real results'!C13-'Real results'!D13),2+IF(AND('Raw data'!Y13='Real results'!C13,'Raw data'!Z13='Real results'!D13),2,0),0),0),0) -> 0 | AA14: =IFERROR(IF(AND(ISNUMBER('Real results'!C13),ISNUMBER('Real results'!D13),ISNUMBER('Raw data'!AA13),ISNUMBER('Raw data'!AB13)),IF(SIGN('Raw data'!AA13-'Raw data'!AB13)=SIGN('Real results'!C13-'Real results'!D13),2+IF(AND('Raw data'!AA13='Real results'!C13,'Raw data'!AB13='Real results'!D13),2,0),0),0),0) -> 0 | AC14: =IFERROR(IF(AND(ISNUMBER('Real results'!C13),ISNUMBER('Real results'!D13),ISNUMBER('Raw data'!AC13),ISNUMBER('Raw data'!AD13)),IF(SIGN('Raw data'!AC13-'Raw data'!AD13)=SIGN('Real results'!C13-'Real results'!D13),2+IF(AND('Raw data'!AC13='Real results'!C13,'Raw data'!AD13='Real results'!D13),2,0),0),0),0) -> 0 | AE14: =IFERROR(IF(AND(ISNUMBER('Real results'!C13),ISNUMBER('Real results'!D13),ISNUMBER('Raw data'!AE13),ISNUMBER('Raw data'!AF13)),IF(SIGN('Raw data'!AE13-'Raw data'!AF13)=SIGN('Real results'!C13-'Real results'!D13),2+IF(AND('Raw data'!AE13='Real results'!C13,'Raw data'!AF13='Real results'!D13),2,0),0),0),0) -> 0 | AG14: =IFERROR(IF(AND(ISNUMBER('Real results'!C13),ISNUMBER('Real results'!D13),ISNUMBER('Raw data'!AG13),ISNUMBER('Raw data'!AH13)),IF(SIGN('Raw data'!AG13-'Raw data'!AH13)=SIGN('Real results'!C13-'Real results'!D13),2+IF(AND('Raw data'!AG13='Real results'!C13,'Raw data'!AH13='Real results'!D13),2,0),0),0),0) -> 0 | AI14: =IFERROR(IF(AND(ISNUMBER('Real results'!C13),ISNUMBER('Real results'!D13),ISNUMBER('Raw data'!AI13),ISNUMBER('Raw data'!AJ13)),IF(SIGN('Raw data'!AI13-'Raw data'!AJ13)=SIGN('Real results'!C13-'Real results'!D13),2+IF(AND('Raw data'!AI13='Real results'!C13,'Raw data'!AJ13='Real results'!D13),2,0),0),0),0) -> 0 | AK14: =IFERROR(IF(AND(ISNUMBER('Real results'!C13),ISNUMBER('Real results'!D13),ISNUMBER('Raw data'!AK13),ISNUMBER('Raw data'!AL13)),IF(SIGN('Raw data'!AK13-'Raw data'!AL13)=SIGN('Real results'!C13-'Real results'!D13),2+IF(AND('Raw data'!AK13='Real results'!C13,'Raw data'!AL13='Real results'!D13),2,0),0),0),0) -> 0 | AM14: =IFERROR(IF(AND(ISNUMBER('Real results'!C13),ISNUMBER('Real results'!D13),ISNUMBER('Raw data'!AM13),ISNUMBER('Raw data'!AN13)),IF(SIGN('Raw data'!AM13-'Raw data'!AN13)=SIGN('Real results'!C13-'Real results'!D13),2+IF(AND('Raw data'!AM13='Real results'!C13,'Raw data'!AN13='Real results'!D13),2,0),0),0),0) -> 0 | AO14: =IFERROR(IF(AND(ISNUMBER('Real results'!C13),ISNUMBER('Real results'!D13),ISNUMBER('Raw data'!AO13),ISNUMBER('Raw data'!AP13)),IF(SIGN('Raw data'!AO13-'Raw data'!AP13)=SIGN('Real results'!C13-'Real results'!D13),2+IF(AND('Raw data'!AO13='Real results'!C13,'Raw data'!AP13='Real results'!D13),2,0),0),0),0) -> 0 | AQ14: =IFERROR(IF(AND(ISNUMBER('Real results'!C13),ISNUMBER('Real results'!D13),ISNUMBER('Raw data'!AQ13),ISNUMBER('Raw data'!AR13)),IF(SIGN('Raw data'!AQ13-'Raw data'!AR13)=SIGN('Real results'!C13-'Real results'!D13),2+IF(AND('Raw data'!AQ13='Real results'!C13,'Raw data'!AR13='Real results'!D13),2,0),0),0),0) -> 0 | AS14: =IFERROR(IF(AND(ISNUMBER('Real results'!C13),ISNUMBER('Real results'!D13),ISNUMBER('Raw data'!AS13),ISNUMBER('Raw data'!AT13)),IF(SIGN('Raw data'!AS13-'Raw data'!AT13)=SIGN('Real results'!C13-'Real results'!D13),2+IF(AND('Raw data'!AS13='Real results'!C13,'Raw data'!AT13='Real results'!D13),2,0),0),0),0) -> 0 | AU14: =IFERROR(IF(AND(ISNUMBER('Real results'!C13),ISNUMBER('Real results'!D13),ISNUMBER('Raw data'!AU13),ISNUMBER('Raw data'!AV13)),IF(SIGN('Raw data'!AU13-'Raw data'!AV13)=SIGN('Real results'!C13-'Real results'!D13),2+IF(AND('Raw data'!AU13='Real results'!C13,'Raw data'!AV13='Real results'!D13),2,0),0),0),0) -> 0 | AW14: =IFERROR(IF(AND(ISNUMBER('Real results'!C13),ISNUMBER('Real results'!D13),ISNUMBER('Raw data'!AW13),ISNUMBER('Raw data'!AX13)),IF(SIGN('Raw data'!AW13-'Raw data'!AX13)=SIGN('Real results'!C13-'Real results'!D13),2+IF(AND('Raw data'!AW13='Real results'!C13,'Raw data'!AX13='Real results'!D13),2,0),0),0),0) -> 0 | AY14: =IFERROR(IF(AND(ISNUMBER('Real results'!C13),ISNUMBER('Real results'!D13),ISNUMBER('Raw data'!AY13),ISNUMBER('Raw data'!AZ13)),IF(SIGN('Raw data'!AY13-'Raw data'!AZ13)=SIGN('Real results'!C13-'Real results'!D13),2+IF(AND('Raw data'!AY13='Real results'!C13,'Raw data'!AZ13='Real results'!D13),2,0),0),0),0) -> 0 | BA14: =IFERROR(IF(AND(ISNUMBER('Real results'!C13),ISNUMBER('Real results'!D13),ISNUMBER('Raw data'!BA13),ISNUMBER('Raw data'!BB13)),IF(SIGN('Raw data'!BA13-'Raw data'!BB13)=SIGN('Real results'!C13-'Real results'!D13),2+IF(AND('Raw data'!BA13='Real results'!C13,'Raw data'!BB13='Real results'!D13),2,0),0),0),0) -> 0 | BC14: =IFERROR(IF(AND(ISNUMBER('Real results'!C13),ISNUMBER('Real results'!D13),ISNUMBER('Raw data'!BC13),ISNUMBER('Raw data'!BD13)),IF(SIGN('Raw data'!BC13-'Raw data'!BD13)=SIGN('Real results'!C13-'Real results'!D13),2+IF(AND('Raw data'!BC13='Real results'!C13,'Raw data'!BD13='Real results'!D13),2,0),0),0),0) -> 0 | BE14: =IFERROR(IF(AND(ISNUMBER('Real results'!C13),ISNUMBER('Real results'!D13),ISNUMBER('Raw data'!BE13),ISNUMBER('Raw data'!BF13)),IF(SIGN('Raw data'!BE13-'Raw data'!BF13)=SIGN('Real results'!C13-'Real results'!D13),2+IF(AND('Raw data'!BE13='Real results'!C13,'Raw data'!BF13='Real results'!D13),2,0),0),0),0) -> 0 | BG14: =IFERROR(IF(AND(ISNUMBER('Real results'!C13),ISNUMBER('Real results'!D13),ISNUMBER('Raw data'!BG13),ISNUMBER('Raw data'!BH13)),IF(SIGN('Raw data'!BG13-'Raw data'!BH13)=SIGN('Real results'!C13-'Real results'!D13),2+IF(AND('Raw data'!BG13='Real results'!C13,'Raw data'!BH13='Real results'!D13),2,0),0),0),0) -> 0 | BI14: =IFERROR(IF(AND(ISNUMBER('Real results'!C13),ISNUMBER('Real results'!D13),ISNUMBER('Raw data'!BI13),ISNUMBER('Raw data'!BJ13)),IF(SIGN('Raw data'!BI13-'Raw data'!BJ13)=SIGN('Real results'!C13-'Real results'!D13),2+IF(AND('Raw data'!BI13='Real results'!C13,'Raw data'!BJ13='Real results'!D13),2,0),0),0),0) -> 0
B15: GB-M2: Qatar vs Switzerland | C15: =IFERROR(IF(AND(ISNUMBER('Real results'!C14),ISNUMBER('Real results'!D14),ISNUMBER('Raw data'!C14),ISNUMBER('Raw data'!D14)),IF(SIGN('Raw data'!C14-'Raw data'!D14)=SIGN('Real results'!C14-'Real results'!D14),2+IF(AND('Raw data'!C14='Real results'!C14,'Raw data'!D14='Real results'!D14),2,0),0),0),0) -> 0 | E15: =IFERROR(IF(AND(ISNUMBER('Real results'!C14),ISNUMBER('Real results'!D14),ISNUMBER('Raw data'!E14),ISNUMBER('Raw data'!F14)),IF(SIGN('Raw data'!E14-'Raw data'!F14)=SIGN('Real results'!C14-'Real results'!D14),2+IF(AND('Raw data'!E14='Real results'!C14,'Raw data'!F14='Real results'!D14),2,0),0),0),0) -> 0 | G15: =IFERROR(IF(AND(ISNUMBER('Real results'!C14),ISNUMBER('Real results'!D14),ISNUMBER('Raw data'!G14),ISNUMBER('Raw data'!H14)),IF(SIGN('Raw data'!G14-'Raw data'!H14)=SIGN('Real results'!C14-'Real results'!D14),2+IF(AND('Raw data'!G14='Real results'!C14,'Raw data'!H14='Real results'!D14),2,0),0),0),0) -> 0 | I15: =IFERROR(IF(AND(ISNUMBER('Real results'!C14),ISNUMBER('Real results'!D14),ISNUMBER('Raw data'!I14),ISNUMBER('Raw data'!J14)),IF(SIGN('Raw data'!I14-'Raw data'!J14)=SIGN('Real results'!C14-'Real results'!D14),2+IF(AND('Raw data'!I14='Real results'!C14,'Raw data'!J14='Real results'!D14),2,0),0),0),0) -> 0 | K15: =IFERROR(IF(AND(ISNUMBER('Real results'!C14),ISNUMBER('Real results'!D14),ISNUMBER('Raw data'!K14),ISNUMBER('Raw data'!L14)),IF(SIGN('Raw data'!K14-'Raw data'!L14)=SIGN('Real results'!C14-'Real results'!D14),2+IF(AND('Raw data'!K14='Real results'!C14,'Raw data'!L14='Real results'!D14),2,0),0),0),0) -> 0 | M15: =IFERROR(IF(AND(ISNUMBER('Real results'!C14),ISNUMBER('Real results'!D14),ISNUMBER('Raw data'!M14),ISNUMBER('Raw data'!N14)),IF(SIGN('Raw data'!M14-'Raw data'!N14)=SIGN('Real results'!C14-'Real results'!D14),2+IF(AND('Raw data'!M14='Real results'!C14,'Raw data'!N14='Real results'!D14),2,0),0),0),0) -> 0 | O15: =IFERROR(IF(AND(ISNUMBER('Real results'!C14),ISNUMBER('Real results'!D14),ISNUMBER('Raw data'!O14),ISNUMBER('Raw data'!P14)),IF(SIGN('Raw data'!O14-'Raw data'!P14)=SIGN('Real results'!C14-'Real results'!D14),2+IF(AND('Raw data'!O14='Real results'!C14,'Raw data'!P14='Real results'!D14),2,0),0),0),0) -> 0 | Q15: =IFERROR(IF(AND(ISNUMBER('Real results'!C14),ISNUMBER('Real results'!D14),ISNUMBER('Raw data'!Q14),ISNUMBER('Raw data'!R14)),IF(SIGN('Raw data'!Q14-'Raw data'!R14)=SIGN('Real results'!C14-'Real results'!D14),2+IF(AND('Raw data'!Q14='Real results'!C14,'Raw data'!R14='Real results'!D14),2,0),0),0),0) -> 0 | S15: =IFERROR(IF(AND(ISNUMBER('Real results'!C14),ISNUMBER('Real results'!D14),ISNUMBER('Raw data'!S14),ISNUMBER('Raw data'!T14)),IF(SIGN('Raw data'!S14-'Raw data'!T14)=SIGN('Real results'!C14-'Real results'!D14),2+IF(AND('Raw data'!S14='Real results'!C14,'Raw data'!T14='Real results'!D14),2,0),0),0),0) -> 0 | U15: =IFERROR(IF(AND(ISNUMBER('Real results'!C14),ISNUMBER('Real results'!D14),ISNUMBER('Raw data'!U14),ISNUMBER('Raw data'!V14)),IF(SIGN('Raw data'!U14-'Raw data'!V14)=SIGN('Real results'!C14-'Real results'!D14),2+IF(AND('Raw data'!U14='Real results'!C14,'Raw data'!V14='Real results'!D14),2,0),0),0),0) -> 0 | W15: =IFERROR(IF(AND(ISNUMBER('Real results'!C14),ISNUMBER('Real results'!D14),ISNUMBER('Raw data'!W14),ISNUMBER('Raw data'!X14)),IF(SIGN('Raw data'!W14-'Raw data'!X14)=SIGN('Real results'!C14-'Real results'!D14),2+IF(AND('Raw data'!W14='Real results'!C14,'Raw data'!X14='Real results'!D14),2,0),0),0),0) -> 0 | Y15: =IFERROR(IF(AND(ISNUMBER('Real results'!C14),ISNUMBER('Real results'!D14),ISNUMBER('Raw data'!Y14),ISNUMBER('Raw data'!Z14)),IF(SIGN('Raw data'!Y14-'Raw data'!Z14)=SIGN('Real results'!C14-'Real results'!D14),2+IF(AND('Raw data'!Y14='Real results'!C14,'Raw data'!Z14='Real results'!D14),2,0),0),0),0) -> 0 | AA15: =IFERROR(IF(AND(ISNUMBER('Real results'!C14),ISNUMBER('Real results'!D14),ISNUMBER('Raw data'!AA14),ISNUMBER('Raw data'!AB14)),IF(SIGN('Raw data'!AA14-'Raw data'!AB14)=SIGN('Real results'!C14-'Real results'!D14),2+IF(AND('Raw data'!AA14='Real results'!C14,'Raw data'!AB14='Real results'!D14),2,0),0),0),0) -> 0 | AC15: =IFERROR(IF(AND(ISNUMBER('Real results'!C14),ISNUMBER('Real results'!D14),ISNUMBER('Raw data'!AC14),ISNUMBER('Raw data'!AD14)),IF(SIGN('Raw data'!AC14-'Raw data'!AD14)=SIGN('Real results'!C14-'Real results'!D14),2+IF(AND('Raw data'!AC14='Real results'!C14,'Raw data'!AD14='Real results'!D14),2,0),0),0),0) -> 0 | AE15: =IFERROR(IF(AND(ISNUMBER('Real results'!C14),ISNUMBER('Real results'!D14),ISNUMBER('Raw data'!AE14),ISNUMBER('Raw data'!AF14)),IF(SIGN('Raw data'!AE14-'Raw data'!AF14)=SIGN('Real results'!C14-'Real results'!D14),2+IF(AND('Raw data'!AE14='Real results'!C14,'Raw data'!AF14='Real results'!D14),2,0),0),0),0) -> 0 | AG15: =IFERROR(IF(AND(ISNUMBER('Real results'!C14),ISNUMBER('Real results'!D14),ISNUMBER('Raw data'!AG14),ISNUMBER('Raw data'!AH14)),IF(SIGN('Raw data'!AG14-'Raw data'!AH14)=SIGN('Real results'!C14-'Real results'!D14),2+IF(AND('Raw data'!AG14='Real results'!C14,'Raw data'!AH14='Real results'!D14),2,0),0),0),0) -> 0 | AI15: =IFERROR(IF(AND(ISNUMBER('Real results'!C14),ISNUMBER('Real results'!D14),ISNUMBER('Raw data'!AI14),ISNUMBER('Raw data'!AJ14)),IF(SIGN('Raw data'!AI14-'Raw data'!AJ14)=SIGN('Real results'!C14-'Real results'!D14),2+IF(AND('Raw data'!AI14='Real results'!C14,'Raw data'!AJ14='Real results'!D14),2,0),0),0),0) -> 0 | AK15: =IFERROR(IF(AND(ISNUMBER('Real results'!C14),ISNUMBER('Real results'!D14),ISNUMBER('Raw data'!AK14),ISNUMBER('Raw data'!AL14)),IF(SIGN('Raw data'!AK14-'Raw data'!AL14)=SIGN('Real results'!C14-'Real results'!D14),2+IF(AND('Raw data'!AK14='Real results'!C14,'Raw data'!AL14='Real results'!D14),2,0),0),0),0) -> 0 | AM15: =IFERROR(IF(AND(ISNUMBER('Real results'!C14),ISNUMBER('Real results'!D14),ISNUMBER('Raw data'!AM14),ISNUMBER('Raw data'!AN14)),IF(SIGN('Raw data'!AM14-'Raw data'!AN14)=SIGN('Real results'!C14-'Real results'!D14),2+IF(AND('Raw data'!AM14='Real results'!C14,'Raw data'!AN14='Real results'!D14),2,0),0),0),0) -> 0 | AO15: =IFERROR(IF(AND(ISNUMBER('Real results'!C14),ISNUMBER('Real results'!D14),ISNUMBER('Raw data'!AO14),ISNUMBER('Raw data'!AP14)),IF(SIGN('Raw data'!AO14-'Raw data'!AP14)=SIGN('Real results'!C14-'Real results'!D14),2+IF(AND('Raw data'!AO14='Real results'!C14,'Raw data'!AP14='Real results'!D14),2,0),0),0),0) -> 0 | AQ15: =IFERROR(IF(AND(ISNUMBER('Real results'!C14),ISNUMBER('Real results'!D14),ISNUMBER('Raw data'!AQ14),ISNUMBER('Raw data'!AR14)),IF(SIGN('Raw data'!AQ14-'Raw data'!AR14)=SIGN('Real results'!C14-'Real results'!D14),2+IF(AND('Raw data'!AQ14='Real results'!C14,'Raw data'!AR14='Real results'!D14),2,0),0),0),0) -> 0 | AS15: =IFERROR(IF(AND(ISNUMBER('Real results'!C14),ISNUMBER('Real results'!D14),ISNUMBER('Raw data'!AS14),ISNUMBER('Raw data'!AT14)),IF(SIGN('Raw data'!AS14-'Raw data'!AT14)=SIGN('Real results'!C14-'Real results'!D14),2+IF(AND('Raw data'!AS14='Real results'!C14,'Raw data'!AT14='Real results'!D14),2,0),0),0),0) -> 0 | AU15: =IFERROR(IF(AND(ISNUMBER('Real results'!C14),ISNUMBER('Real results'!D14),ISNUMBER('Raw data'!AU14),ISNUMBER('Raw data'!AV14)),IF(SIGN('Raw data'!AU14-'Raw data'!AV14)=SIGN('Real results'!C14-'Real results'!D14),2+IF(AND('Raw data'!AU14='Real results'!C14,'Raw data'!AV14='Real results'!D14),2,0),0),0),0) -> 0 | AW15: =IFERROR(IF(AND(ISNUMBER('Real results'!C14),ISNUMBER('Real results'!D14),ISNUMBER('Raw data'!AW14),ISNUMBER('Raw data'!AX14)),IF(SIGN('Raw data'!AW14-'Raw data'!AX14)=SIGN('Real results'!C14-'Real results'!D14),2+IF(AND('Raw data'!AW14='Real results'!C14,'Raw data'!AX14='Real results'!D14),2,0),0),0),0) -> 0 | AY15: =IFERROR(IF(AND(ISNUMBER('Real results'!C14),ISNUMBER('Real results'!D14),ISNUMBER('Raw data'!AY14),ISNUMBER('Raw data'!AZ14)),IF(SIGN('Raw data'!AY14-'Raw data'!AZ14)=SIGN('Real results'!C14-'Real results'!D14),2+IF(AND('Raw data'!AY14='Real results'!C14,'Raw data'!AZ14='Real results'!D14),2,0),0),0),0) -> 0 | BA15: =IFERROR(IF(AND(ISNUMBER('Real results'!C14),ISNUMBER('Real results'!D14),ISNUMBER('Raw data'!BA14),ISNUMBER('Raw data'!BB14)),IF(SIGN('Raw data'!BA14-'Raw data'!BB14)=SIGN('Real results'!C14-'Real results'!D14),2+IF(AND('Raw data'!BA14='Real results'!C14,'Raw data'!BB14='Real results'!D14),2,0),0),0),0) -> 0 | BC15: =IFERROR(IF(AND(ISNUMBER('Real results'!C14),ISNUMBER('Real results'!D14),ISNUMBER('Raw data'!BC14),ISNUMBER('Raw data'!BD14)),IF(SIGN('Raw data'!BC14-'Raw data'!BD14)=SIGN('Real results'!C14-'Real results'!D14),2+IF(AND('Raw data'!BC14='Real results'!C14,'Raw data'!BD14='Real results'!D14),2,0),0),0),0) -> 0 | BE15: =IFERROR(IF(AND(ISNUMBER('Real results'!C14),ISNUMBER('Real results'!D14),ISNUMBER('Raw data'!BE14),ISNUMBER('Raw data'!BF14)),IF(SIGN('Raw data'!BE14-'Raw data'!BF14)=SIGN('Real results'!C14-'Real results'!D14),2+IF(AND('Raw data'!BE14='Real results'!C14,'Raw data'!BF14='Real results'!D14),2,0),0),0),0) -> 0 | BG15: =IFERROR(IF(AND(ISNUMBER('Real results'!C14),ISNUMBER('Real results'!D14),ISNUMBER('Raw data'!BG14),ISNUMBER('Raw data'!BH14)),IF(SIGN('Raw data'!BG14-'Raw data'!BH14)=SIGN('Real results'!C14-'Real results'!D14),2+IF(AND('Raw data'!BG14='Real results'!C14,'Raw data'!BH14='Real results'!D14),2,0),0),0),0) -> 0 | BI15: =IFERROR(IF(AND(ISNUMBER('Real results'!C14),ISNUMBER('Real results'!D14),ISNUMBER('Raw data'!BI14),ISNUMBER('Raw data'!BJ14)),IF(SIGN('Raw data'!BI14-'Raw data'!BJ14)=SIGN('Real results'!C14-'Real results'!D14),2+IF(AND('Raw data'!BI14='Real results'!C14,'Raw data'!BJ14='Real results'!D14),2,0),0),0),0) -> 0
B16: GB-M3: Switzerland vs Bosnia-Herz. | C16: =IFERROR(IF(AND(ISNUMBER('Real results'!C15),ISNUMBER('Real results'!D15),ISNUMBER('Raw data'!C15),ISNUMBER('Raw data'!D15)),IF(SIGN('Raw data'!C15-'Raw data'!D15)=SIGN('Real results'!C15-'Real results'!D15),2+IF(AND('Raw data'!C15='Real results'!C15,'Raw data'!D15='Real results'!D15),2,0),0),0),0) -> 0 | E16: =IFERROR(IF(AND(ISNUMBER('Real results'!C15),ISNUMBER('Real results'!D15),ISNUMBER('Raw data'!E15),ISNUMBER('Raw data'!F15)),IF(SIGN('Raw data'!E15-'Raw data'!F15)=SIGN('Real results'!C15-'Real results'!D15),2+IF(AND('Raw data'!E15='Real results'!C15,'Raw data'!F15='Real results'!D15),2,0),0),0),0) -> 0 | G16: =IFERROR(IF(AND(ISNUMBER('Real results'!C15),ISNUMBER('Real results'!D15),ISNUMBER('Raw data'!G15),ISNUMBER('Raw data'!H15)),IF(SIGN('Raw data'!G15-'Raw data'!H15)=SIGN('Real results'!C15-'Real results'!D15),2+IF(AND('Raw data'!G15='Real results'!C15,'Raw data'!H15='Real results'!D15),2,0),0),0),0) -> 0 | I16: =IFERROR(IF(AND(ISNUMBER('Real results'!C15),ISNUMBER('Real results'!D15),ISNUMBER('Raw data'!I15),ISNUMBER('Raw data'!J15)),IF(SIGN('Raw data'!I15-'Raw data'!J15)=SIGN('Real results'!C15-'Real results'!D15),2+IF(AND('Raw data'!I15='Real results'!C15,'Raw data'!J15='Real results'!D15),2,0),0),0),0) -> 0 | K16: =IFERROR(IF(AND(ISNUMBER('Real results'!C15),ISNUMBER('Real results'!D15),ISNUMBER('Raw data'!K15),ISNUMBER('Raw data'!L15)),IF(SIGN('Raw data'!K15-'Raw data'!L15)=SIGN('Real results'!C15-'Real results'!D15),2+IF(AND('Raw data'!K15='Real results'!C15,'Raw data'!L15='Real results'!D15),2,0),0),0),0) -> 0 | M16: =IFERROR(IF(AND(ISNUMBER('Real results'!C15),ISNUMBER('Real results'!D15),ISNUMBER('Raw data'!M15),ISNUMBER('Raw data'!N15)),IF(SIGN('Raw data'!M15-'Raw data'!N15)=SIGN('Real results'!C15-'Real results'!D15),2+IF(AND('Raw data'!M15='Real results'!C15,'Raw data'!N15='Real results'!D15),2,0),0),0),0) -> 0 | O16: =IFERROR(IF(AND(ISNUMBER('Real results'!C15),ISNUMBER('Real results'!D15),ISNUMBER('Raw data'!O15),ISNUMBER('Raw data'!P15)),IF(SIGN('Raw data'!O15-'Raw data'!P15)=SIGN('Real results'!C15-'Real results'!D15),2+IF(AND('Raw data'!O15='Real results'!C15,'Raw data'!P15='Real results'!D15),2,0),0),0),0) -> 0 | Q16: =IFERROR(IF(AND(ISNUMBER('Real results'!C15),ISNUMBER('Real results'!D15),ISNUMBER('Raw data'!Q15),ISNUMBER('Raw data'!R15)),IF(SIGN('Raw data'!Q15-'Raw data'!R15)=SIGN('Real results'!C15-'Real results'!D15),2+IF(AND('Raw data'!Q15='Real results'!C15,'Raw data'!R15='Real results'!D15),2,0),0),0),0) -> 0 | S16: =IFERROR(IF(AND(ISNUMBER('Real results'!C15),ISNUMBER('Real results'!D15),ISNUMBER('Raw data'!S15),ISNUMBER('Raw data'!T15)),IF(SIGN('Raw data'!S15-'Raw data'!T15)=SIGN('Real results'!C15-'Real results'!D15),2+IF(AND('Raw data'!S15='Real results'!C15,'Raw data'!T15='Real results'!D15),2,0),0),0),0) -> 0 | U16: =IFERROR(IF(AND(ISNUMBER('Real results'!C15),ISNUMBER('Real results'!D15),ISNUMBER('Raw data'!U15),ISNUMBER('Raw data'!V15)),IF(SIGN('Raw data'!U15-'Raw data'!V15)=SIGN('Real results'!C15-'Real results'!D15),2+IF(AND('Raw data'!U15='Real results'!C15,'Raw data'!V15='Real results'!D15),2,0),0),0),0) -> 0 | W16: =IFERROR(IF(AND(ISNUMBER('Real results'!C15),ISNUMBER('Real results'!D15),ISNUMBER('Raw data'!W15),ISNUMBER('Raw data'!X15)),IF(SIGN('Raw data'!W15-'Raw data'!X15)=SIGN('Real results'!C15-'Real results'!D15),2+IF(AND('Raw data'!W15='Real results'!C15,'Raw data'!X15='Real results'!D15),2,0),0),0),0) -> 0 | Y16: =IFERROR(IF(AND(ISNUMBER('Real results'!C15),ISNUMBER('Real results'!D15),ISNUMBER('Raw data'!Y15),ISNUMBER('Raw data'!Z15)),IF(SIGN('Raw data'!Y15-'Raw data'!Z15)=SIGN('Real results'!C15-'Real results'!D15),2+IF(AND('Raw data'!Y15='Real results'!C15,'Raw data'!Z15='Real results'!D15),2,0),0),0),0) -> 0 | AA16: =IFERROR(IF(AND(ISNUMBER('Real results'!C15),ISNUMBER('Real results'!D15),ISNUMBER('Raw data'!AA15),ISNUMBER('Raw data'!AB15)),IF(SIGN('Raw data'!AA15-'Raw data'!AB15)=SIGN('Real results'!C15-'Real results'!D15),2+IF(AND('Raw data'!AA15='Real results'!C15,'Raw data'!AB15='Real results'!D15),2,0),0),0),0) -> 0 | AC16: =IFERROR(IF(AND(ISNUMBER('Real results'!C15),ISNUMBER('Real results'!D15),ISNUMBER('Raw data'!AC15),ISNUMBER('Raw data'!AD15)),IF(SIGN('Raw data'!AC15-'Raw data'!AD15)=SIGN('Real results'!C15-'Real results'!D15),2+IF(AND('Raw data'!AC15='Real results'!C15,'Raw data'!AD15='Real results'!D15),2,0),0),0),0) -> 0 | AE16: =IFERROR(IF(AND(ISNUMBER('Real results'!C15),ISNUMBER('Real results'!D15),ISNUMBER('Raw data'!AE15),ISNUMBER('Raw data'!AF15)),IF(SIGN('Raw data'!AE15-'Raw data'!AF15)=SIGN('Real results'!C15-'Real results'!D15),2+IF(AND('Raw data'!AE15='Real results'!C15,'Raw data'!AF15='Real results'!D15),2,0),0),0),0) -> 0 | AG16: =IFERROR(IF(AND(ISNUMBER('Real results'!C15),ISNUMBER('Real results'!D15),ISNUMBER('Raw data'!AG15),ISNUMBER('Raw data'!AH15)),IF(SIGN('Raw data'!AG15-'Raw data'!AH15)=SIGN('Real results'!C15-'Real results'!D15),2+IF(AND('Raw data'!AG15='Real results'!C15,'Raw data'!AH15='Real results'!D15),2,0),0),0),0) -> 0 | AI16: =IFERROR(IF(AND(ISNUMBER('Real results'!C15),ISNUMBER('Real results'!D15),ISNUMBER('Raw data'!AI15),ISNUMBER('Raw data'!AJ15)),IF(SIGN('Raw data'!AI15-'Raw data'!AJ15)=SIGN('Real results'!C15-'Real results'!D15),2+IF(AND('Raw data'!AI15='Real results'!C15,'Raw data'!AJ15='Real results'!D15),2,0),0),0),0) -> 0 | AK16: =IFERROR(IF(AND(ISNUMBER('Real results'!C15),ISNUMBER('Real results'!D15),ISNUMBER('Raw data'!AK15),ISNUMBER('Raw data'!AL15)),IF(SIGN('Raw data'!AK15-'Raw data'!AL15)=SIGN('Real results'!C15-'Real results'!D15),2+IF(AND('Raw data'!AK15='Real results'!C15,'Raw data'!AL15='Real results'!D15),2,0),0),0),0) -> 0 | AM16: =IFERROR(IF(AND(ISNUMBER('Real results'!C15),ISNUMBER('Real results'!D15),ISNUMBER('Raw data'!AM15),ISNUMBER('Raw data'!AN15)),IF(SIGN('Raw data'!AM15-'Raw data'!AN15)=SIGN('Real results'!C15-'Real results'!D15),2+IF(AND('Raw data'!AM15='Real results'!C15,'Raw data'!AN15='Real results'!D15),2,0),0),0),0) -> 0 | AO16: =IFERROR(IF(AND(ISNUMBER('Real results'!C15),ISNUMBER('Real results'!D15),ISNUMBER('Raw data'!AO15),ISNUMBER('Raw data'!AP15)),IF(SIGN('Raw data'!AO15-'Raw data'!AP15)=SIGN('Real results'!C15-'Real results'!D15),2+IF(AND('Raw data'!AO15='Real results'!C15,'Raw data'!AP15='Real results'!D15),2,0),0),0),0) -> 0 | AQ16: =IFERROR(IF(AND(ISNUMBER('Real results'!C15),ISNUMBER('Real results'!D15),ISNUMBER('Raw data'!AQ15),ISNUMBER('Raw data'!AR15)),IF(SIGN('Raw data'!AQ15-'Raw data'!AR15)=SIGN('Real results'!C15-'Real results'!D15),2+IF(AND('Raw data'!AQ15='Real results'!C15,'Raw data'!AR15='Real results'!D15),2,0),0),0),0) -> 0 | AS16: =IFERROR(IF(AND(ISNUMBER('Real results'!C15),ISNUMBER('Real results'!D15),ISNUMBER('Raw data'!AS15),ISNUMBER('Raw data'!AT15)),IF(SIGN('Raw data'!AS15-'Raw data'!AT15)=SIGN('Real results'!C15-'Real results'!D15),2+IF(AND('Raw data'!AS15='Real results'!C15,'Raw data'!AT15='Real results'!D15),2,0),0),0),0) -> 0 | AU16: =IFERROR(IF(AND(ISNUMBER('Real results'!C15),ISNUMBER('Real results'!D15),ISNUMBER('Raw data'!AU15),ISNUMBER('Raw data'!AV15)),IF(SIGN('Raw data'!AU15-'Raw data'!AV15)=SIGN('Real results'!C15-'Real results'!D15),2+IF(AND('Raw data'!AU15='Real results'!C15,'Raw data'!AV15='Real results'!D15),2,0),0),0),0) -> 0 | AW16: =IFERROR(IF(AND(ISNUMBER('Real results'!C15),ISNUMBER('Real results'!D15),ISNUMBER('Raw data'!AW15),ISNUMBER('Raw data'!AX15)),IF(SIGN('Raw data'!AW15-'Raw data'!AX15)=SIGN('Real results'!C15-'Real results'!D15),2+IF(AND('Raw data'!AW15='Real results'!C15,'Raw data'!AX15='Real results'!D15),2,0),0),0),0) -> 0 | AY16: =IFERROR(IF(AND(ISNUMBER('Real results'!C15),ISNUMBER('Real results'!D15),ISNUMBER('Raw data'!AY15),ISNUMBER('Raw data'!AZ15)),IF(SIGN('Raw data'!AY15-'Raw data'!AZ15)=SIGN('Real results'!C15-'Real results'!D15),2+IF(AND('Raw data'!AY15='Real results'!C15,'Raw data'!AZ15='Real results'!D15),2,0),0),0),0) -> 0 | BA16: =IFERROR(IF(AND(ISNUMBER('Real results'!C15),ISNUMBER('Real results'!D15),ISNUMBER('Raw data'!BA15),ISNUMBER('Raw data'!BB15)),IF(SIGN('Raw data'!BA15-'Raw data'!BB15)=SIGN('Real results'!C15-'Real results'!D15),2+IF(AND('Raw data'!BA15='Real results'!C15,'Raw data'!BB15='Real results'!D15),2,0),0),0),0) -> 0 | BC16: =IFERROR(IF(AND(ISNUMBER('Real results'!C15),ISNUMBER('Real results'!D15),ISNUMBER('Raw data'!BC15),ISNUMBER('Raw data'!BD15)),IF(SIGN('Raw data'!BC15-'Raw data'!BD15)=SIGN('Real results'!C15-'Real results'!D15),2+IF(AND('Raw data'!BC15='Real results'!C15,'Raw data'!BD15='Real results'!D15),2,0),0),0),0) -> 0 | BE16: =IFERROR(IF(AND(ISNUMBER('Real results'!C15),ISNUMBER('Real results'!D15),ISNUMBER('Raw data'!BE15),ISNUMBER('Raw data'!BF15)),IF(SIGN('Raw data'!BE15-'Raw data'!BF15)=SIGN('Real results'!C15-'Real results'!D15),2+IF(AND('Raw data'!BE15='Real results'!C15,'Raw data'!BF15='Real results'!D15),2,0),0),0),0) -> 0 | BG16: =IFERROR(IF(AND(ISNUMBER('Real results'!C15),ISNUMBER('Real results'!D15),ISNUMBER('Raw data'!BG15),ISNUMBER('Raw data'!BH15)),IF(SIGN('Raw data'!BG15-'Raw data'!BH15)=SIGN('Real results'!C15-'Real results'!D15),2+IF(AND('Raw data'!BG15='Real results'!C15,'Raw data'!BH15='Real results'!D15),2,0),0),0),0) -> 0 | BI16: =IFERROR(IF(AND(ISNUMBER('Real results'!C15),ISNUMBER('Real results'!D15),ISNUMBER('Raw data'!BI15),ISNUMBER('Raw data'!BJ15)),IF(SIGN('Raw data'!BI15-'Raw data'!BJ15)=SIGN('Real results'!C15-'Real results'!D15),2+IF(AND('Raw data'!BI15='Real results'!C15,'Raw data'!BJ15='Real results'!D15),2,0),0),0),0) -> 0
B17: GB-M4: Canada vs Qatar | C17: =IFERROR(IF(AND(ISNUMBER('Real results'!C16),ISNUMBER('Real results'!D16),ISNUMBER('Raw data'!C16),ISNUMBER('Raw data'!D16)),IF(SIGN('Raw data'!C16-'Raw data'!D16)=SIGN('Real results'!C16-'Real results'!D16),2+IF(AND('Raw data'!C16='Real results'!C16,'Raw data'!D16='Real results'!D16),2,0),0),0),0) -> 0 | E17: =IFERROR(IF(AND(ISNUMBER('Real results'!C16),ISNUMBER('Real results'!D16),ISNUMBER('Raw data'!E16),ISNUMBER('Raw data'!F16)),IF(SIGN('Raw data'!E16-'Raw data'!F16)=SIGN('Real results'!C16-'Real results'!D16),2+IF(AND('Raw data'!E16='Real results'!C16,'Raw data'!F16='Real results'!D16),2,0),0),0),0) -> 0 | G17: =IFERROR(IF(AND(ISNUMBER('Real results'!C16),ISNUMBER('Real results'!D16),ISNUMBER('Raw data'!G16),ISNUMBER('Raw data'!H16)),IF(SIGN('Raw data'!G16-'Raw data'!H16)=SIGN('Real results'!C16-'Real results'!D16),2+IF(AND('Raw data'!G16='Real results'!C16,'Raw data'!H16='Real results'!D16),2,0),0),0),0) -> 0 | I17: =IFERROR(IF(AND(ISNUMBER('Real results'!C16),ISNUMBER('Real results'!D16),ISNUMBER('Raw data'!I16),ISNUMBER('Raw data'!J16)),IF(SIGN('Raw data'!I16-'Raw data'!J16)=SIGN('Real results'!C16-'Real results'!D16),2+IF(AND('Raw data'!I16='Real results'!C16,'Raw data'!J16='Real results'!D16),2,0),0),0),0) -> 0 | K17: =IFERROR(IF(AND(ISNUMBER('Real results'!C16),ISNUMBER('Real results'!D16),ISNUMBER('Raw data'!K16),ISNUMBER('Raw data'!L16)),IF(SIGN('Raw data'!K16-'Raw data'!L16)=SIGN('Real results'!C16-'Real results'!D16),2+IF(AND('Raw data'!K16='Real results'!C16,'Raw data'!L16='Real results'!D16),2,0),0),0),0) -> 0 | M17: =IFERROR(IF(AND(ISNUMBER('Real results'!C16),ISNUMBER('Real results'!D16),ISNUMBER('Raw data'!M16),ISNUMBER('Raw data'!N16)),IF(SIGN('Raw data'!M16-'Raw data'!N16)=SIGN('Real results'!C16-'Real results'!D16),2+IF(AND('Raw data'!M16='Real results'!C16,'Raw data'!N16='Real results'!D16),2,0),0),0),0) -> 0 | O17: =IFERROR(IF(AND(ISNUMBER('Real results'!C16),ISNUMBER('Real results'!D16),ISNUMBER('Raw data'!O16),ISNUMBER('Raw data'!P16)),IF(SIGN('Raw data'!O16-'Raw data'!P16)=SIGN('Real results'!C16-'Real results'!D16),2+IF(AND('Raw data'!O16='Real results'!C16,'Raw data'!P16='Real results'!D16),2,0),0),0),0) -> 0 | Q17: =IFERROR(IF(AND(ISNUMBER('Real results'!C16),ISNUMBER('Real results'!D16),ISNUMBER('Raw data'!Q16),ISNUMBER('Raw data'!R16)),IF(SIGN('Raw data'!Q16-'Raw data'!R16)=SIGN('Real results'!C16-'Real results'!D16),2+IF(AND('Raw data'!Q16='Real results'!C16,'Raw data'!R16='Real results'!D16),2,0),0),0),0) -> 0 | S17: =IFERROR(IF(AND(ISNUMBER('Real results'!C16),ISNUMBER('Real results'!D16),ISNUMBER('Raw data'!S16),ISNUMBER('Raw data'!T16)),IF(SIGN('Raw data'!S16-'Raw data'!T16)=SIGN('Real results'!C16-'Real results'!D16),2+IF(AND('Raw data'!S16='Real results'!C16,'Raw data'!T16='Real results'!D16),2,0),0),0),0) -> 0 | U17: =IFERROR(IF(AND(ISNUMBER('Real results'!C16),ISNUMBER('Real results'!D16),ISNUMBER('Raw data'!U16),ISNUMBER('Raw data'!V16)),IF(SIGN('Raw data'!U16-'Raw data'!V16)=SIGN('Real results'!C16-'Real results'!D16),2+IF(AND('Raw data'!U16='Real results'!C16,'Raw data'!V16='Real results'!D16),2,0),0),0),0) -> 0 | W17: =IFERROR(IF(AND(ISNUMBER('Real results'!C16),ISNUMBER('Real results'!D16),ISNUMBER('Raw data'!W16),ISNUMBER('Raw data'!X16)),IF(SIGN('Raw data'!W16-'Raw data'!X16)=SIGN('Real results'!C16-'Real results'!D16),2+IF(AND('Raw data'!W16='Real results'!C16,'Raw data'!X16='Real results'!D16),2,0),0),0),0) -> 0 | Y17: =IFERROR(IF(AND(ISNUMBER('Real results'!C16),ISNUMBER('Real results'!D16),ISNUMBER('Raw data'!Y16),ISNUMBER('Raw data'!Z16)),IF(SIGN('Raw data'!Y16-'Raw data'!Z16)=SIGN('Real results'!C16-'Real results'!D16),2+IF(AND('Raw data'!Y16='Real results'!C16,'Raw data'!Z16='Real results'!D16),2,0),0),0),0) -> 0 | AA17: =IFERROR(IF(AND(ISNUMBER('Real results'!C16),ISNUMBER('Real results'!D16),ISNUMBER('Raw data'!AA16),ISNUMBER('Raw data'!AB16)),IF(SIGN('Raw data'!AA16-'Raw data'!AB16)=SIGN('Real results'!C16-'Real results'!D16),2+IF(AND('Raw data'!AA16='Real results'!C16,'Raw data'!AB16='Real results'!D16),2,0),0),0),0) -> 0 | AC17: =IFERROR(IF(AND(ISNUMBER('Real results'!C16),ISNUMBER('Real results'!D16),ISNUMBER('Raw data'!AC16),ISNUMBER('Raw data'!AD16)),IF(SIGN('Raw data'!AC16-'Raw data'!AD16)=SIGN('Real results'!C16-'Real results'!D16),2+IF(AND('Raw data'!AC16='Real results'!C16,'Raw data'!AD16='Real results'!D16),2,0),0),0),0) -> 0 | AE17: =IFERROR(IF(AND(ISNUMBER('Real results'!C16),ISNUMBER('Real results'!D16),ISNUMBER('Raw data'!AE16),ISNUMBER('Raw data'!AF16)),IF(SIGN('Raw data'!AE16-'Raw data'!AF16)=SIGN('Real results'!C16-'Real results'!D16),2+IF(AND('Raw data'!AE16='Real results'!C16,'Raw data'!AF16='Real results'!D16),2,0),0),0),0) -> 0 | AG17: =IFERROR(IF(AND(ISNUMBER('Real results'!C16),ISNUMBER('Real results'!D16),ISNUMBER('Raw data'!AG16),ISNUMBER('Raw data'!AH16)),IF(SIGN('Raw data'!AG16-'Raw data'!AH16)=SIGN('Real results'!C16-'Real results'!D16),2+IF(AND('Raw data'!AG16='Real results'!C16,'Raw data'!AH16='Real results'!D16),2,0),0),0),0) -> 0 | AI17: =IFERROR(IF(AND(ISNUMBER('Real results'!C16),ISNUMBER('Real results'!D16),ISNUMBER('Raw data'!AI16),ISNUMBER('Raw data'!AJ16)),IF(SIGN('Raw data'!AI16-'Raw data'!AJ16)=SIGN('Real results'!C16-'Real results'!D16),2+IF(AND('Raw data'!AI16='Real results'!C16,'Raw data'!AJ16='Real results'!D16),2,0),0),0),0) -> 0 | AK17: =IFERROR(IF(AND(ISNUMBER('Real results'!C16),ISNUMBER('Real results'!D16),ISNUMBER('Raw data'!AK16),ISNUMBER('Raw data'!AL16)),IF(SIGN('Raw data'!AK16-'Raw data'!AL16)=SIGN('Real results'!C16-'Real results'!D16),2+IF(AND('Raw data'!AK16='Real results'!C16,'Raw data'!AL16='Real results'!D16),2,0),0),0),0) -> 0 | AM17: =IFERROR(IF(AND(ISNUMBER('Real results'!C16),ISNUMBER('Real results'!D16),ISNUMBER('Raw data'!AM16),ISNUMBER('Raw data'!AN16)),IF(SIGN('Raw data'!AM16-'Raw data'!AN16)=SIGN('Real results'!C16-'Real results'!D16),2+IF(AND('Raw data'!AM16='Real results'!C16,'Raw data'!AN16='Real results'!D16),2,0),0),0),0) -> 0 | AO17: =IFERROR(IF(AND(ISNUMBER('Real results'!C16),ISNUMBER('Real results'!D16),ISNUMBER('Raw data'!AO16),ISNUMBER('Raw data'!AP16)),IF(SIGN('Raw data'!AO16-'Raw data'!AP16)=SIGN('Real results'!C16-'Real results'!D16),2+IF(AND('Raw data'!AO16='Real results'!C16,'Raw data'!AP16='Real results'!D16),2,0),0),0),0) -> 0 | AQ17: =IFERROR(IF(AND(ISNUMBER('Real results'!C16),ISNUMBER('Real results'!D16),ISNUMBER('Raw data'!AQ16),ISNUMBER('Raw data'!AR16)),IF(SIGN('Raw data'!AQ16-'Raw data'!AR16)=SIGN('Real results'!C16-'Real results'!D16),2+IF(AND('Raw data'!AQ16='Real results'!C16,'Raw data'!AR16='Real results'!D16),2,0),0),0),0) -> 0 | AS17: =IFERROR(IF(AND(ISNUMBER('Real results'!C16),ISNUMBER('Real results'!D16),ISNUMBER('Raw data'!AS16),ISNUMBER('Raw data'!AT16)),IF(SIGN('Raw data'!AS16-'Raw data'!AT16)=SIGN('Real results'!C16-'Real results'!D16),2+IF(AND('Raw data'!AS16='Real results'!C16,'Raw data'!AT16='Real results'!D16),2,0),0),0),0) -> 0 | AU17: =IFERROR(IF(AND(ISNUMBER('Real results'!C16),ISNUMBER('Real results'!D16),ISNUMBER('Raw data'!AU16),ISNUMBER('Raw data'!AV16)),IF(SIGN('Raw data'!AU16-'Raw data'!AV16)=SIGN('Real results'!C16-'Real results'!D16),2+IF(AND('Raw data'!AU16='Real results'!C16,'Raw data'!AV16='Real results'!D16),2,0),0),0),0) -> 0 | AW17: =IFERROR(IF(AND(ISNUMBER('Real results'!C16),ISNUMBER('Real results'!D16),ISNUMBER('Raw data'!AW16),ISNUMBER('Raw data'!AX16)),IF(SIGN('Raw data'!AW16-'Raw data'!AX16)=SIGN('Real results'!C16-'Real results'!D16),2+IF(AND('Raw data'!AW16='Real results'!C16,'Raw data'!AX16='Real results'!D16),2,0),0),0),0) -> 0 | AY17: =IFERROR(IF(AND(ISNUMBER('Real results'!C16),ISNUMBER('Real results'!D16),ISNUMBER('Raw data'!AY16),ISNUMBER('Raw data'!AZ16)),IF(SIGN('Raw data'!AY16-'Raw data'!AZ16)=SIGN('Real results'!C16-'Real results'!D16),2+IF(AND('Raw data'!AY16='Real results'!C16,'Raw data'!AZ16='Real results'!D16),2,0),0),0),0) -> 0 | BA17: =IFERROR(IF(AND(ISNUMBER('Real results'!C16),ISNUMBER('Real results'!D16),ISNUMBER('Raw data'!BA16),ISNUMBER('Raw data'!BB16)),IF(SIGN('Raw data'!BA16-'Raw data'!BB16)=SIGN('Real results'!C16-'Real results'!D16),2+IF(AND('Raw data'!BA16='Real results'!C16,'Raw data'!BB16='Real results'!D16),2,0),0),0),0) -> 0 | BC17: =IFERROR(IF(AND(ISNUMBER('Real results'!C16),ISNUMBER('Real results'!D16),ISNUMBER('Raw data'!BC16),ISNUMBER('Raw data'!BD16)),IF(SIGN('Raw data'!BC16-'Raw data'!BD16)=SIGN('Real results'!C16-'Real results'!D16),2+IF(AND('Raw data'!BC16='Real results'!C16,'Raw data'!BD16='Real results'!D16),2,0),0),0),0) -> 0 | BE17: =IFERROR(IF(AND(ISNUMBER('Real results'!C16),ISNUMBER('Real results'!D16),ISNUMBER('Raw data'!BE16),ISNUMBER('Raw data'!BF16)),IF(SIGN('Raw data'!BE16-'Raw data'!BF16)=SIGN('Real results'!C16-'Real results'!D16),2+IF(AND('Raw data'!BE16='Real results'!C16,'Raw data'!BF16='Real results'!D16),2,0),0),0),0) -> 0 | BG17: =IFERROR(IF(AND(ISNUMBER('Real results'!C16),ISNUMBER('Real results'!D16),ISNUMBER('Raw data'!BG16),ISNUMBER('Raw data'!BH16)),IF(SIGN('Raw data'!BG16-'Raw data'!BH16)=SIGN('Real results'!C16-'Real results'!D16),2+IF(AND('Raw data'!BG16='Real results'!C16,'Raw data'!BH16='Real results'!D16),2,0),0),0),0) -> 0 | BI17: =IFERROR(IF(AND(ISNUMBER('Real results'!C16),ISNUMBER('Real results'!D16),ISNUMBER('Raw data'!BI16),ISNUMBER('Raw data'!BJ16)),IF(SIGN('Raw data'!BI16-'Raw data'!BJ16)=SIGN('Real results'!C16-'Real results'!D16),2+IF(AND('Raw data'!BI16='Real results'!C16,'Raw data'!BJ16='Real results'!D16),2,0),0),0),0) -> 0
B18: GB-M5: Switzerland vs Canada | C18: =IFERROR(IF(AND(ISNUMBER('Real results'!C17),ISNUMBER('Real results'!D17),ISNUMBER('Raw data'!C17),ISNUMBER('Raw data'!D17)),IF(SIGN('Raw data'!C17-'Raw data'!D17)=SIGN('Real results'!C17-'Real results'!D17),2+IF(AND('Raw data'!C17='Real results'!C17,'Raw data'!D17='Real results'!D17),2,0),0),0),0) -> 0 | E18: =IFERROR(IF(AND(ISNUMBER('Real results'!C17),ISNUMBER('Real results'!D17),ISNUMBER('Raw data'!E17),ISNUMBER('Raw data'!F17)),IF(SIGN('Raw data'!E17-'Raw data'!F17)=SIGN('Real results'!C17-'Real results'!D17),2+IF(AND('Raw data'!E17='Real results'!C17,'Raw data'!F17='Real results'!D17),2,0),0),0),0) -> 0 | G18: =IFERROR(IF(AND(ISNUMBER('Real results'!C17),ISNUMBER('Real results'!D17),ISNUMBER('Raw data'!G17),ISNUMBER('Raw data'!H17)),IF(SIGN('Raw data'!G17-'Raw data'!H17)=SIGN('Real results'!C17-'Real results'!D17),2+IF(AND('Raw data'!G17='Real results'!C17,'Raw data'!H17='Real results'!D17),2,0),0),0),0) -> 0 | I18: =IFERROR(IF(AND(ISNUMBER('Real results'!C17),ISNUMBER('Real results'!D17),ISNUMBER('Raw data'!I17),ISNUMBER('Raw data'!J17)),IF(SIGN('Raw data'!I17-'Raw data'!J17)=SIGN('Real results'!C17-'Real results'!D17),2+IF(AND('Raw data'!I17='Real results'!C17,'Raw data'!J17='Real results'!D17),2,0),0),0),0) -> 0 | K18: =IFERROR(IF(AND(ISNUMBER('Real results'!C17),ISNUMBER('Real results'!D17),ISNUMBER('Raw data'!K17),ISNUMBER('Raw data'!L17)),IF(SIGN('Raw data'!K17-'Raw data'!L17)=SIGN('Real results'!C17-'Real results'!D17),2+IF(AND('Raw data'!K17='Real results'!C17,'Raw data'!L17='Real results'!D17),2,0),0),0),0) -> 0 | M18: =IFERROR(IF(AND(ISNUMBER('Real results'!C17),ISNUMBER('Real results'!D17),ISNUMBER('Raw data'!M17),ISNUMBER('Raw data'!N17)),IF(SIGN('Raw data'!M17-'Raw data'!N17)=SIGN('Real results'!C17-'Real results'!D17),2+IF(AND('Raw data'!M17='Real results'!C17,'Raw data'!N17='Real results'!D17),2,0),0),0),0) -> 0 | O18: =IFERROR(IF(AND(ISNUMBER('Real results'!C17),ISNUMBER('Real results'!D17),ISNUMBER('Raw data'!O17),ISNUMBER('Raw data'!P17)),IF(SIGN('Raw data'!O17-'Raw data'!P17)=SIGN('Real results'!C17-'Real results'!D17),2+IF(AND('Raw data'!O17='Real results'!C17,'Raw data'!P17='Real results'!D17),2,0),0),0),0) -> 0 | Q18: =IFERROR(IF(AND(ISNUMBER('Real results'!C17),ISNUMBER('Real results'!D17),ISNUMBER('Raw data'!Q17),ISNUMBER('Raw data'!R17)),IF(SIGN('Raw data'!Q17-'Raw data'!R17)=SIGN('Real results'!C17-'Real results'!D17),2+IF(AND('Raw data'!Q17='Real results'!C17,'Raw data'!R17='Real results'!D17),2,0),0),0),0) -> 0 | S18: =IFERROR(IF(AND(ISNUMBER('Real results'!C17),ISNUMBER('Real results'!D17),ISNUMBER('Raw data'!S17),ISNUMBER('Raw data'!T17)),IF(SIGN('Raw data'!S17-'Raw data'!T17)=SIGN('Real results'!C17-'Real results'!D17),2+IF(AND('Raw data'!S17='Real results'!C17,'Raw data'!T17='Real results'!D17),2,0),0),0),0) -> 0 | U18: =IFERROR(IF(AND(ISNUMBER('Real results'!C17),ISNUMBER('Real results'!D17),ISNUMBER('Raw data'!U17),ISNUMBER('Raw data'!V17)),IF(SIGN('Raw data'!U17-'Raw data'!V17)=SIGN('Real results'!C17-'Real results'!D17),2+IF(AND('Raw data'!U17='Real results'!C17,'Raw data'!V17='Real results'!D17),2,0),0),0),0) -> 0 | W18: =IFERROR(IF(AND(ISNUMBER('Real results'!C17),ISNUMBER('Real results'!D17),ISNUMBER('Raw data'!W17),ISNUMBER('Raw data'!X17)),IF(SIGN('Raw data'!W17-'Raw data'!X17)=SIGN('Real results'!C17-'Real results'!D17),2+IF(AND('Raw data'!W17='Real results'!C17,'Raw data'!X17='Real results'!D17),2,0),0),0),0) -> 0 | Y18: =IFERROR(IF(AND(ISNUMBER('Real results'!C17),ISNUMBER('Real results'!D17),ISNUMBER('Raw data'!Y17),ISNUMBER('Raw data'!Z17)),IF(SIGN('Raw data'!Y17-'Raw data'!Z17)=SIGN('Real results'!C17-'Real results'!D17),2+IF(AND('Raw data'!Y17='Real results'!C17,'Raw data'!Z17='Real results'!D17),2,0),0),0),0) -> 0 | AA18: =IFERROR(IF(AND(ISNUMBER('Real results'!C17),ISNUMBER('Real results'!D17),ISNUMBER('Raw data'!AA17),ISNUMBER('Raw data'!AB17)),IF(SIGN('Raw data'!AA17-'Raw data'!AB17)=SIGN('Real results'!C17-'Real results'!D17),2+IF(AND('Raw data'!AA17='Real results'!C17,'Raw data'!AB17='Real results'!D17),2,0),0),0),0) -> 0 | AC18: =IFERROR(IF(AND(ISNUMBER('Real results'!C17),ISNUMBER('Real results'!D17),ISNUMBER('Raw data'!AC17),ISNUMBER('Raw data'!AD17)),IF(SIGN('Raw data'!AC17-'Raw data'!AD17)=SIGN('Real results'!C17-'Real results'!D17),2+IF(AND('Raw data'!AC17='Real results'!C17,'Raw data'!AD17='Real results'!D17),2,0),0),0),0) -> 0 | AE18: =IFERROR(IF(AND(ISNUMBER('Real results'!C17),ISNUMBER('Real results'!D17),ISNUMBER('Raw data'!AE17),ISNUMBER('Raw data'!AF17)),IF(SIGN('Raw data'!AE17-'Raw data'!AF17)=SIGN('Real results'!C17-'Real results'!D17),2+IF(AND('Raw data'!AE17='Real results'!C17,'Raw data'!AF17='Real results'!D17),2,0),0),0),0) -> 0 | AG18: =IFERROR(IF(AND(ISNUMBER('Real results'!C17),ISNUMBER('Real results'!D17),ISNUMBER('Raw data'!AG17),ISNUMBER('Raw data'!AH17)),IF(SIGN('Raw data'!AG17-'Raw data'!AH17)=SIGN('Real results'!C17-'Real results'!D17),2+IF(AND('Raw data'!AG17='Real results'!C17,'Raw data'!AH17='Real results'!D17),2,0),0),0),0) -> 0 | AI18: =IFERROR(IF(AND(ISNUMBER('Real results'!C17),ISNUMBER('Real results'!D17),ISNUMBER('Raw data'!AI17),ISNUMBER('Raw data'!AJ17)),IF(SIGN('Raw data'!AI17-'Raw data'!AJ17)=SIGN('Real results'!C17-'Real results'!D17),2+IF(AND('Raw data'!AI17='Real results'!C17,'Raw data'!AJ17='Real results'!D17),2,0),0),0),0) -> 0 | AK18: =IFERROR(IF(AND(ISNUMBER('Real results'!C17),ISNUMBER('Real results'!D17),ISNUMBER('Raw data'!AK17),ISNUMBER('Raw data'!AL17)),IF(SIGN('Raw data'!AK17-'Raw data'!AL17)=SIGN('Real results'!C17-'Real results'!D17),2+IF(AND('Raw data'!AK17='Real results'!C17,'Raw data'!AL17='Real results'!D17),2,0),0),0),0) -> 0 | AM18: =IFERROR(IF(AND(ISNUMBER('Real results'!C17),ISNUMBER('Real results'!D17),ISNUMBER('Raw data'!AM17),ISNUMBER('Raw data'!AN17)),IF(SIGN('Raw data'!AM17-'Raw data'!AN17)=SIGN('Real results'!C17-'Real results'!D17),2+IF(AND('Raw data'!AM17='Real results'!C17,'Raw data'!AN17='Real results'!D17),2,0),0),0),0) -> 0 | AO18: =IFERROR(IF(AND(ISNUMBER('Real results'!C17),ISNUMBER('Real results'!D17),ISNUMBER('Raw data'!AO17),ISNUMBER('Raw data'!AP17)),IF(SIGN('Raw data'!AO17-'Raw data'!AP17)=SIGN('Real results'!C17-'Real results'!D17),2+IF(AND('Raw data'!AO17='Real results'!C17,'Raw data'!AP17='Real results'!D17),2,0),0),0),0) -> 0 | AQ18: =IFERROR(IF(AND(ISNUMBER('Real results'!C17),ISNUMBER('Real results'!D17),ISNUMBER('Raw data'!AQ17),ISNUMBER('Raw data'!AR17)),IF(SIGN('Raw data'!AQ17-'Raw data'!AR17)=SIGN('Real results'!C17-'Real results'!D17),2+IF(AND('Raw data'!AQ17='Real results'!C17,'Raw data'!AR17='Real results'!D17),2,0),0),0),0) -> 0 | AS18: =IFERROR(IF(AND(ISNUMBER('Real results'!C17),ISNUMBER('Real results'!D17),ISNUMBER('Raw data'!AS17),ISNUMBER('Raw data'!AT17)),IF(SIGN('Raw data'!AS17-'Raw data'!AT17)=SIGN('Real results'!C17-'Real results'!D17),2+IF(AND('Raw data'!AS17='Real results'!C17,'Raw data'!AT17='Real results'!D17),2,0),0),0),0) -> 0 | AU18: =IFERROR(IF(AND(ISNUMBER('Real results'!C17),ISNUMBER('Real results'!D17),ISNUMBER('Raw data'!AU17),ISNUMBER('Raw data'!AV17)),IF(SIGN('Raw data'!AU17-'Raw data'!AV17)=SIGN('Real results'!C17-'Real results'!D17),2+IF(AND('Raw data'!AU17='Real results'!C17,'Raw data'!AV17='Real results'!D17),2,0),0),0),0) -> 0 | AW18: =IFERROR(IF(AND(ISNUMBER('Real results'!C17),ISNUMBER('Real results'!D17),ISNUMBER('Raw data'!AW17),ISNUMBER('Raw data'!AX17)),IF(SIGN('Raw data'!AW17-'Raw data'!AX17)=SIGN('Real results'!C17-'Real results'!D17),2+IF(AND('Raw data'!AW17='Real results'!C17,'Raw data'!AX17='Real results'!D17),2,0),0),0),0) -> 0 | AY18: =IFERROR(IF(AND(ISNUMBER('Real results'!C17),ISNUMBER('Real results'!D17),ISNUMBER('Raw data'!AY17),ISNUMBER('Raw data'!AZ17)),IF(SIGN('Raw data'!AY17-'Raw data'!AZ17)=SIGN('Real results'!C17-'Real results'!D17),2+IF(AND('Raw data'!AY17='Real results'!C17,'Raw data'!AZ17='Real results'!D17),2,0),0),0),0) -> 0 | BA18: =IFERROR(IF(AND(ISNUMBER('Real results'!C17),ISNUMBER('Real results'!D17),ISNUMBER('Raw data'!BA17),ISNUMBER('Raw data'!BB17)),IF(SIGN('Raw data'!BA17-'Raw data'!BB17)=SIGN('Real results'!C17-'Real results'!D17),2+IF(AND('Raw data'!BA17='Real results'!C17,'Raw data'!BB17='Real results'!D17),2,0),0),0),0) -> 0 | BC18: =IFERROR(IF(AND(ISNUMBER('Real results'!C17),ISNUMBER('Real results'!D17),ISNUMBER('Raw data'!BC17),ISNUMBER('Raw data'!BD17)),IF(SIGN('Raw data'!BC17-'Raw data'!BD17)=SIGN('Real results'!C17-'Real results'!D17),2+IF(AND('Raw data'!BC17='Real results'!C17,'Raw data'!BD17='Real results'!D17),2,0),0),0),0) -> 0 | BE18: =IFERROR(IF(AND(ISNUMBER('Real results'!C17),ISNUMBER('Real results'!D17),ISNUMBER('Raw data'!BE17),ISNUMBER('Raw data'!BF17)),IF(SIGN('Raw data'!BE17-'Raw data'!BF17)=SIGN('Real results'!C17-'Real results'!D17),2+IF(AND('Raw data'!BE17='Real results'!C17,'Raw data'!BF17='Real results'!D17),2,0),0),0),0) -> 0 | BG18: =IFERROR(IF(AND(ISNUMBER('Real results'!C17),ISNUMBER('Real results'!D17),ISNUMBER('Raw data'!BG17),ISNUMBER('Raw data'!BH17)),IF(SIGN('Raw data'!BG17-'Raw data'!BH17)=SIGN('Real results'!C17-'Real results'!D17),2+IF(AND('Raw data'!BG17='Real results'!C17,'Raw data'!BH17='Real results'!D17),2,0),0),0),0) -> 0 | BI18: =IFERROR(IF(AND(ISNUMBER('Real results'!C17),ISNUMBER('Real results'!D17),ISNUMBER('Raw data'!BI17),ISNUMBER('Raw data'!BJ17)),IF(SIGN('Raw data'!BI17-'Raw data'!BJ17)=SIGN('Real results'!C17-'Real results'!D17),2+IF(AND('Raw data'!BI17='Real results'!C17,'Raw data'!BJ17='Real results'!D17),2,0),0),0),0) -> 0
B19: GB-M6: Bosnia-Herz. vs Qatar | C19: =IFERROR(IF(AND(ISNUMBER('Real results'!C18),ISNUMBER('Real results'!D18),ISNUMBER('Raw data'!C18),ISNUMBER('Raw data'!D18)),IF(SIGN('Raw data'!C18-'Raw data'!D18)=SIGN('Real results'!C18-'Real results'!D18),2+IF(AND('Raw data'!C18='Real results'!C18,'Raw data'!D18='Real results'!D18),2,0),0),0),0) -> 0 | E19: =IFERROR(IF(AND(ISNUMBER('Real results'!C18),ISNUMBER('Real results'!D18),ISNUMBER('Raw data'!E18),ISNUMBER('Raw data'!F18)),IF(SIGN('Raw data'!E18-'Raw data'!F18)=SIGN('Real results'!C18-'Real results'!D18),2+IF(AND('Raw data'!E18='Real results'!C18,'Raw data'!F18='Real results'!D18),2,0),0),0),0) -> 0 | G19: =IFERROR(IF(AND(ISNUMBER('Real results'!C18),ISNUMBER('Real results'!D18),ISNUMBER('Raw data'!G18),ISNUMBER('Raw data'!H18)),IF(SIGN('Raw data'!G18-'Raw data'!H18)=SIGN('Real results'!C18-'Real results'!D18),2+IF(AND('Raw data'!G18='Real results'!C18,'Raw data'!H18='Real results'!D18),2,0),0),0),0) -> 0 | I19: =IFERROR(IF(AND(ISNUMBER('Real results'!C18),ISNUMBER('Real results'!D18),ISNUMBER('Raw data'!I18),ISNUMBER('Raw data'!J18)),IF(SIGN('Raw data'!I18-'Raw data'!J18)=SIGN('Real results'!C18-'Real results'!D18),2+IF(AND('Raw data'!I18='Real results'!C18,'Raw data'!J18='Real results'!D18),2,0),0),0),0) -> 0 | K19: =IFERROR(IF(AND(ISNUMBER('Real results'!C18),ISNUMBER('Real results'!D18),ISNUMBER('Raw data'!K18),ISNUMBER('Raw data'!L18)),IF(SIGN('Raw data'!K18-'Raw data'!L18)=SIGN('Real results'!C18-'Real results'!D18),2+IF(AND('Raw data'!K18='Real results'!C18,'Raw data'!L18='Real results'!D18),2,0),0),0),0) -> 0 | M19: =IFERROR(IF(AND(ISNUMBER('Real results'!C18),ISNUMBER('Real results'!D18),ISNUMBER('Raw data'!M18),ISNUMBER('Raw data'!N18)),IF(SIGN('Raw data'!M18-'Raw data'!N18)=SIGN('Real results'!C18-'Real results'!D18),2+IF(AND('Raw data'!M18='Real results'!C18,'Raw data'!N18='Real results'!D18),2,0),0),0),0) -> 0 | O19: =IFERROR(IF(AND(ISNUMBER('Real results'!C18),ISNUMBER('Real results'!D18),ISNUMBER('Raw data'!O18),ISNUMBER('Raw data'!P18)),IF(SIGN('Raw data'!O18-'Raw data'!P18)=SIGN('Real results'!C18-'Real results'!D18),2+IF(AND('Raw data'!O18='Real results'!C18,'Raw data'!P18='Real results'!D18),2,0),0),0),0) -> 0 | Q19: =IFERROR(IF(AND(ISNUMBER('Real results'!C18),ISNUMBER('Real results'!D18),ISNUMBER('Raw data'!Q18),ISNUMBER('Raw data'!R18)),IF(SIGN('Raw data'!Q18-'Raw data'!R18)=SIGN('Real results'!C18-'Real results'!D18),2+IF(AND('Raw data'!Q18='Real results'!C18,'Raw data'!R18='Real results'!D18),2,0),0),0),0) -> 0 | S19: =IFERROR(IF(AND(ISNUMBER('Real results'!C18),ISNUMBER('Real results'!D18),ISNUMBER('Raw data'!S18),ISNUMBER('Raw data'!T18)),IF(SIGN('Raw data'!S18-'Raw data'!T18)=SIGN('Real results'!C18-'Real results'!D18),2+IF(AND('Raw data'!S18='Real results'!C18,'Raw data'!T18='Real results'!D18),2,0),0),0),0) -> 0 | U19: =IFERROR(IF(AND(ISNUMBER('Real results'!C18),ISNUMBER('Real results'!D18),ISNUMBER('Raw data'!U18),ISNUMBER('Raw data'!V18)),IF(SIGN('Raw data'!U18-'Raw data'!V18)=SIGN('Real results'!C18-'Real results'!D18),2+IF(AND('Raw data'!U18='Real results'!C18,'Raw data'!V18='Real results'!D18),2,0),0),0),0) -> 0 | W19: =IFERROR(IF(AND(ISNUMBER('Real results'!C18),ISNUMBER('Real results'!D18),ISNUMBER('Raw data'!W18),ISNUMBER('Raw data'!X18)),IF(SIGN('Raw data'!W18-'Raw data'!X18)=SIGN('Real results'!C18-'Real results'!D18),2+IF(AND('Raw data'!W18='Real results'!C18,'Raw data'!X18='Real results'!D18),2,0),0),0),0) -> 0 | Y19: =IFERROR(IF(AND(ISNUMBER('Real results'!C18),ISNUMBER('Real results'!D18),ISNUMBER('Raw data'!Y18),ISNUMBER('Raw data'!Z18)),IF(SIGN('Raw data'!Y18-'Raw data'!Z18)=SIGN('Real results'!C18-'Real results'!D18),2+IF(AND('Raw data'!Y18='Real results'!C18,'Raw data'!Z18='Real results'!D18),2,0),0),0),0) -> 0 | AA19: =IFERROR(IF(AND(ISNUMBER('Real results'!C18),ISNUMBER('Real results'!D18),ISNUMBER('Raw data'!AA18),ISNUMBER('Raw data'!AB18)),IF(SIGN('Raw data'!AA18-'Raw data'!AB18)=SIGN('Real results'!C18-'Real results'!D18),2+IF(AND('Raw data'!AA18='Real results'!C18,'Raw data'!AB18='Real results'!D18),2,0),0),0),0) -> 0 | AC19: =IFERROR(IF(AND(ISNUMBER('Real results'!C18),ISNUMBER('Real results'!D18),ISNUMBER('Raw data'!AC18),ISNUMBER('Raw data'!AD18)),IF(SIGN('Raw data'!AC18-'Raw data'!AD18)=SIGN('Real results'!C18-'Real results'!D18),2+IF(AND('Raw data'!AC18='Real results'!C18,'Raw data'!AD18='Real results'!D18),2,0),0),0),0) -> 0 | AE19: =IFERROR(IF(AND(ISNUMBER('Real results'!C18),ISNUMBER('Real results'!D18),ISNUMBER('Raw data'!AE18),ISNUMBER('Raw data'!AF18)),IF(SIGN('Raw data'!AE18-'Raw data'!AF18)=SIGN('Real results'!C18-'Real results'!D18),2+IF(AND('Raw data'!AE18='Real results'!C18,'Raw data'!AF18='Real results'!D18),2,0),0),0),0) -> 0 | AG19: =IFERROR(IF(AND(ISNUMBER('Real results'!C18),ISNUMBER('Real results'!D18),ISNUMBER('Raw data'!AG18),ISNUMBER('Raw data'!AH18)),IF(SIGN('Raw data'!AG18-'Raw data'!AH18)=SIGN('Real results'!C18-'Real results'!D18),2+IF(AND('Raw data'!AG18='Real results'!C18,'Raw data'!AH18='Real results'!D18),2,0),0),0),0) -> 0 | AI19: =IFERROR(IF(AND(ISNUMBER('Real results'!C18),ISNUMBER('Real results'!D18),ISNUMBER('Raw data'!AI18),ISNUMBER('Raw data'!AJ18)),IF(SIGN('Raw data'!AI18-'Raw data'!AJ18)=SIGN('Real results'!C18-'Real results'!D18),2+IF(AND('Raw data'!AI18='Real results'!C18,'Raw data'!AJ18='Real results'!D18),2,0),0),0),0) -> 0 | AK19: =IFERROR(IF(AND(ISNUMBER('Real results'!C18),ISNUMBER('Real results'!D18),ISNUMBER('Raw data'!AK18),ISNUMBER('Raw data'!AL18)),IF(SIGN('Raw data'!AK18-'Raw data'!AL18)=SIGN('Real results'!C18-'Real results'!D18),2+IF(AND('Raw data'!AK18='Real results'!C18,'Raw data'!AL18='Real results'!D18),2,0),0),0),0) -> 0 | AM19: =IFERROR(IF(AND(ISNUMBER('Real results'!C18),ISNUMBER('Real results'!D18),ISNUMBER('Raw data'!AM18),ISNUMBER('Raw data'!AN18)),IF(SIGN('Raw data'!AM18-'Raw data'!AN18)=SIGN('Real results'!C18-'Real results'!D18),2+IF(AND('Raw data'!AM18='Real results'!C18,'Raw data'!AN18='Real results'!D18),2,0),0),0),0) -> 0 | AO19: =IFERROR(IF(AND(ISNUMBER('Real results'!C18),ISNUMBER('Real results'!D18),ISNUMBER('Raw data'!AO18),ISNUMBER('Raw data'!AP18)),IF(SIGN('Raw data'!AO18-'Raw data'!AP18)=SIGN('Real results'!C18-'Real results'!D18),2+IF(AND('Raw data'!AO18='Real results'!C18,'Raw data'!AP18='Real results'!D18),2,0),0),0),0) -> 0 | AQ19: =IFERROR(IF(AND(ISNUMBER('Real results'!C18),ISNUMBER('Real results'!D18),ISNUMBER('Raw data'!AQ18),ISNUMBER('Raw data'!AR18)),IF(SIGN('Raw data'!AQ18-'Raw data'!AR18)=SIGN('Real results'!C18-'Real results'!D18),2+IF(AND('Raw data'!AQ18='Real results'!C18,'Raw data'!AR18='Real results'!D18),2,0),0),0),0) -> 0 | AS19: =IFERROR(IF(AND(ISNUMBER('Real results'!C18),ISNUMBER('Real results'!D18),ISNUMBER('Raw data'!AS18),ISNUMBER('Raw data'!AT18)),IF(SIGN('Raw data'!AS18-'Raw data'!AT18)=SIGN('Real results'!C18-'Real results'!D18),2+IF(AND('Raw data'!AS18='Real results'!C18,'Raw data'!AT18='Real results'!D18),2,0),0),0),0) -> 0 | AU19: =IFERROR(IF(AND(ISNUMBER('Real results'!C18),ISNUMBER('Real results'!D18),ISNUMBER('Raw data'!AU18),ISNUMBER('Raw data'!AV18)),IF(SIGN('Raw data'!AU18-'Raw data'!AV18)=SIGN('Real results'!C18-'Real results'!D18),2+IF(AND('Raw data'!AU18='Real results'!C18,'Raw data'!AV18='Real results'!D18),2,0),0),0),0) -> 0 | AW19: =IFERROR(IF(AND(ISNUMBER('Real results'!C18),ISNUMBER('Real results'!D18),ISNUMBER('Raw data'!AW18),ISNUMBER('Raw data'!AX18)),IF(SIGN('Raw data'!AW18-'Raw data'!AX18)=SIGN('Real results'!C18-'Real results'!D18),2+IF(AND('Raw data'!AW18='Real results'!C18,'Raw data'!AX18='Real results'!D18),2,0),0),0),0) -> 0 | AY19: =IFERROR(IF(AND(ISNUMBER('Real results'!C18),ISNUMBER('Real results'!D18),ISNUMBER('Raw data'!AY18),ISNUMBER('Raw data'!AZ18)),IF(SIGN('Raw data'!AY18-'Raw data'!AZ18)=SIGN('Real results'!C18-'Real results'!D18),2+IF(AND('Raw data'!AY18='Real results'!C18,'Raw data'!AZ18='Real results'!D18),2,0),0),0),0) -> 0 | BA19: =IFERROR(IF(AND(ISNUMBER('Real results'!C18),ISNUMBER('Real results'!D18),ISNUMBER('Raw data'!BA18),ISNUMBER('Raw data'!BB18)),IF(SIGN('Raw data'!BA18-'Raw data'!BB18)=SIGN('Real results'!C18-'Real results'!D18),2+IF(AND('Raw data'!BA18='Real results'!C18,'Raw data'!BB18='Real results'!D18),2,0),0),0),0) -> 0 | BC19: =IFERROR(IF(AND(ISNUMBER('Real results'!C18),ISNUMBER('Real results'!D18),ISNUMBER('Raw data'!BC18),ISNUMBER('Raw data'!BD18)),IF(SIGN('Raw data'!BC18-'Raw data'!BD18)=SIGN('Real results'!C18-'Real results'!D18),2+IF(AND('Raw data'!BC18='Real results'!C18,'Raw data'!BD18='Real results'!D18),2,0),0),0),0) -> 0 | BE19: =IFERROR(IF(AND(ISNUMBER('Real results'!C18),ISNUMBER('Real results'!D18),ISNUMBER('Raw data'!BE18),ISNUMBER('Raw data'!BF18)),IF(SIGN('Raw data'!BE18-'Raw data'!BF18)=SIGN('Real results'!C18-'Real results'!D18),2+IF(AND('Raw data'!BE18='Real results'!C18,'Raw data'!BF18='Real results'!D18),2,0),0),0),0) -> 0 | BG19: =IFERROR(IF(AND(ISNUMBER('Real results'!C18),ISNUMBER('Real results'!D18),ISNUMBER('Raw data'!BG18),ISNUMBER('Raw data'!BH18)),IF(SIGN('Raw data'!BG18-'Raw data'!BH18)=SIGN('Real results'!C18-'Real results'!D18),2+IF(AND('Raw data'!BG18='Real results'!C18,'Raw data'!BH18='Real results'!D18),2,0),0),0),0) -> 0 | BI19: =IFERROR(IF(AND(ISNUMBER('Real results'!C18),ISNUMBER('Real results'!D18),ISNUMBER('Raw data'!BI18),ISNUMBER('Raw data'!BJ18)),IF(SIGN('Raw data'!BI18-'Raw data'!BJ18)=SIGN('Real results'!C18-'Real results'!D18),2+IF(AND('Raw data'!BI18='Real results'!C18,'Raw data'!BJ18='Real results'!D18),2,0),0),0),0) -> 0
... B79: GL-M6: Panama vs England | C79: =IFERROR(IF(AND(ISNUMBER('Real results'!C78),ISNUMBER('Real results'!D78),ISNUMBER('Raw data'!C78),ISNUMBER('Raw data'!D78)),IF(SIGN('Raw data'!C78-'Raw data'!D78)=SIGN('Real results'!C78-'Real results'!D78),2+IF(AND('Raw data'!C78='Real results'!C78,'Raw data'!D78='Real results'!D78),2,0),0),0),0) -> 0 | E79: =IFERROR(IF(AND(ISNUMBER('Real results'!C78),ISNUMBER('Real results'!D78),ISNUMBER('Raw data'!E78),ISNUMBER('Raw data'!F78)),IF(SIGN('Raw data'!E78-'Raw data'!F78)=SIGN('Real results'!C78-'Real results'!D78),2+IF(AND('Raw data'!E78='Real results'!C78,'Raw data'!F78='Real results'!D78),2,0),0),0),0) -> 0 | G79: =IFERROR(IF(AND(ISNUMBER('Real results'!C78),ISNUMBER('Real results'!D78),ISNUMBER('Raw data'!G78),ISNUMBER('Raw data'!H78)),IF(SIGN('Raw data'!G78-'Raw data'!H78)=SIGN('Real results'!C78-'Real results'!D78),2+IF(AND('Raw data'!G78='Real results'!C78,'Raw data'!H78='Real results'!D78),2,0),0),0),0) -> 0 | I79: =IFERROR(IF(AND(ISNUMBER('Real results'!C78),ISNUMBER('Real results'!D78),ISNUMBER('Raw data'!I78),ISNUMBER('Raw data'!J78)),IF(SIGN('Raw data'!I78-'Raw data'!J78)=SIGN('Real results'!C78-'Real results'!D78),2+IF(AND('Raw data'!I78='Real results'!C78,'Raw data'!J78='Real results'!D78),2,0),0),0),0) -> 0 | K79: =IFERROR(IF(AND(ISNUMBER('Real results'!C78),ISNUMBER('Real results'!D78),ISNUMBER('Raw data'!K78),ISNUMBER('Raw data'!L78)),IF(SIGN('Raw data'!K78-'Raw data'!L78)=SIGN('Real results'!C78-'Real results'!D78),2+IF(AND('Raw data'!K78='Real results'!C78,'Raw data'!L78='Real results'!D78),2,0),0),0),0) -> 0 | M79: =IFERROR(IF(AND(ISNUMBER('Real results'!C78),ISNUMBER('Real results'!D78),ISNUMBER('Raw data'!M78),ISNUMBER('Raw data'!N78)),IF(SIGN('Raw data'!M78-'Raw data'!N78)=SIGN('Real results'!C78-'Real results'!D78),2+IF(AND('Raw data'!M78='Real results'!C78,'Raw data'!N78='Real results'!D78),2,0),0),0),0) -> 0 | O79: =IFERROR(IF(AND(ISNUMBER('Real results'!C78),ISNUMBER('Real results'!D78),ISNUMBER('Raw data'!O78),ISNUMBER('Raw data'!P78)),IF(SIGN('Raw data'!O78-'Raw data'!P78)=SIGN('Real results'!C78-'Real results'!D78),2+IF(AND('Raw data'!O78='Real results'!C78,'Raw data'!P78='Real results'!D78),2,0),0),0),0) -> 0 | Q79: =IFERROR(IF(AND(ISNUMBER('Real results'!C78),ISNUMBER('Real results'!D78),ISNUMBER('Raw data'!Q78),ISNUMBER('Raw data'!R78)),IF(SIGN('Raw data'!Q78-'Raw data'!R78)=SIGN('Real results'!C78-'Real results'!D78),2+IF(AND('Raw data'!Q78='Real results'!C78,'Raw data'!R78='Real results'!D78),2,0),0),0),0) -> 0 | S79: =IFERROR(IF(AND(ISNUMBER('Real results'!C78),ISNUMBER('Real results'!D78),ISNUMBER('Raw data'!S78),ISNUMBER('Raw data'!T78)),IF(SIGN('Raw data'!S78-'Raw data'!T78)=SIGN('Real results'!C78-'Real results'!D78),2+IF(AND('Raw data'!S78='Real results'!C78,'Raw data'!T78='Real results'!D78),2,0),0),0),0) -> 0 | U79: =IFERROR(IF(AND(ISNUMBER('Real results'!C78),ISNUMBER('Real results'!D78),ISNUMBER('Raw data'!U78),ISNUMBER('Raw data'!V78)),IF(SIGN('Raw data'!U78-'Raw data'!V78)=SIGN('Real results'!C78-'Real results'!D78),2+IF(AND('Raw data'!U78='Real results'!C78,'Raw data'!V78='Real results'!D78),2,0),0),0),0) -> 0 | W79: =IFERROR(IF(AND(ISNUMBER('Real results'!C78),ISNUMBER('Real results'!D78),ISNUMBER('Raw data'!W78),ISNUMBER('Raw data'!X78)),IF(SIGN('Raw data'!W78-'Raw data'!X78)=SIGN('Real results'!C78-'Real results'!D78),2+IF(AND('Raw data'!W78='Real results'!C78,'Raw data'!X78='Real results'!D78),2,0),0),0),0) -> 0 | Y79: =IFERROR(IF(AND(ISNUMBER('Real results'!C78),ISNUMBER('Real results'!D78),ISNUMBER('Raw data'!Y78),ISNUMBER('Raw data'!Z78)),IF(SIGN('Raw data'!Y78-'Raw data'!Z78)=SIGN('Real results'!C78-'Real results'!D78),2+IF(AND('Raw data'!Y78='Real results'!C78,'Raw data'!Z78='Real results'!D78),2,0),0),0),0) -> 0 | AA79: =IFERROR(IF(AND(ISNUMBER('Real results'!C78),ISNUMBER('Real results'!D78),ISNUMBER('Raw data'!AA78),ISNUMBER('Raw data'!AB78)),IF(SIGN('Raw data'!AA78-'Raw data'!AB78)=SIGN('Real results'!C78-'Real results'!D78),2+IF(AND('Raw data'!AA78='Real results'!C78,'Raw data'!AB78='Real results'!D78),2,0),0),0),0) -> 0 | AC79: =IFERROR(IF(AND(ISNUMBER('Real results'!C78),ISNUMBER('Real results'!D78),ISNUMBER('Raw data'!AC78),ISNUMBER('Raw data'!AD78)),IF(SIGN('Raw data'!AC78-'Raw data'!AD78)=SIGN('Real results'!C78-'Real results'!D78),2+IF(AND('Raw data'!AC78='Real results'!C78,'Raw data'!AD78='Real results'!D78),2,0),0),0),0) -> 0 | AE79: =IFERROR(IF(AND(ISNUMBER('Real results'!C78),ISNUMBER('Real results'!D78),ISNUMBER('Raw data'!AE78),ISNUMBER('Raw data'!AF78)),IF(SIGN('Raw data'!AE78-'Raw data'!AF78)=SIGN('Real results'!C78-'Real results'!D78),2+IF(AND('Raw data'!AE78='Real results'!C78,'Raw data'!AF78='Real results'!D78),2,0),0),0),0) -> 0 | AG79: =IFERROR(IF(AND(ISNUMBER('Real results'!C78),ISNUMBER('Real results'!D78),ISNUMBER('Raw data'!AG78),ISNUMBER('Raw data'!AH78)),IF(SIGN('Raw data'!AG78-'Raw data'!AH78)=SIGN('Real results'!C78-'Real results'!D78),2+IF(AND('Raw data'!AG78='Real results'!C78,'Raw data'!AH78='Real results'!D78),2,0),0),0),0) -> 0 | AI79: =IFERROR(IF(AND(ISNUMBER('Real results'!C78),ISNUMBER('Real results'!D78),ISNUMBER('Raw data'!AI78),ISNUMBER('Raw data'!AJ78)),IF(SIGN('Raw data'!AI78-'Raw data'!AJ78)=SIGN('Real results'!C78-'Real results'!D78),2+IF(AND('Raw data'!AI78='Real results'!C78,'Raw data'!AJ78='Real results'!D78),2,0),0),0),0) -> 0 | AK79: =IFERROR(IF(AND(ISNUMBER('Real results'!C78),ISNUMBER('Real results'!D78),ISNUMBER('Raw data'!AK78),ISNUMBER('Raw data'!AL78)),IF(SIGN('Raw data'!AK78-'Raw data'!AL78)=SIGN('Real results'!C78-'Real results'!D78),2+IF(AND('Raw data'!AK78='Real results'!C78,'Raw data'!AL78='Real results'!D78),2,0),0),0),0) -> 0 | AM79: =IFERROR(IF(AND(ISNUMBER('Real results'!C78),ISNUMBER('Real results'!D78),ISNUMBER('Raw data'!AM78),ISNUMBER('Raw data'!AN78)),IF(SIGN('Raw data'!AM78-'Raw data'!AN78)=SIGN('Real results'!C78-'Real results'!D78),2+IF(AND('Raw data'!AM78='Real results'!C78,'Raw data'!AN78='Real results'!D78),2,0),0),0),0) -> 0 | AO79: =IFERROR(IF(AND(ISNUMBER('Real results'!C78),ISNUMBER('Real results'!D78),ISNUMBER('Raw data'!AO78),ISNUMBER('Raw data'!AP78)),IF(SIGN('Raw data'!AO78-'Raw data'!AP78)=SIGN('Real results'!C78-'Real results'!D78),2+IF(AND('Raw data'!AO78='Real results'!C78,'Raw data'!AP78='Real results'!D78),2,0),0),0),0) -> 0 | AQ79: =IFERROR(IF(AND(ISNUMBER('Real results'!C78),ISNUMBER('Real results'!D78),ISNUMBER('Raw data'!AQ78),ISNUMBER('Raw data'!AR78)),IF(SIGN('Raw data'!AQ78-'Raw data'!AR78)=SIGN('Real results'!C78-'Real results'!D78),2+IF(AND('Raw data'!AQ78='Real results'!C78,'Raw data'!AR78='Real results'!D78),2,0),0),0),0) -> 0 | AS79: =IFERROR(IF(AND(ISNUMBER('Real results'!C78),ISNUMBER('Real results'!D78),ISNUMBER('Raw data'!AS78),ISNUMBER('Raw data'!AT78)),IF(SIGN('Raw data'!AS78-'Raw data'!AT78)=SIGN('Real results'!C78-'Real results'!D78),2+IF(AND('Raw data'!AS78='Real results'!C78,'Raw data'!AT78='Real results'!D78),2,0),0),0),0) -> 0 | AU79: =IFERROR(IF(AND(ISNUMBER('Real results'!C78),ISNUMBER('Real results'!D78),ISNUMBER('Raw data'!AU78),ISNUMBER('Raw data'!AV78)),IF(SIGN('Raw data'!AU78-'Raw data'!AV78)=SIGN('Real results'!C78-'Real results'!D78),2+IF(AND('Raw data'!AU78='Real results'!C78,'Raw data'!AV78='Real results'!D78),2,0),0),0),0) -> 0 | AW79: =IFERROR(IF(AND(ISNUMBER('Real results'!C78),ISNUMBER('Real results'!D78),ISNUMBER('Raw data'!AW78),ISNUMBER('Raw data'!AX78)),IF(SIGN('Raw data'!AW78-'Raw data'!AX78)=SIGN('Real results'!C78-'Real results'!D78),2+IF(AND('Raw data'!AW78='Real results'!C78,'Raw data'!AX78='Real results'!D78),2,0),0),0),0) -> 0 | AY79: =IFERROR(IF(AND(ISNUMBER('Real results'!C78),ISNUMBER('Real results'!D78),ISNUMBER('Raw data'!AY78),ISNUMBER('Raw data'!AZ78)),IF(SIGN('Raw data'!AY78-'Raw data'!AZ78)=SIGN('Real results'!C78-'Real results'!D78),2+IF(AND('Raw data'!AY78='Real results'!C78,'Raw data'!AZ78='Real results'!D78),2,0),0),0),0) -> 0 | BA79: =IFERROR(IF(AND(ISNUMBER('Real results'!C78),ISNUMBER('Real results'!D78),ISNUMBER('Raw data'!BA78),ISNUMBER('Raw data'!BB78)),IF(SIGN('Raw data'!BA78-'Raw data'!BB78)=SIGN('Real results'!C78-'Real results'!D78),2+IF(AND('Raw data'!BA78='Real results'!C78,'Raw data'!BB78='Real results'!D78),2,0),0),0),0) -> 0 | BC79: =IFERROR(IF(AND(ISNUMBER('Real results'!C78),ISNUMBER('Real results'!D78),ISNUMBER('Raw data'!BC78),ISNUMBER('Raw data'!BD78)),IF(SIGN('Raw data'!BC78-'Raw data'!BD78)=SIGN('Real results'!C78-'Real results'!D78),2+IF(AND('Raw data'!BC78='Real results'!C78,'Raw data'!BD78='Real results'!D78),2,0),0),0),0) -> 0 | BE79: =IFERROR(IF(AND(ISNUMBER('Real results'!C78),ISNUMBER('Real results'!D78),ISNUMBER('Raw data'!BE78),ISNUMBER('Raw data'!BF78)),IF(SIGN('Raw data'!BE78-'Raw data'!BF78)=SIGN('Real results'!C78-'Real results'!D78),2+IF(AND('Raw data'!BE78='Real results'!C78,'Raw data'!BF78='Real results'!D78),2,0),0),0),0) -> 0 | BG79: =IFERROR(IF(AND(ISNUMBER('Real results'!C78),ISNUMBER('Real results'!D78),ISNUMBER('Raw data'!BG78),ISNUMBER('Raw data'!BH78)),IF(SIGN('Raw data'!BG78-'Raw data'!BH78)=SIGN('Real results'!C78-'Real results'!D78),2+IF(AND('Raw data'!BG78='Real results'!C78,'Raw data'!BH78='Real results'!D78),2,0),0),0),0) -> 0 | BI79: =IFERROR(IF(AND(ISNUMBER('Real results'!C78),ISNUMBER('Real results'!D78),ISNUMBER('Raw data'!BI78),ISNUMBER('Raw data'!BJ78)),IF(SIGN('Raw data'!BI78-'Raw data'!BJ78)=SIGN('Real results'!C78-'Real results'!D78),2+IF(AND('Raw data'!BI78='Real results'!C78,'Raw data'!BJ78='Real results'!D78),2,0),0),0),0) -> 0
B80: Subtotal group matches | C80: =SUM(C8:C79) -> 0 | E80: =SUM(E8:E79) -> 0 | G80: =SUM(G8:G79) -> 0 | I80: =SUM(I8:I79) -> 0 | K80: =SUM(K8:K79) -> 0 | M80: =SUM(M8:M79) -> 0 | O80: =SUM(O8:O79) -> 0 | Q80: =SUM(Q8:Q79) -> 0 | S80: =SUM(S8:S79) -> 0 | U80: =SUM(U8:U79) -> 0 | W80: =SUM(W8:W79) -> 0 | Y80: =SUM(Y8:Y79) -> 0 | AA80: =SUM(AA8:AA79) -> 0 | AC80: =SUM(AC8:AC79) -> 0 | AE80: =SUM(AE8:AE79) -> 0 | AG80: =SUM(AG8:AG79) -> 0 | AI80: =SUM(AI8:AI79) -> 0 | AK80: =SUM(AK8:AK79) -> 0 | AM80: =SUM(AM8:AM79) -> 0 | AO80: =SUM(AO8:AO79) -> 0 | AQ80: =SUM(AQ8:AQ79) -> 0 | AS80: =SUM(AS8:AS79) -> 0 | AU80: =SUM(AU8:AU79) -> 0 | AW80: =SUM(AW8:AW79) -> 0 | AY80: =SUM(AY8:AY79) -> 0 | BA80: =SUM(BA8:BA79) -> 0 | BC80: =SUM(BC8:BC79) -> 0 | BE80: =SUM(BE8:BE79) -> 0 | BG80: =SUM(BG8:BG79) -> 0 | BI80: =SUM(BI8:BI79) -> 0
B81: GROUP STANDINGS
B82: Group A - 1st | C82: =IFERROR(IF('Raw data'!C80<>"",IF(OR(UPPER(TRIM('Raw data'!C80))=UPPER(TRIM('Real results'!C80)),UPPER(TRIM('Raw data'!C80))=UPPER(TRIM('Real results'!C81)),UPPER(TRIM('Raw data'!C80))=UPPER(TRIM('Real results'!C82))),1,0)+IF(UPPER(TRIM('Raw data'!C80))=UPPER(TRIM('Real results'!C80)),2,0),0),0) -> 0 | E82: =IFERROR(IF('Raw data'!E80<>"",IF(OR(UPPER(TRIM('Raw data'!E80))=UPPER(TRIM('Real results'!C80)),UPPER(TRIM('Raw data'!E80))=UPPER(TRIM('Real results'!C81)),UPPER(TRIM('Raw data'!E80))=UPPER(TRIM('Real results'!C82))),1,0)+IF(UPPER(TRIM('Raw data'!E80))=UPPER(TRIM('Real results'!C80)),2,0),0),0) -> 0 | G82: =IFERROR(IF('Raw data'!G80<>"",IF(OR(UPPER(TRIM('Raw data'!G80))=UPPER(TRIM('Real results'!C80)),UPPER(TRIM('Raw data'!G80))=UPPER(TRIM('Real results'!C81)),UPPER(TRIM('Raw data'!G80))=UPPER(TRIM('Real results'!C82))),1,0)+IF(UPPER(TRIM('Raw data'!G80))=UPPER(TRIM('Real results'!C80)),2,0),0),0) -> 0 | I82: =IFERROR(IF('Raw data'!I80<>"",IF(OR(UPPER(TRIM('Raw data'!I80))=UPPER(TRIM('Real results'!C80)),UPPER(TRIM('Raw data'!I80))=UPPER(TRIM('Real results'!C81)),UPPER(TRIM('Raw data'!I80))=UPPER(TRIM('Real results'!C82))),1,0)+IF(UPPER(TRIM('Raw data'!I80))=UPPER(TRIM('Real results'!C80)),2,0),0),0) -> 0 | K82: =IFERROR(IF('Raw data'!K80<>"",IF(OR(UPPER(TRIM('Raw data'!K80))=UPPER(TRIM('Real results'!C80)),UPPER(TRIM('Raw data'!K80))=UPPER(TRIM('Real results'!C81)),UPPER(TRIM('Raw data'!K80))=UPPER(TRIM('Real results'!C82))),1,0)+IF(UPPER(TRIM('Raw data'!K80))=UPPER(TRIM('Real results'!C80)),2,0),0),0) -> 0 | M82: =IFERROR(IF('Raw data'!M80<>"",IF(OR(UPPER(TRIM('Raw data'!M80))=UPPER(TRIM('Real results'!C80)),UPPER(TRIM('Raw data'!M80))=UPPER(TRIM('Real results'!C81)),UPPER(TRIM('Raw data'!M80))=UPPER(TRIM('Real results'!C82))),1,0)+IF(UPPER(TRIM('Raw data'!M80))=UPPER(TRIM('Real results'!C80)),2,0),0),0) -> 0 | O82: =IFERROR(IF('Raw data'!O80<>"",IF(OR(UPPER(TRIM('Raw data'!O80))=UPPER(TRIM('Real results'!C80)),UPPER(TRIM('Raw data'!O80))=UPPER(TRIM('Real results'!C81)),UPPER(TRIM('Raw data'!O80))=UPPER(TRIM('Real results'!C82))),1,0)+IF(UPPER(TRIM('Raw data'!O80))=UPPER(TRIM('Real results'!C80)),2,0),0),0) -> 0 | Q82: =IFERROR(IF('Raw data'!Q80<>"",IF(OR(UPPER(TRIM('Raw data'!Q80))=UPPER(TRIM('Real results'!C80)),UPPER(TRIM('Raw data'!Q80))=UPPER(TRIM('Real results'!C81)),UPPER(TRIM('Raw data'!Q80))=UPPER(TRIM('Real results'!C82))),1,0)+IF(UPPER(TRIM('Raw data'!Q80))=UPPER(TRIM('Real results'!C80)),2,0),0),0) -> 0 | S82: =IFERROR(IF('Raw data'!S80<>"",IF(OR(UPPER(TRIM('Raw data'!S80))=UPPER(TRIM('Real results'!C80)),UPPER(TRIM('Raw data'!S80))=UPPER(TRIM('Real results'!C81)),UPPER(TRIM('Raw data'!S80))=UPPER(TRIM('Real results'!C82))),1,0)+IF(UPPER(TRIM('Raw data'!S80))=UPPER(TRIM('Real results'!C80)),2,0),0),0) -> 0 | U82: =IFERROR(IF('Raw data'!U80<>"",IF(OR(UPPER(TRIM('Raw data'!U80))=UPPER(TRIM('Real results'!C80)),UPPER(TRIM('Raw data'!U80))=UPPER(TRIM('Real results'!C81)),UPPER(TRIM('Raw data'!U80))=UPPER(TRIM('Real results'!C82))),1,0)+IF(UPPER(TRIM('Raw data'!U80))=UPPER(TRIM('Real results'!C80)),2,0),0),0) -> 0 | W82: =IFERROR(IF('Raw data'!W80<>"",IF(OR(UPPER(TRIM('Raw data'!W80))=UPPER(TRIM('Real results'!C80)),UPPER(TRIM('Raw data'!W80))=UPPER(TRIM('Real results'!C81)),UPPER(TRIM('Raw data'!W80))=UPPER(TRIM('Real results'!C82))),1,0)+IF(UPPER(TRIM('Raw data'!W80))=UPPER(TRIM('Real results'!C80)),2,0),0),0) -> 0 | Y82: =IFERROR(IF('Raw data'!Y80<>"",IF(OR(UPPER(TRIM('Raw data'!Y80))=UPPER(TRIM('Real results'!C80)),UPPER(TRIM('Raw data'!Y80))=UPPER(TRIM('Real results'!C81)),UPPER(TRIM('Raw data'!Y80))=UPPER(TRIM('Real results'!C82))),1,0)+IF(UPPER(TRIM('Raw data'!Y80))=UPPER(TRIM('Real results'!C80)),2,0),0),0) -> 0 | AA82: =IFERROR(IF('Raw data'!AA80<>"",IF(OR(UPPER(TRIM('Raw data'!AA80))=UPPER(TRIM('Real results'!C80)),UPPER(TRIM('Raw data'!AA80))=UPPER(TRIM('Real results'!C81)),UPPER(TRIM('Raw data'!AA80))=UPPER(TRIM('Real results'!C82))),1,0)+IF(UPPER(TRIM('Raw data'!AA80))=UPPER(TRIM('Real results'!C80)),2,0),0),0) -> 0 | AC82: =IFERROR(IF('Raw data'!AC80<>"",IF(OR(UPPER(TRIM('Raw data'!AC80))=UPPER(TRIM('Real results'!C80)),UPPER(TRIM('Raw data'!AC80))=UPPER(TRIM('Real results'!C81)),UPPER(TRIM('Raw data'!AC80))=UPPER(TRIM('Real results'!C82))),1,0)+IF(UPPER(TRIM('Raw data'!AC80))=UPPER(TRIM('Real results'!C80)),2,0),0),0) -> 0 | AE82: =IFERROR(IF('Raw data'!AE80<>"",IF(OR(UPPER(TRIM('Raw data'!AE80))=UPPER(TRIM('Real results'!C80)),UPPER(TRIM('Raw data'!AE80))=UPPER(TRIM('Real results'!C81)),UPPER(TRIM('Raw data'!AE80))=UPPER(TRIM('Real results'!C82))),1,0)+IF(UPPER(TRIM('Raw data'!AE80))=UPPER(TRIM('Real results'!C80)),2,0),0),0) -> 0 | AG82: =IFERROR(IF('Raw data'!AG80<>"",IF(OR(UPPER(TRIM('Raw data'!AG80))=UPPER(TRIM('Real results'!C80)),UPPER(TRIM('Raw data'!AG80))=UPPER(TRIM('Real results'!C81)),UPPER(TRIM('Raw data'!AG80))=UPPER(TRIM('Real results'!C82))),1,0)+IF(UPPER(TRIM('Raw data'!AG80))=UPPER(TRIM('Real results'!C80)),2,0),0),0) -> 0 | AI82: =IFERROR(IF('Raw data'!AI80<>"",IF(OR(UPPER(TRIM('Raw data'!AI80))=UPPER(TRIM('Real results'!C80)),UPPER(TRIM('Raw data'!AI80))=UPPER(TRIM('Real results'!C81)),UPPER(TRIM('Raw data'!AI80))=UPPER(TRIM('Real results'!C82))),1,0)+IF(UPPER(TRIM('Raw data'!AI80))=UPPER(TRIM('Real results'!C80)),2,0),0),0) -> 0 | AK82: =IFERROR(IF('Raw data'!AK80<>"",IF(OR(UPPER(TRIM('Raw data'!AK80))=UPPER(TRIM('Real results'!C80)),UPPER(TRIM('Raw data'!AK80))=UPPER(TRIM('Real results'!C81)),UPPER(TRIM('Raw data'!AK80))=UPPER(TRIM('Real results'!C82))),1,0)+IF(UPPER(TRIM('Raw data'!AK80))=UPPER(TRIM('Real results'!C80)),2,0),0),0) -> 0 | AM82: =IFERROR(IF('Raw data'!AM80<>"",IF(OR(UPPER(TRIM('Raw data'!AM80))=UPPER(TRIM('Real results'!C80)),UPPER(TRIM('Raw data'!AM80))=UPPER(TRIM('Real results'!C81)),UPPER(TRIM('Raw data'!AM80))=UPPER(TRIM('Real results'!C82))),1,0)+IF(UPPER(TRIM('Raw data'!AM80))=UPPER(TRIM('Real results'!C80)),2,0),0),0) -> 0 | AO82: =IFERROR(IF('Raw data'!AO80<>"",IF(OR(UPPER(TRIM('Raw data'!AO80))=UPPER(TRIM('Real results'!C80)),UPPER(TRIM('Raw data'!AO80))=UPPER(TRIM('Real results'!C81)),UPPER(TRIM('Raw data'!AO80))=UPPER(TRIM('Real results'!C82))),1,0)+IF(UPPER(TRIM('Raw data'!AO80))=UPPER(TRIM('Real results'!C80)),2,0),0),0) -> 0 | AQ82: =IFERROR(IF('Raw data'!AQ80<>"",IF(OR(UPPER(TRIM('Raw data'!AQ80))=UPPER(TRIM('Real results'!C80)),UPPER(TRIM('Raw data'!AQ80))=UPPER(TRIM('Real results'!C81)),UPPER(TRIM('Raw data'!AQ80))=UPPER(TRIM('Real results'!C82))),1,0)+IF(UPPER(TRIM('Raw data'!AQ80))=UPPER(TRIM('Real results'!C80)),2,0),0),0) -> 0 | AS82: =IFERROR(IF('Raw data'!AS80<>"",IF(OR(UPPER(TRIM('Raw data'!AS80))=UPPER(TRIM('Real results'!C80)),UPPER(TRIM('Raw data'!AS80))=UPPER(TRIM('Real results'!C81)),UPPER(TRIM('Raw data'!AS80))=UPPER(TRIM('Real results'!C82))),1,0)+IF(UPPER(TRIM('Raw data'!AS80))=UPPER(TRIM('Real results'!C80)),2,0),0),0) -> 0 | AU82: =IFERROR(IF('Raw data'!AU80<>"",IF(OR(UPPER(TRIM('Raw data'!AU80))=UPPER(TRIM('Real results'!C80)),UPPER(TRIM('Raw data'!AU80))=UPPER(TRIM('Real results'!C81)),UPPER(TRIM('Raw data'!AU80))=UPPER(TRIM('Real results'!C82))),1,0)+IF(UPPER(TRIM('Raw data'!AU80))=UPPER(TRIM('Real results'!C80)),2,0),0),0) -> 0 | AW82: =IFERROR(IF('Raw data'!AW80<>"",IF(OR(UPPER(TRIM('Raw data'!AW80))=UPPER(TRIM('Real results'!C80)),UPPER(TRIM('Raw data'!AW80))=UPPER(TRIM('Real results'!C81)),UPPER(TRIM('Raw data'!AW80))=UPPER(TRIM('Real results'!C82))),1,0)+IF(UPPER(TRIM('Raw data'!AW80))=UPPER(TRIM('Real results'!C80)),2,0),0),0) -> 0 | AY82: =IFERROR(IF('Raw data'!AY80<>"",IF(OR(UPPER(TRIM('Raw data'!AY80))=UPPER(TRIM('Real results'!C80)),UPPER(TRIM('Raw data'!AY80))=UPPER(TRIM('Real results'!C81)),UPPER(TRIM('Raw data'!AY80))=UPPER(TRIM('Real results'!C82))),1,0)+IF(UPPER(TRIM('Raw data'!AY80))=UPPER(TRIM('Real results'!C80)),2,0),0),0) -> 0 | BA82: =IFERROR(IF('Raw data'!BA80<>"",IF(OR(UPPER(TRIM('Raw data'!BA80))=UPPER(TRIM('Real results'!C80)),UPPER(TRIM('Raw data'!BA80))=UPPER(TRIM('Real results'!C81)),UPPER(TRIM('Raw data'!BA80))=UPPER(TRIM('Real results'!C82))),1,0)+IF(UPPER(TRIM('Raw data'!BA80))=UPPER(TRIM('Real results'!C80)),2,0),0),0) -> 0 | BC82: =IFERROR(IF('Raw data'!BC80<>"",IF(OR(UPPER(TRIM('Raw data'!BC80))=UPPER(TRIM('Real results'!C80)),UPPER(TRIM('Raw data'!BC80))=UPPER(TRIM('Real results'!C81)),UPPER(TRIM('Raw data'!BC80))=UPPER(TRIM('Real results'!C82))),1,0)+IF(UPPER(TRIM('Raw data'!BC80))=UPPER(TRIM('Real results'!C80)),2,0),0),0) -> 0 | BE82: =IFERROR(IF('Raw data'!BE80<>"",IF(OR(UPPER(TRIM('Raw data'!BE80))=UPPER(TRIM('Real results'!C80)),UPPER(TRIM('Raw data'!BE80))=UPPER(TRIM('Real results'!C81)),UPPER(TRIM('Raw data'!BE80))=UPPER(TRIM('Real results'!C82))),1,0)+IF(UPPER(TRIM('Raw data'!BE80))=UPPER(TRIM('Real results'!C80)),2,0),0),0) -> 0 | BG82: =IFERROR(IF('Raw data'!BG80<>"",IF(OR(UPPER(TRIM('Raw data'!BG80))=UPPER(TRIM('Real results'!C80)),UPPER(TRIM('Raw data'!BG80))=UPPER(TRIM('Real results'!C81)),UPPER(TRIM('Raw data'!BG80))=UPPER(TRIM('Real results'!C82))),1,0)+IF(UPPER(TRIM('Raw data'!BG80))=UPPER(TRIM('Real results'!C80)),2,0),0),0) -> 0 | BI82: =IFERROR(IF('Raw data'!BI80<>"",IF(OR(UPPER(TRIM('Raw data'!BI80))=UPPER(TRIM('Real results'!C80)),UPPER(TRIM('Raw data'!BI80))=UPPER(TRIM('Real results'!C81)),UPPER(TRIM('Raw data'!BI80))=UPPER(TRIM('Real results'!C82))),1,0)+IF(UPPER(TRIM('Raw data'!BI80))=UPPER(TRIM('Real results'!C80)),2,0),0),0) -> 0
B83: Group A - 2nd | C83: =IFERROR(IF('Raw data'!C81<>"",IF(OR(UPPER(TRIM('Raw data'!C81))=UPPER(TRIM('Real results'!C80)),UPPER(TRIM('Raw data'!C81))=UPPER(TRIM('Real results'!C81)),UPPER(TRIM('Raw data'!C81))=UPPER(TRIM('Real results'!C82))),1,0),0),0) -> 0 | E83: =IFERROR(IF('Raw data'!E81<>"",IF(OR(UPPER(TRIM('Raw data'!E81))=UPPER(TRIM('Real results'!C80)),UPPER(TRIM('Raw data'!E81))=UPPER(TRIM('Real results'!C81)),UPPER(TRIM('Raw data'!E81))=UPPER(TRIM('Real results'!C82))),1,0),0),0) -> 0 | G83: =IFERROR(IF('Raw data'!G81<>"",IF(OR(UPPER(TRIM('Raw data'!G81))=UPPER(TRIM('Real results'!C80)),UPPER(TRIM('Raw data'!G81))=UPPER(TRIM('Real results'!C81)),UPPER(TRIM('Raw data'!G81))=UPPER(TRIM('Real results'!C82))),1,0),0),0) -> 0 | I83: =IFERROR(IF('Raw data'!I81<>"",IF(OR(UPPER(TRIM('Raw data'!I81))=UPPER(TRIM('Real results'!C80)),UPPER(TRIM('Raw data'!I81))=UPPER(TRIM('Real results'!C81)),UPPER(TRIM('Raw data'!I81))=UPPER(TRIM('Real results'!C82))),1,0),0),0) -> 0 | K83: =IFERROR(IF('Raw data'!K81<>"",IF(OR(UPPER(TRIM('Raw data'!K81))=UPPER(TRIM('Real results'!C80)),UPPER(TRIM('Raw data'!K81))=UPPER(TRIM('Real results'!C81)),UPPER(TRIM('Raw data'!K81))=UPPER(TRIM('Real results'!C82))),1,0),0),0) -> 0 | M83: =IFERROR(IF('Raw data'!M81<>"",IF(OR(UPPER(TRIM('Raw data'!M81))=UPPER(TRIM('Real results'!C80)),UPPER(TRIM('Raw data'!M81))=UPPER(TRIM('Real results'!C81)),UPPER(TRIM('Raw data'!M81))=UPPER(TRIM('Real results'!C82))),1,0),0),0) -> 0 | O83: =IFERROR(IF('Raw data'!O81<>"",IF(OR(UPPER(TRIM('Raw data'!O81))=UPPER(TRIM('Real results'!C80)),UPPER(TRIM('Raw data'!O81))=UPPER(TRIM('Real results'!C81)),UPPER(TRIM('Raw data'!O81))=UPPER(TRIM('Real results'!C82))),1,0),0),0) -> 0 | Q83: =IFERROR(IF('Raw data'!Q81<>"",IF(OR(UPPER(TRIM('Raw data'!Q81))=UPPER(TRIM('Real results'!C80)),UPPER(TRIM('Raw data'!Q81))=UPPER(TRIM('Real results'!C81)),UPPER(TRIM('Raw data'!Q81))=UPPER(TRIM('Real results'!C82))),1,0),0),0) -> 0 | S83: =IFERROR(IF('Raw data'!S81<>"",IF(OR(UPPER(TRIM('Raw data'!S81))=UPPER(TRIM('Real results'!C80)),UPPER(TRIM('Raw data'!S81))=UPPER(TRIM('Real results'!C81)),UPPER(TRIM('Raw data'!S81))=UPPER(TRIM('Real results'!C82))),1,0),0),0) -> 0 | U83: =IFERROR(IF('Raw data'!U81<>"",IF(OR(UPPER(TRIM('Raw data'!U81))=UPPER(TRIM('Real results'!C80)),UPPER(TRIM('Raw data'!U81))=UPPER(TRIM('Real results'!C81)),UPPER(TRIM('Raw data'!U81))=UPPER(TRIM('Real results'!C82))),1,0),0),0) -> 0 | W83: =IFERROR(IF('Raw data'!W81<>"",IF(OR(UPPER(TRIM('Raw data'!W81))=UPPER(TRIM('Real results'!C80)),UPPER(TRIM('Raw data'!W81))=UPPER(TRIM('Real results'!C81)),UPPER(TRIM('Raw data'!W81))=UPPER(TRIM('Real results'!C82))),1,0),0),0) -> 0 | Y83: =IFERROR(IF('Raw data'!Y81<>"",IF(OR(UPPER(TRIM('Raw data'!Y81))=UPPER(TRIM('Real results'!C80)),UPPER(TRIM('Raw data'!Y81))=UPPER(TRIM('Real results'!C81)),UPPER(TRIM('Raw data'!Y81))=UPPER(TRIM('Real results'!C82))),1,0),0),0) -> 0 | AA83: =IFERROR(IF('Raw data'!AA81<>"",IF(OR(UPPER(TRIM('Raw data'!AA81))=UPPER(TRIM('Real results'!C80)),UPPER(TRIM('Raw data'!AA81))=UPPER(TRIM('Real results'!C81)),UPPER(TRIM('Raw data'!AA81))=UPPER(TRIM('Real results'!C82))),1,0),0),0) -> 0 | AC83: =IFERROR(IF('Raw data'!AC81<>"",IF(OR(UPPER(TRIM('Raw data'!AC81))=UPPER(TRIM('Real results'!C80)),UPPER(TRIM('Raw data'!AC81))=UPPER(TRIM('Real results'!C81)),UPPER(TRIM('Raw data'!AC81))=UPPER(TRIM('Real results'!C82))),1,0),0),0) -> 0 | AE83: =IFERROR(IF('Raw data'!AE81<>"",IF(OR(UPPER(TRIM('Raw data'!AE81))=UPPER(TRIM('Real results'!C80)),UPPER(TRIM('Raw data'!AE81))=UPPER(TRIM('Real results'!C81)),UPPER(TRIM('Raw data'!AE81))=UPPER(TRIM('Real results'!C82))),1,0),0),0) -> 0 | AG83: =IFERROR(IF('Raw data'!AG81<>"",IF(OR(UPPER(TRIM('Raw data'!AG81))=UPPER(TRIM('Real results'!C80)),UPPER(TRIM('Raw data'!AG81))=UPPER(TRIM('Real results'!C81)),UPPER(TRIM('Raw data'!AG81))=UPPER(TRIM('Real results'!C82))),1,0),0),0) -> 0 | AI83: =IFERROR(IF('Raw data'!AI81<>"",IF(OR(UPPER(TRIM('Raw data'!AI81))=UPPER(TRIM('Real results'!C80)),UPPER(TRIM('Raw data'!AI81))=UPPER(TRIM('Real results'!C81)),UPPER(TRIM('Raw data'!AI81))=UPPER(TRIM('Real results'!C82))),1,0),0),0) -> 0 | AK83: =IFERROR(IF('Raw data'!AK81<>"",IF(OR(UPPER(TRIM('Raw data'!AK81))=UPPER(TRIM('Real results'!C80)),UPPER(TRIM('Raw data'!AK81))=UPPER(TRIM('Real results'!C81)),UPPER(TRIM('Raw data'!AK81))=UPPER(TRIM('Real results'!C82))),1,0),0),0) -> 0 | AM83: =IFERROR(IF('Raw data'!AM81<>"",IF(OR(UPPER(TRIM('Raw data'!AM81))=UPPER(TRIM('Real results'!C80)),UPPER(TRIM('Raw data'!AM81))=UPPER(TRIM('Real results'!C81)),UPPER(TRIM('Raw data'!AM81))=UPPER(TRIM('Real results'!C82))),1,0),0),0) -> 0 | AO83: =IFERROR(IF('Raw data'!AO81<>"",IF(OR(UPPER(TRIM('Raw data'!AO81))=UPPER(TRIM('Real results'!C80)),UPPER(TRIM('Raw data'!AO81))=UPPER(TRIM('Real results'!C81)),UPPER(TRIM('Raw data'!AO81))=UPPER(TRIM('Real results'!C82))),1,0),0),0) -> 0 | AQ83: =IFERROR(IF('Raw data'!AQ81<>"",IF(OR(UPPER(TRIM('Raw data'!AQ81))=UPPER(TRIM('Real results'!C80)),UPPER(TRIM('Raw data'!AQ81))=UPPER(TRIM('Real results'!C81)),UPPER(TRIM('Raw data'!AQ81))=UPPER(TRIM('Real results'!C82))),1,0),0),0) -> 0 | AS83: =IFERROR(IF('Raw data'!AS81<>"",IF(OR(UPPER(TRIM('Raw data'!AS81))=UPPER(TRIM('Real results'!C80)),UPPER(TRIM('Raw data'!AS81))=UPPER(TRIM('Real results'!C81)),UPPER(TRIM('Raw data'!AS81))=UPPER(TRIM('Real results'!C82))),1,0),0),0) -> 0 | AU83: =IFERROR(IF('Raw data'!AU81<>"",IF(OR(UPPER(TRIM('Raw data'!AU81))=UPPER(TRIM('Real results'!C80)),UPPER(TRIM('Raw data'!AU81))=UPPER(TRIM('Real results'!C81)),UPPER(TRIM('Raw data'!AU81))=UPPER(TRIM('Real results'!C82))),1,0),0),0) -> 0 | AW83: =IFERROR(IF('Raw data'!AW81<>"",IF(OR(UPPER(TRIM('Raw data'!AW81))=UPPER(TRIM('Real results'!C80)),UPPER(TRIM('Raw data'!AW81))=UPPER(TRIM('Real results'!C81)),UPPER(TRIM('Raw data'!AW81))=UPPER(TRIM('Real results'!C82))),1,0),0),0) -> 0 | AY83: =IFERROR(IF('Raw data'!AY81<>"",IF(OR(UPPER(TRIM('Raw data'!AY81))=UPPER(TRIM('Real results'!C80)),UPPER(TRIM('Raw data'!AY81))=UPPER(TRIM('Real results'!C81)),UPPER(TRIM('Raw data'!AY81))=UPPER(TRIM('Real results'!C82))),1,0),0),0) -> 0 | BA83: =IFERROR(IF('Raw data'!BA81<>"",IF(OR(UPPER(TRIM('Raw data'!BA81))=UPPER(TRIM('Real results'!C80)),UPPER(TRIM('Raw data'!BA81))=UPPER(TRIM('Real results'!C81)),UPPER(TRIM('Raw data'!BA81))=UPPER(TRIM('Real results'!C82))),1,0),0),0) -> 0 | BC83: =IFERROR(IF('Raw data'!BC81<>"",IF(OR(UPPER(TRIM('Raw data'!BC81))=UPPER(TRIM('Real results'!C80)),UPPER(TRIM('Raw data'!BC81))=UPPER(TRIM('Real results'!C81)),UPPER(TRIM('Raw data'!BC81))=UPPER(TRIM('Real results'!C82))),1,0),0),0) -> 0 | BE83: =IFERROR(IF('Raw data'!BE81<>"",IF(OR(UPPER(TRIM('Raw data'!BE81))=UPPER(TRIM('Real results'!C80)),UPPER(TRIM('Raw data'!BE81))=UPPER(TRIM('Real results'!C81)),UPPER(TRIM('Raw data'!BE81))=UPPER(TRIM('Real results'!C82))),1,0),0),0) -> 0 | BG83: =IFERROR(IF('Raw data'!BG81<>"",IF(OR(UPPER(TRIM('Raw data'!BG81))=UPPER(TRIM('Real results'!C80)),UPPER(TRIM('Raw data'!BG81))=UPPER(TRIM('Real results'!C81)),UPPER(TRIM('Raw data'!BG81))=UPPER(TRIM('Real results'!C82))),1,0),0),0) -> 0 | BI83: =IFERROR(IF('Raw data'!BI81<>"",IF(OR(UPPER(TRIM('Raw data'!BI81))=UPPER(TRIM('Real results'!C80)),UPPER(TRIM('Raw data'!BI81))=UPPER(TRIM('Real results'!C81)),UPPER(TRIM('Raw data'!BI81))=UPPER(TRIM('Real results'!C82))),1,0),0),0) -> 0
B84: Group A - 3rd | C84: =IFERROR(IF('Raw data'!C82<>"",IF(OR(UPPER(TRIM('Raw data'!C82))=UPPER(TRIM('Real results'!C80)),UPPER(TRIM('Raw data'!C82))=UPPER(TRIM('Real results'!C81)),UPPER(TRIM('Raw data'!C82))=UPPER(TRIM('Real results'!C82))),1,0),0),0) -> 0 | E84: =IFERROR(IF('Raw data'!E82<>"",IF(OR(UPPER(TRIM('Raw data'!E82))=UPPER(TRIM('Real results'!C80)),UPPER(TRIM('Raw data'!E82))=UPPER(TRIM('Real results'!C81)),UPPER(TRIM('Raw data'!E82))=UPPER(TRIM('Real results'!C82))),1,0),0),0) -> 0 | G84: =IFERROR(IF('Raw data'!G82<>"",IF(OR(UPPER(TRIM('Raw data'!G82))=UPPER(TRIM('Real results'!C80)),UPPER(TRIM('Raw data'!G82))=UPPER(TRIM('Real results'!C81)),UPPER(TRIM('Raw data'!G82))=UPPER(TRIM('Real results'!C82))),1,0),0),0) -> 0 | I84: =IFERROR(IF('Raw data'!I82<>"",IF(OR(UPPER(TRIM('Raw data'!I82))=UPPER(TRIM('Real results'!C80)),UPPER(TRIM('Raw data'!I82))=UPPER(TRIM('Real results'!C81)),UPPER(TRIM('Raw data'!I82))=UPPER(TRIM('Real results'!C82))),1,0),0),0) -> 0 | K84: =IFERROR(IF('Raw data'!K82<>"",IF(OR(UPPER(TRIM('Raw data'!K82))=UPPER(TRIM('Real results'!C80)),UPPER(TRIM('Raw data'!K82))=UPPER(TRIM('Real results'!C81)),UPPER(TRIM('Raw data'!K82))=UPPER(TRIM('Real results'!C82))),1,0),0),0) -> 0 | M84: =IFERROR(IF('Raw data'!M82<>"",IF(OR(UPPER(TRIM('Raw data'!M82))=UPPER(TRIM('Real results'!C80)),UPPER(TRIM('Raw data'!M82))=UPPER(TRIM('Real results'!C81)),UPPER(TRIM('Raw data'!M82))=UPPER(TRIM('Real results'!C82))),1,0),0),0) -> 0 | O84: =IFERROR(IF('Raw data'!O82<>"",IF(OR(UPPER(TRIM('Raw data'!O82))=UPPER(TRIM('Real results'!C80)),UPPER(TRIM('Raw data'!O82))=UPPER(TRIM('Real results'!C81)),UPPER(TRIM('Raw data'!O82))=UPPER(TRIM('Real results'!C82))),1,0),0),0) -> 0 | Q84: =IFERROR(IF('Raw data'!Q82<>"",IF(OR(UPPER(TRIM('Raw data'!Q82))=UPPER(TRIM('Real results'!C80)),UPPER(TRIM('Raw data'!Q82))=UPPER(TRIM('Real results'!C81)),UPPER(TRIM('Raw data'!Q82))=UPPER(TRIM('Real results'!C82))),1,0),0),0) -> 0 | S84: =IFERROR(IF('Raw data'!S82<>"",IF(OR(UPPER(TRIM('Raw data'!S82))=UPPER(TRIM('Real results'!C80)),UPPER(TRIM('Raw data'!S82))=UPPER(TRIM('Real results'!C81)),UPPER(TRIM('Raw data'!S82))=UPPER(TRIM('Real results'!C82))),1,0),0),0) -> 0 | U84: =IFERROR(IF('Raw data'!U82<>"",IF(OR(UPPER(TRIM('Raw data'!U82))=UPPER(TRIM('Real results'!C80)),UPPER(TRIM('Raw data'!U82))=UPPER(TRIM('Real results'!C81)),UPPER(TRIM('Raw data'!U82))=UPPER(TRIM('Real results'!C82))),1,0),0),0) -> 0 | W84: =IFERROR(IF('Raw data'!W82<>"",IF(OR(UPPER(TRIM('Raw data'!W82))=UPPER(TRIM('Real results'!C80)),UPPER(TRIM('Raw data'!W82))=UPPER(TRIM('Real results'!C81)),UPPER(TRIM('Raw data'!W82))=UPPER(TRIM('Real results'!C82))),1,0),0),0) -> 0 | Y84: =IFERROR(IF('Raw data'!Y82<>"",IF(OR(UPPER(TRIM('Raw data'!Y82))=UPPER(TRIM('Real results'!C80)),UPPER(TRIM('Raw data'!Y82))=UPPER(TRIM('Real results'!C81)),UPPER(TRIM('Raw data'!Y82))=UPPER(TRIM('Real results'!C82))),1,0),0),0) -> 0 | AA84: =IFERROR(IF('Raw data'!AA82<>"",IF(OR(UPPER(TRIM('Raw data'!AA82))=UPPER(TRIM('Real results'!C80)),UPPER(TRIM('Raw data'!AA82))=UPPER(TRIM('Real results'!C81)),UPPER(TRIM('Raw data'!AA82))=UPPER(TRIM('Real results'!C82))),1,0),0),0) -> 0 | AC84: =IFERROR(IF('Raw data'!AC82<>"",IF(OR(UPPER(TRIM('Raw data'!AC82))=UPPER(TRIM('Real results'!C80)),UPPER(TRIM('Raw data'!AC82))=UPPER(TRIM('Real results'!C81)),UPPER(TRIM('Raw data'!AC82))=UPPER(TRIM('Real results'!C82))),1,0),0),0) -> 0 | AE84: =IFERROR(IF('Raw data'!AE82<>"",IF(OR(UPPER(TRIM('Raw data'!AE82))=UPPER(TRIM('Real results'!C80)),UPPER(TRIM('Raw data'!AE82))=UPPER(TRIM('Real results'!C81)),UPPER(TRIM('Raw data'!AE82))=UPPER(TRIM('Real results'!C82))),1,0),0),0) -> 0 | AG84: =IFERROR(IF('Raw data'!AG82<>"",IF(OR(UPPER(TRIM('Raw data'!AG82))=UPPER(TRIM('Real results'!C80)),UPPER(TRIM('Raw data'!AG82))=UPPER(TRIM('Real results'!C81)),UPPER(TRIM('Raw data'!AG82))=UPPER(TRIM('Real results'!C82))),1,0),0),0) -> 0 | AI84: =IFERROR(IF('Raw data'!AI82<>"",IF(OR(UPPER(TRIM('Raw data'!AI82))=UPPER(TRIM('Real results'!C80)),UPPER(TRIM('Raw data'!AI82))=UPPER(TRIM('Real results'!C81)),UPPER(TRIM('Raw data'!AI82))=UPPER(TRIM('Real results'!C82))),1,0),0),0) -> 0 | AK84: =IFERROR(IF('Raw data'!AK82<>"",IF(OR(UPPER(TRIM('Raw data'!AK82))=UPPER(TRIM('Real results'!C80)),UPPER(TRIM('Raw data'!AK82))=UPPER(TRIM('Real results'!C81)),UPPER(TRIM('Raw data'!AK82))=UPPER(TRIM('Real results'!C82))),1,0),0),0) -> 0 | AM84: =IFERROR(IF('Raw data'!AM82<>"",IF(OR(UPPER(TRIM('Raw data'!AM82))=UPPER(TRIM('Real results'!C80)),UPPER(TRIM('Raw data'!AM82))=UPPER(TRIM('Real results'!C81)),UPPER(TRIM('Raw data'!AM82))=UPPER(TRIM('Real results'!C82))),1,0),0),0) -> 0 | AO84: =IFERROR(IF('Raw data'!AO82<>"",IF(OR(UPPER(TRIM('Raw data'!AO82))=UPPER(TRIM('Real results'!C80)),UPPER(TRIM('Raw data'!AO82))=UPPER(TRIM('Real results'!C81)),UPPER(TRIM('Raw data'!AO82))=UPPER(TRIM('Real results'!C82))),1,0),0),0) -> 0 | AQ84: =IFERROR(IF('Raw data'!AQ82<>"",IF(OR(UPPER(TRIM('Raw data'!AQ82))=UPPER(TRIM('Real results'!C80)),UPPER(TRIM('Raw data'!AQ82))=UPPER(TRIM('Real results'!C81)),UPPER(TRIM('Raw data'!AQ82))=UPPER(TRIM('Real results'!C82))),1,0),0),0) -> 0 | AS84: =IFERROR(IF('Raw data'!AS82<>"",IF(OR(UPPER(TRIM('Raw data'!AS82))=UPPER(TRIM('Real results'!C80)),UPPER(TRIM('Raw data'!AS82))=UPPER(TRIM('Real results'!C81)),UPPER(TRIM('Raw data'!AS82))=UPPER(TRIM('Real results'!C82))),1,0),0),0) -> 0 | AU84: =IFERROR(IF('Raw data'!AU82<>"",IF(OR(UPPER(TRIM('Raw data'!AU82))=UPPER(TRIM('Real results'!C80)),UPPER(TRIM('Raw data'!AU82))=UPPER(TRIM('Real results'!C81)),UPPER(TRIM('Raw data'!AU82))=UPPER(TRIM('Real results'!C82))),1,0),0),0) -> 0 | AW84: =IFERROR(IF('Raw data'!AW82<>"",IF(OR(UPPER(TRIM('Raw data'!AW82))=UPPER(TRIM('Real results'!C80)),UPPER(TRIM('Raw data'!AW82))=UPPER(TRIM('Real results'!C81)),UPPER(TRIM('Raw data'!AW82))=UPPER(TRIM('Real results'!C82))),1,0),0),0) -> 0 | AY84: =IFERROR(IF('Raw data'!AY82<>"",IF(OR(UPPER(TRIM('Raw data'!AY82))=UPPER(TRIM('Real results'!C80)),UPPER(TRIM('Raw data'!AY82))=UPPER(TRIM('Real results'!C81)),UPPER(TRIM('Raw data'!AY82))=UPPER(TRIM('Real results'!C82))),1,0),0),0) -> 0 | BA84: =IFERROR(IF('Raw data'!BA82<>"",IF(OR(UPPER(TRIM('Raw data'!BA82))=UPPER(TRIM('Real results'!C80)),UPPER(TRIM('Raw data'!BA82))=UPPER(TRIM('Real results'!C81)),UPPER(TRIM('Raw data'!BA82))=UPPER(TRIM('Real results'!C82))),1,0),0),0) -> 0 | BC84: =IFERROR(IF('Raw data'!BC82<>"",IF(OR(UPPER(TRIM('Raw data'!BC82))=UPPER(TRIM('Real results'!C80)),UPPER(TRIM('Raw data'!BC82))=UPPER(TRIM('Real results'!C81)),UPPER(TRIM('Raw data'!BC82))=UPPER(TRIM('Real results'!C82))),1,0),0),0) -> 0 | BE84: =IFERROR(IF('Raw data'!BE82<>"",IF(OR(UPPER(TRIM('Raw data'!BE82))=UPPER(TRIM('Real results'!C80)),UPPER(TRIM('Raw data'!BE82))=UPPER(TRIM('Real results'!C81)),UPPER(TRIM('Raw data'!BE82))=UPPER(TRIM('Real results'!C82))),1,0),0),0) -> 0 | BG84: =IFERROR(IF('Raw data'!BG82<>"",IF(OR(UPPER(TRIM('Raw data'!BG82))=UPPER(TRIM('Real results'!C80)),UPPER(TRIM('Raw data'!BG82))=UPPER(TRIM('Real results'!C81)),UPPER(TRIM('Raw data'!BG82))=UPPER(TRIM('Real results'!C82))),1,0),0),0) -> 0 | BI84: =IFERROR(IF('Raw data'!BI82<>"",IF(OR(UPPER(TRIM('Raw data'!BI82))=UPPER(TRIM('Real results'!C80)),UPPER(TRIM('Raw data'!BI82))=UPPER(TRIM('Real results'!C81)),UPPER(TRIM('Raw data'!BI82))=UPPER(TRIM('Real results'!C82))),1,0),0),0) -> 0
B85: Group B - 1st | C85: =IFERROR(IF('Raw data'!C83<>"",IF(OR(UPPER(TRIM('Raw data'!C83))=UPPER(TRIM('Real results'!C83)),UPPER(TRIM('Raw data'!C83))=UPPER(TRIM('Real results'!C84)),UPPER(TRIM('Raw data'!C83))=UPPER(TRIM('Real results'!C85))),1,0)+IF(UPPER(TRIM('Raw data'!C83))=UPPER(TRIM('Real results'!C83)),2,0),0),0) -> 0 | E85: =IFERROR(IF('Raw data'!E83<>"",IF(OR(UPPER(TRIM('Raw data'!E83))=UPPER(TRIM('Real results'!C83)),UPPER(TRIM('Raw data'!E83))=UPPER(TRIM('Real results'!C84)),UPPER(TRIM('Raw data'!E83))=UPPER(TRIM('Real results'!C85))),1,0)+IF(UPPER(TRIM('Raw data'!E83))=UPPER(TRIM('Real results'!C83)),2,0),0),0) -> 0 | G85: =IFERROR(IF('Raw data'!G83<>"",IF(OR(UPPER(TRIM('Raw data'!G83))=UPPER(TRIM('Real results'!C83)),UPPER(TRIM('Raw data'!G83))=UPPER(TRIM('Real results'!C84)),UPPER(TRIM('Raw data'!G83))=UPPER(TRIM('Real results'!C85))),1,0)+IF(UPPER(TRIM('Raw data'!G83))=UPPER(TRIM('Real results'!C83)),2,0),0),0) -> 0 | I85: =IFERROR(IF('Raw data'!I83<>"",IF(OR(UPPER(TRIM('Raw data'!I83))=UPPER(TRIM('Real results'!C83)),UPPER(TRIM('Raw data'!I83))=UPPER(TRIM('Real results'!C84)),UPPER(TRIM('Raw data'!I83))=UPPER(TRIM('Real results'!C85))),1,0)+IF(UPPER(TRIM('Raw data'!I83))=UPPER(TRIM('Real results'!C83)),2,0),0),0) -> 0 | K85: =IFERROR(IF('Raw data'!K83<>"",IF(OR(UPPER(TRIM('Raw data'!K83))=UPPER(TRIM('Real results'!C83)),UPPER(TRIM('Raw data'!K83))=UPPER(TRIM('Real results'!C84)),UPPER(TRIM('Raw data'!K83))=UPPER(TRIM('Real results'!C85))),1,0)+IF(UPPER(TRIM('Raw data'!K83))=UPPER(TRIM('Real results'!C83)),2,0),0),0) -> 0 | M85: =IFERROR(IF('Raw data'!M83<>"",IF(OR(UPPER(TRIM('Raw data'!M83))=UPPER(TRIM('Real results'!C83)),UPPER(TRIM('Raw data'!M83))=UPPER(TRIM('Real results'!C84)),UPPER(TRIM('Raw data'!M83))=UPPER(TRIM('Real results'!C85))),1,0)+IF(UPPER(TRIM('Raw data'!M83))=UPPER(TRIM('Real results'!C83)),2,0),0),0) -> 0 | O85: =IFERROR(IF('Raw data'!O83<>"",IF(OR(UPPER(TRIM('Raw data'!O83))=UPPER(TRIM('Real results'!C83)),UPPER(TRIM('Raw data'!O83))=UPPER(TRIM('Real results'!C84)),UPPER(TRIM('Raw data'!O83))=UPPER(TRIM('Real results'!C85))),1,0)+IF(UPPER(TRIM('Raw data'!O83))=UPPER(TRIM('Real results'!C83)),2,0),0),0) -> 0 | Q85: =IFERROR(IF('Raw data'!Q83<>"",IF(OR(UPPER(TRIM('Raw data'!Q83))=UPPER(TRIM('Real results'!C83)),UPPER(TRIM('Raw data'!Q83))=UPPER(TRIM('Real results'!C84)),UPPER(TRIM('Raw data'!Q83))=UPPER(TRIM('Real results'!C85))),1,0)+IF(UPPER(TRIM('Raw data'!Q83))=UPPER(TRIM('Real results'!C83)),2,0),0),0) -> 0 | S85: =IFERROR(IF('Raw data'!S83<>"",IF(OR(UPPER(TRIM('Raw data'!S83))=UPPER(TRIM('Real results'!C83)),UPPER(TRIM('Raw data'!S83))=UPPER(TRIM('Real results'!C84)),UPPER(TRIM('Raw data'!S83))=UPPER(TRIM('Real results'!C85))),1,0)+IF(UPPER(TRIM('Raw data'!S83))=UPPER(TRIM('Real results'!C83)),2,0),0),0) -> 0 | U85: =IFERROR(IF('Raw data'!U83<>"",IF(OR(UPPER(TRIM('Raw data'!U83))=UPPER(TRIM('Real results'!C83)),UPPER(TRIM('Raw data'!U83))=UPPER(TRIM('Real results'!C84)),UPPER(TRIM('Raw data'!U83))=UPPER(TRIM('Real results'!C85))),1,0)+IF(UPPER(TRIM('Raw data'!U83))=UPPER(TRIM('Real results'!C83)),2,0),0),0) -> 0 | W85: =IFERROR(IF('Raw data'!W83<>"",IF(OR(UPPER(TRIM('Raw data'!W83))=UPPER(TRIM('Real results'!C83)),UPPER(TRIM('Raw data'!W83))=UPPER(TRIM('Real results'!C84)),UPPER(TRIM('Raw data'!W83))=UPPER(TRIM('Real results'!C85))),1,0)+IF(UPPER(TRIM('Raw data'!W83))=UPPER(TRIM('Real results'!C83)),2,0),0),0) -> 0 | Y85: =IFERROR(IF('Raw data'!Y83<>"",IF(OR(UPPER(TRIM('Raw data'!Y83))=UPPER(TRIM('Real results'!C83)),UPPER(TRIM('Raw data'!Y83))=UPPER(TRIM('Real results'!C84)),UPPER(TRIM('Raw data'!Y83))=UPPER(TRIM('Real results'!C85))),1,0)+IF(UPPER(TRIM('Raw data'!Y83))=UPPER(TRIM('Real results'!C83)),2,0),0),0) -> 0 | AA85: =IFERROR(IF('Raw data'!AA83<>"",IF(OR(UPPER(TRIM('Raw data'!AA83))=UPPER(TRIM('Real results'!C83)),UPPER(TRIM('Raw data'!AA83))=UPPER(TRIM('Real results'!C84)),UPPER(TRIM('Raw data'!AA83))=UPPER(TRIM('Real results'!C85))),1,0)+IF(UPPER(TRIM('Raw data'!AA83))=UPPER(TRIM('Real results'!C83)),2,0),0),0) -> 0 | AC85: =IFERROR(IF('Raw data'!AC83<>"",IF(OR(UPPER(TRIM('Raw data'!AC83))=UPPER(TRIM('Real results'!C83)),UPPER(TRIM('Raw data'!AC83))=UPPER(TRIM('Real results'!C84)),UPPER(TRIM('Raw data'!AC83))=UPPER(TRIM('Real results'!C85))),1,0)+IF(UPPER(TRIM('Raw data'!AC83))=UPPER(TRIM('Real results'!C83)),2,0),0),0) -> 0 | AE85: =IFERROR(IF('Raw data'!AE83<>"",IF(OR(UPPER(TRIM('Raw data'!AE83))=UPPER(TRIM('Real results'!C83)),UPPER(TRIM('Raw data'!AE83))=UPPER(TRIM('Real results'!C84)),UPPER(TRIM('Raw data'!AE83))=UPPER(TRIM('Real results'!C85))),1,0)+IF(UPPER(TRIM('Raw data'!AE83))=UPPER(TRIM('Real results'!C83)),2,0),0),0) -> 0 | AG85: =IFERROR(IF('Raw data'!AG83<>"",IF(OR(UPPER(TRIM('Raw data'!AG83))=UPPER(TRIM('Real results'!C83)),UPPER(TRIM('Raw data'!AG83))=UPPER(TRIM('Real results'!C84)),UPPER(TRIM('Raw data'!AG83))=UPPER(TRIM('Real results'!C85))),1,0)+IF(UPPER(TRIM('Raw data'!AG83))=UPPER(TRIM('Real results'!C83)),2,0),0),0) -> 0 | AI85: =IFERROR(IF('Raw data'!AI83<>"",IF(OR(UPPER(TRIM('Raw data'!AI83))=UPPER(TRIM('Real results'!C83)),UPPER(TRIM('Raw data'!AI83))=UPPER(TRIM('Real results'!C84)),UPPER(TRIM('Raw data'!AI83))=UPPER(TRIM('Real results'!C85))),1,0)+IF(UPPER(TRIM('Raw data'!AI83))=UPPER(TRIM('Real results'!C83)),2,0),0),0) -> 0 | AK85: =IFERROR(IF('Raw data'!AK83<>"",IF(OR(UPPER(TRIM('Raw data'!AK83))=UPPER(TRIM('Real results'!C83)),UPPER(TRIM('Raw data'!AK83))=UPPER(TRIM('Real results'!C84)),UPPER(TRIM('Raw data'!AK83))=UPPER(TRIM('Real results'!C85))),1,0)+IF(UPPER(TRIM('Raw data'!AK83))=UPPER(TRIM('Real results'!C83)),2,0),0),0) -> 0 | AM85: =IFERROR(IF('Raw data'!AM83<>"",IF(OR(UPPER(TRIM('Raw data'!AM83))=UPPER(TRIM('Real results'!C83)),UPPER(TRIM('Raw data'!AM83))=UPPER(TRIM('Real results'!C84)),UPPER(TRIM('Raw data'!AM83))=UPPER(TRIM('Real results'!C85))),1,0)+IF(UPPER(TRIM('Raw data'!AM83))=UPPER(TRIM('Real results'!C83)),2,0),0),0) -> 0 | AO85: =IFERROR(IF('Raw data'!AO83<>"",IF(OR(UPPER(TRIM('Raw data'!AO83))=UPPER(TRIM('Real results'!C83)),UPPER(TRIM('Raw data'!AO83))=UPPER(TRIM('Real results'!C84)),UPPER(TRIM('Raw data'!AO83))=UPPER(TRIM('Real results'!C85))),1,0)+IF(UPPER(TRIM('Raw data'!AO83))=UPPER(TRIM('Real results'!C83)),2,0),0),0) -> 0 | AQ85: =IFERROR(IF('Raw data'!AQ83<>"",IF(OR(UPPER(TRIM('Raw data'!AQ83))=UPPER(TRIM('Real results'!C83)),UPPER(TRIM('Raw data'!AQ83))=UPPER(TRIM('Real results'!C84)),UPPER(TRIM('Raw data'!AQ83))=UPPER(TRIM('Real results'!C85))),1,0)+IF(UPPER(TRIM('Raw data'!AQ83))=UPPER(TRIM('Real results'!C83)),2,0),0),0) -> 0 | AS85: =IFERROR(IF('Raw data'!AS83<>"",IF(OR(UPPER(TRIM('Raw data'!AS83))=UPPER(TRIM('Real results'!C83)),UPPER(TRIM('Raw data'!AS83))=UPPER(TRIM('Real results'!C84)),UPPER(TRIM('Raw data'!AS83))=UPPER(TRIM('Real results'!C85))),1,0)+IF(UPPER(TRIM('Raw data'!AS83))=UPPER(TRIM('Real results'!C83)),2,0),0),0) -> 0 | AU85: =IFERROR(IF('Raw data'!AU83<>"",IF(OR(UPPER(TRIM('Raw data'!AU83))=UPPER(TRIM('Real results'!C83)),UPPER(TRIM('Raw data'!AU83))=UPPER(TRIM('Real results'!C84)),UPPER(TRIM('Raw data'!AU83))=UPPER(TRIM('Real results'!C85))),1,0)+IF(UPPER(TRIM('Raw data'!AU83))=UPPER(TRIM('Real results'!C83)),2,0),0),0) -> 0 | AW85: =IFERROR(IF('Raw data'!AW83<>"",IF(OR(UPPER(TRIM('Raw data'!AW83))=UPPER(TRIM('Real results'!C83)),UPPER(TRIM('Raw data'!AW83))=UPPER(TRIM('Real results'!C84)),UPPER(TRIM('Raw data'!AW83))=UPPER(TRIM('Real results'!C85))),1,0)+IF(UPPER(TRIM('Raw data'!AW83))=UPPER(TRIM('Real results'!C83)),2,0),0),0) -> 0 | AY85: =IFERROR(IF('Raw data'!AY83<>"",IF(OR(UPPER(TRIM('Raw data'!AY83))=UPPER(TRIM('Real results'!C83)),UPPER(TRIM('Raw data'!AY83))=UPPER(TRIM('Real results'!C84)),UPPER(TRIM('Raw data'!AY83))=UPPER(TRIM('Real results'!C85))),1,0)+IF(UPPER(TRIM('Raw data'!AY83))=UPPER(TRIM('Real results'!C83)),2,0),0),0) -> 0 | BA85: =IFERROR(IF('Raw data'!BA83<>"",IF(OR(UPPER(TRIM('Raw data'!BA83))=UPPER(TRIM('Real results'!C83)),UPPER(TRIM('Raw data'!BA83))=UPPER(TRIM('Real results'!C84)),UPPER(TRIM('Raw data'!BA83))=UPPER(TRIM('Real results'!C85))),1,0)+IF(UPPER(TRIM('Raw data'!BA83))=UPPER(TRIM('Real results'!C83)),2,0),0),0) -> 0 | BC85: =IFERROR(IF('Raw data'!BC83<>"",IF(OR(UPPER(TRIM('Raw data'!BC83))=UPPER(TRIM('Real results'!C83)),UPPER(TRIM('Raw data'!BC83))=UPPER(TRIM('Real results'!C84)),UPPER(TRIM('Raw data'!BC83))=UPPER(TRIM('Real results'!C85))),1,0)+IF(UPPER(TRIM('Raw data'!BC83))=UPPER(TRIM('Real results'!C83)),2,0),0),0) -> 0 | BE85: =IFERROR(IF('Raw data'!BE83<>"",IF(OR(UPPER(TRIM('Raw data'!BE83))=UPPER(TRIM('Real results'!C83)),UPPER(TRIM('Raw data'!BE83))=UPPER(TRIM('Real results'!C84)),UPPER(TRIM('Raw data'!BE83))=UPPER(TRIM('Real results'!C85))),1,0)+IF(UPPER(TRIM('Raw data'!BE83))=UPPER(TRIM('Real results'!C83)),2,0),0),0) -> 0 | BG85: =IFERROR(IF('Raw data'!BG83<>"",IF(OR(UPPER(TRIM('Raw data'!BG83))=UPPER(TRIM('Real results'!C83)),UPPER(TRIM('Raw data'!BG83))=UPPER(TRIM('Real results'!C84)),UPPER(TRIM('Raw data'!BG83))=UPPER(TRIM('Real results'!C85))),1,0)+IF(UPPER(TRIM('Raw data'!BG83))=UPPER(TRIM('Real results'!C83)),2,0),0),0) -> 0 | BI85: =IFERROR(IF('Raw data'!BI83<>"",IF(OR(UPPER(TRIM('Raw data'!BI83))=UPPER(TRIM('Real results'!C83)),UPPER(TRIM('Raw data'!BI83))=UPPER(TRIM('Real results'!C84)),UPPER(TRIM('Raw data'!BI83))=UPPER(TRIM('Real results'!C85))),1,0)+IF(UPPER(TRIM('Raw data'!BI83))=UPPER(TRIM('Real results'!C83)),2,0),0),0) -> 0
B86: Group B - 2nd | C86: =IFERROR(IF('Raw data'!C84<>"",IF(OR(UPPER(TRIM('Raw data'!C84))=UPPER(TRIM('Real results'!C83)),UPPER(TRIM('Raw data'!C84))=UPPER(TRIM('Real results'!C84)),UPPER(TRIM('Raw data'!C84))=UPPER(TRIM('Real results'!C85))),1,0),0),0) -> 0 | E86: =IFERROR(IF('Raw data'!E84<>"",IF(OR(UPPER(TRIM('Raw data'!E84))=UPPER(TRIM('Real results'!C83)),UPPER(TRIM('Raw data'!E84))=UPPER(TRIM('Real results'!C84)),UPPER(TRIM('Raw data'!E84))=UPPER(TRIM('Real results'!C85))),1,0),0),0) -> 0 | G86: =IFERROR(IF('Raw data'!G84<>"",IF(OR(UPPER(TRIM('Raw data'!G84))=UPPER(TRIM('Real results'!C83)),UPPER(TRIM('Raw data'!G84))=UPPER(TRIM('Real results'!C84)),UPPER(TRIM('Raw data'!G84))=UPPER(TRIM('Real results'!C85))),1,0),0),0) -> 0 | I86: =IFERROR(IF('Raw data'!I84<>"",IF(OR(UPPER(TRIM('Raw data'!I84))=UPPER(TRIM('Real results'!C83)),UPPER(TRIM('Raw data'!I84))=UPPER(TRIM('Real results'!C84)),UPPER(TRIM('Raw data'!I84))=UPPER(TRIM('Real results'!C85))),1,0),0),0) -> 0 | K86: =IFERROR(IF('Raw data'!K84<>"",IF(OR(UPPER(TRIM('Raw data'!K84))=UPPER(TRIM('Real results'!C83)),UPPER(TRIM('Raw data'!K84))=UPPER(TRIM('Real results'!C84)),UPPER(TRIM('Raw data'!K84))=UPPER(TRIM('Real results'!C85))),1,0),0),0) -> 0 | M86: =IFERROR(IF('Raw data'!M84<>"",IF(OR(UPPER(TRIM('Raw data'!M84))=UPPER(TRIM('Real results'!C83)),UPPER(TRIM('Raw data'!M84))=UPPER(TRIM('Real results'!C84)),UPPER(TRIM('Raw data'!M84))=UPPER(TRIM('Real results'!C85))),1,0),0),0) -> 0 | O86: =IFERROR(IF('Raw data'!O84<>"",IF(OR(UPPER(TRIM('Raw data'!O84))=UPPER(TRIM('Real results'!C83)),UPPER(TRIM('Raw data'!O84))=UPPER(TRIM('Real results'!C84)),UPPER(TRIM('Raw data'!O84))=UPPER(TRIM('Real results'!C85))),1,0),0),0) -> 0 | Q86: =IFERROR(IF('Raw data'!Q84<>"",IF(OR(UPPER(TRIM('Raw data'!Q84))=UPPER(TRIM('Real results'!C83)),UPPER(TRIM('Raw data'!Q84))=UPPER(TRIM('Real results'!C84)),UPPER(TRIM('Raw data'!Q84))=UPPER(TRIM('Real results'!C85))),1,0),0),0) -> 0 | S86: =IFERROR(IF('Raw data'!S84<>"",IF(OR(UPPER(TRIM('Raw data'!S84))=UPPER(TRIM('Real results'!C83)),UPPER(TRIM('Raw data'!S84))=UPPER(TRIM('Real results'!C84)),UPPER(TRIM('Raw data'!S84))=UPPER(TRIM('Real results'!C85))),1,0),0),0) -> 0 | U86: =IFERROR(IF('Raw data'!U84<>"",IF(OR(UPPER(TRIM('Raw data'!U84))=UPPER(TRIM('Real results'!C83)),UPPER(TRIM('Raw data'!U84))=UPPER(TRIM('Real results'!C84)),UPPER(TRIM('Raw data'!U84))=UPPER(TRIM('Real results'!C85))),1,0),0),0) -> 0 | W86: =IFERROR(IF('Raw data'!W84<>"",IF(OR(UPPER(TRIM('Raw data'!W84))=UPPER(TRIM('Real results'!C83)),UPPER(TRIM('Raw data'!W84))=UPPER(TRIM('Real results'!C84)),UPPER(TRIM('Raw data'!W84))=UPPER(TRIM('Real results'!C85))),1,0),0),0) -> 0 | Y86: =IFERROR(IF('Raw data'!Y84<>"",IF(OR(UPPER(TRIM('Raw data'!Y84))=UPPER(TRIM('Real results'!C83)),UPPER(TRIM('Raw data'!Y84))=UPPER(TRIM('Real results'!C84)),UPPER(TRIM('Raw data'!Y84))=UPPER(TRIM('Real results'!C85))),1,0),0),0) -> 0 | AA86: =IFERROR(IF('Raw data'!AA84<>"",IF(OR(UPPER(TRIM('Raw data'!AA84))=UPPER(TRIM('Real results'!C83)),UPPER(TRIM('Raw data'!AA84))=UPPER(TRIM('Real results'!C84)),UPPER(TRIM('Raw data'!AA84))=UPPER(TRIM('Real results'!C85))),1,0),0),0) -> 0 | AC86: =IFERROR(IF('Raw data'!AC84<>"",IF(OR(UPPER(TRIM('Raw data'!AC84))=UPPER(TRIM('Real results'!C83)),UPPER(TRIM('Raw data'!AC84))=UPPER(TRIM('Real results'!C84)),UPPER(TRIM('Raw data'!AC84))=UPPER(TRIM('Real results'!C85))),1,0),0),0) -> 0 | AE86: =IFERROR(IF('Raw data'!AE84<>"",IF(OR(UPPER(TRIM('Raw data'!AE84))=UPPER(TRIM('Real results'!C83)),UPPER(TRIM('Raw data'!AE84))=UPPER(TRIM('Real results'!C84)),UPPER(TRIM('Raw data'!AE84))=UPPER(TRIM('Real results'!C85))),1,0),0),0) -> 0 | AG86: =IFERROR(IF('Raw data'!AG84<>"",IF(OR(UPPER(TRIM('Raw data'!AG84))=UPPER(TRIM('Real results'!C83)),UPPER(TRIM('Raw data'!AG84))=UPPER(TRIM('Real results'!C84)),UPPER(TRIM('Raw data'!AG84))=UPPER(TRIM('Real results'!C85))),1,0),0),0) -> 0 | AI86: =IFERROR(IF('Raw data'!AI84<>"",IF(OR(UPPER(TRIM('Raw data'!AI84))=UPPER(TRIM('Real results'!C83)),UPPER(TRIM('Raw data'!AI84))=UPPER(TRIM('Real results'!C84)),UPPER(TRIM('Raw data'!AI84))=UPPER(TRIM('Real results'!C85))),1,0),0),0) -> 0 | AK86: =IFERROR(IF('Raw data'!AK84<>"",IF(OR(UPPER(TRIM('Raw data'!AK84))=UPPER(TRIM('Real results'!C83)),UPPER(TRIM('Raw data'!AK84))=UPPER(TRIM('Real results'!C84)),UPPER(TRIM('Raw data'!AK84))=UPPER(TRIM('Real results'!C85))),1,0),0),0) -> 0 | AM86: =IFERROR(IF('Raw data'!AM84<>"",IF(OR(UPPER(TRIM('Raw data'!AM84))=UPPER(TRIM('Real results'!C83)),UPPER(TRIM('Raw data'!AM84))=UPPER(TRIM('Real results'!C84)),UPPER(TRIM('Raw data'!AM84))=UPPER(TRIM('Real results'!C85))),1,0),0),0) -> 0 | AO86: =IFERROR(IF('Raw data'!AO84<>"",IF(OR(UPPER(TRIM('Raw data'!AO84))=UPPER(TRIM('Real results'!C83)),UPPER(TRIM('Raw data'!AO84))=UPPER(TRIM('Real results'!C84)),UPPER(TRIM('Raw data'!AO84))=UPPER(TRIM('Real results'!C85))),1,0),0),0) -> 0 | AQ86: =IFERROR(IF('Raw data'!AQ84<>"",IF(OR(UPPER(TRIM('Raw data'!AQ84))=UPPER(TRIM('Real results'!C83)),UPPER(TRIM('Raw data'!AQ84))=UPPER(TRIM('Real results'!C84)),UPPER(TRIM('Raw data'!AQ84))=UPPER(TRIM('Real results'!C85))),1,0),0),0) -> 0 | AS86: =IFERROR(IF('Raw data'!AS84<>"",IF(OR(UPPER(TRIM('Raw data'!AS84))=UPPER(TRIM('Real results'!C83)),UPPER(TRIM('Raw data'!AS84))=UPPER(TRIM('Real results'!C84)),UPPER(TRIM('Raw data'!AS84))=UPPER(TRIM('Real results'!C85))),1,0),0),0) -> 0 | AU86: =IFERROR(IF('Raw data'!AU84<>"",IF(OR(UPPER(TRIM('Raw data'!AU84))=UPPER(TRIM('Real results'!C83)),UPPER(TRIM('Raw data'!AU84))=UPPER(TRIM('Real results'!C84)),UPPER(TRIM('Raw data'!AU84))=UPPER(TRIM('Real results'!C85))),1,0),0),0) -> 0 | AW86: =IFERROR(IF('Raw data'!AW84<>"",IF(OR(UPPER(TRIM('Raw data'!AW84))=UPPER(TRIM('Real results'!C83)),UPPER(TRIM('Raw data'!AW84))=UPPER(TRIM('Real results'!C84)),UPPER(TRIM('Raw data'!AW84))=UPPER(TRIM('Real results'!C85))),1,0),0),0) -> 0 | AY86: =IFERROR(IF('Raw data'!AY84<>"",IF(OR(UPPER(TRIM('Raw data'!AY84))=UPPER(TRIM('Real results'!C83)),UPPER(TRIM('Raw data'!AY84))=UPPER(TRIM('Real results'!C84)),UPPER(TRIM('Raw data'!AY84))=UPPER(TRIM('Real results'!C85))),1,0),0),0) -> 0 | BA86: =IFERROR(IF('Raw data'!BA84<>"",IF(OR(UPPER(TRIM('Raw data'!BA84))=UPPER(TRIM('Real results'!C83)),UPPER(TRIM('Raw data'!BA84))=UPPER(TRIM('Real results'!C84)),UPPER(TRIM('Raw data'!BA84))=UPPER(TRIM('Real results'!C85))),1,0),0),0) -> 0 | BC86: =IFERROR(IF('Raw data'!BC84<>"",IF(OR(UPPER(TRIM('Raw data'!BC84))=UPPER(TRIM('Real results'!C83)),UPPER(TRIM('Raw data'!BC84))=UPPER(TRIM('Real results'!C84)),UPPER(TRIM('Raw data'!BC84))=UPPER(TRIM('Real results'!C85))),1,0),0),0) -> 0 | BE86: =IFERROR(IF('Raw data'!BE84<>"",IF(OR(UPPER(TRIM('Raw data'!BE84))=UPPER(TRIM('Real results'!C83)),UPPER(TRIM('Raw data'!BE84))=UPPER(TRIM('Real results'!C84)),UPPER(TRIM('Raw data'!BE84))=UPPER(TRIM('Real results'!C85))),1,0),0),0) -> 0 | BG86: =IFERROR(IF('Raw data'!BG84<>"",IF(OR(UPPER(TRIM('Raw data'!BG84))=UPPER(TRIM('Real results'!C83)),UPPER(TRIM('Raw data'!BG84))=UPPER(TRIM('Real results'!C84)),UPPER(TRIM('Raw data'!BG84))=UPPER(TRIM('Real results'!C85))),1,0),0),0) -> 0 | BI86: =IFERROR(IF('Raw data'!BI84<>"",IF(OR(UPPER(TRIM('Raw data'!BI84))=UPPER(TRIM('Real results'!C83)),UPPER(TRIM('Raw data'!BI84))=UPPER(TRIM('Real results'!C84)),UPPER(TRIM('Raw data'!BI84))=UPPER(TRIM('Real results'!C85))),1,0),0),0) -> 0
B87: Group B - 3rd | C87: =IFERROR(IF('Raw data'!C85<>"",IF(OR(UPPER(TRIM('Raw data'!C85))=UPPER(TRIM('Real results'!C83)),UPPER(TRIM('Raw data'!C85))=UPPER(TRIM('Real results'!C84)),UPPER(TRIM('Raw data'!C85))=UPPER(TRIM('Real results'!C85))),1,0),0),0) -> 0 | E87: =IFERROR(IF('Raw data'!E85<>"",IF(OR(UPPER(TRIM('Raw data'!E85))=UPPER(TRIM('Real results'!C83)),UPPER(TRIM('Raw data'!E85))=UPPER(TRIM('Real results'!C84)),UPPER(TRIM('Raw data'!E85))=UPPER(TRIM('Real results'!C85))),1,0),0),0) -> 0 | G87: =IFERROR(IF('Raw data'!G85<>"",IF(OR(UPPER(TRIM('Raw data'!G85))=UPPER(TRIM('Real results'!C83)),UPPER(TRIM('Raw data'!G85))=UPPER(TRIM('Real results'!C84)),UPPER(TRIM('Raw data'!G85))=UPPER(TRIM('Real results'!C85))),1,0),0),0) -> 0 | I87: =IFERROR(IF('Raw data'!I85<>"",IF(OR(UPPER(TRIM('Raw data'!I85))=UPPER(TRIM('Real results'!C83)),UPPER(TRIM('Raw data'!I85))=UPPER(TRIM('Real results'!C84)),UPPER(TRIM('Raw data'!I85))=UPPER(TRIM('Real results'!C85))),1,0),0),0) -> 0 | K87: =IFERROR(IF('Raw data'!K85<>"",IF(OR(UPPER(TRIM('Raw data'!K85))=UPPER(TRIM('Real results'!C83)),UPPER(TRIM('Raw data'!K85))=UPPER(TRIM('Real results'!C84)),UPPER(TRIM('Raw data'!K85))=UPPER(TRIM('Real results'!C85))),1,0),0),0) -> 0 | M87: =IFERROR(IF('Raw data'!M85<>"",IF(OR(UPPER(TRIM('Raw data'!M85))=UPPER(TRIM('Real results'!C83)),UPPER(TRIM('Raw data'!M85))=UPPER(TRIM('Real results'!C84)),UPPER(TRIM('Raw data'!M85))=UPPER(TRIM('Real results'!C85))),1,0),0),0) -> 0 | O87: =IFERROR(IF('Raw data'!O85<>"",IF(OR(UPPER(TRIM('Raw data'!O85))=UPPER(TRIM('Real results'!C83)),UPPER(TRIM('Raw data'!O85))=UPPER(TRIM('Real results'!C84)),UPPER(TRIM('Raw data'!O85))=UPPER(TRIM('Real results'!C85))),1,0),0),0) -> 0 | Q87: =IFERROR(IF('Raw data'!Q85<>"",IF(OR(UPPER(TRIM('Raw data'!Q85))=UPPER(TRIM('Real results'!C83)),UPPER(TRIM('Raw data'!Q85))=UPPER(TRIM('Real results'!C84)),UPPER(TRIM('Raw data'!Q85))=UPPER(TRIM('Real results'!C85))),1,0),0),0) -> 0 | S87: =IFERROR(IF('Raw data'!S85<>"",IF(OR(UPPER(TRIM('Raw data'!S85))=UPPER(TRIM('Real results'!C83)),UPPER(TRIM('Raw data'!S85))=UPPER(TRIM('Real results'!C84)),UPPER(TRIM('Raw data'!S85))=UPPER(TRIM('Real results'!C85))),1,0),0),0) -> 0 | U87: =IFERROR(IF('Raw data'!U85<>"",IF(OR(UPPER(TRIM('Raw data'!U85))=UPPER(TRIM('Real results'!C83)),UPPER(TRIM('Raw data'!U85))=UPPER(TRIM('Real results'!C84)),UPPER(TRIM('Raw data'!U85))=UPPER(TRIM('Real results'!C85))),1,0),0),0) -> 0 | W87: =IFERROR(IF('Raw data'!W85<>"",IF(OR(UPPER(TRIM('Raw data'!W85))=UPPER(TRIM('Real results'!C83)),UPPER(TRIM('Raw data'!W85))=UPPER(TRIM('Real results'!C84)),UPPER(TRIM('Raw data'!W85))=UPPER(TRIM('Real results'!C85))),1,0),0),0) -> 0 | Y87: =IFERROR(IF('Raw data'!Y85<>"",IF(OR(UPPER(TRIM('Raw data'!Y85))=UPPER(TRIM('Real results'!C83)),UPPER(TRIM('Raw data'!Y85))=UPPER(TRIM('Real results'!C84)),UPPER(TRIM('Raw data'!Y85))=UPPER(TRIM('Real results'!C85))),1,0),0),0) -> 0 | AA87: =IFERROR(IF('Raw data'!AA85<>"",IF(OR(UPPER(TRIM('Raw data'!AA85))=UPPER(TRIM('Real results'!C83)),UPPER(TRIM('Raw data'!AA85))=UPPER(TRIM('Real results'!C84)),UPPER(TRIM('Raw data'!AA85))=UPPER(TRIM('Real results'!C85))),1,0),0),0) -> 0 | AC87: =IFERROR(IF('Raw data'!AC85<>"",IF(OR(UPPER(TRIM('Raw data'!AC85))=UPPER(TRIM('Real results'!C83)),UPPER(TRIM('Raw data'!AC85))=UPPER(TRIM('Real results'!C84)),UPPER(TRIM('Raw data'!AC85))=UPPER(TRIM('Real results'!C85))),1,0),0),0) -> 0 | AE87: =IFERROR(IF('Raw data'!AE85<>"",IF(OR(UPPER(TRIM('Raw data'!AE85))=UPPER(TRIM('Real results'!C83)),UPPER(TRIM('Raw data'!AE85))=UPPER(TRIM('Real results'!C84)),UPPER(TRIM('Raw data'!AE85))=UPPER(TRIM('Real results'!C85))),1,0),0),0) -> 0 | AG87: =IFERROR(IF('Raw data'!AG85<>"",IF(OR(UPPER(TRIM('Raw data'!AG85))=UPPER(TRIM('Real results'!C83)),UPPER(TRIM('Raw data'!AG85))=UPPER(TRIM('Real results'!C84)),UPPER(TRIM('Raw data'!AG85))=UPPER(TRIM('Real results'!C85))),1,0),0),0) -> 0 | AI87: =IFERROR(IF('Raw data'!AI85<>"",IF(OR(UPPER(TRIM('Raw data'!AI85))=UPPER(TRIM('Real results'!C83)),UPPER(TRIM('Raw data'!AI85))=UPPER(TRIM('Real results'!C84)),UPPER(TRIM('Raw data'!AI85))=UPPER(TRIM('Real results'!C85))),1,0),0),0) -> 0 | AK87: =IFERROR(IF('Raw data'!AK85<>"",IF(OR(UPPER(TRIM('Raw data'!AK85))=UPPER(TRIM('Real results'!C83)),UPPER(TRIM('Raw data'!AK85))=UPPER(TRIM('Real results'!C84)),UPPER(TRIM('Raw data'!AK85))=UPPER(TRIM('Real results'!C85))),1,0),0),0) -> 0 | AM87: =IFERROR(IF('Raw data'!AM85<>"",IF(OR(UPPER(TRIM('Raw data'!AM85))=UPPER(TRIM('Real results'!C83)),UPPER(TRIM('Raw data'!AM85))=UPPER(TRIM('Real results'!C84)),UPPER(TRIM('Raw data'!AM85))=UPPER(TRIM('Real results'!C85))),1,0),0),0) -> 0 | AO87: =IFERROR(IF('Raw data'!AO85<>"",IF(OR(UPPER(TRIM('Raw data'!AO85))=UPPER(TRIM('Real results'!C83)),UPPER(TRIM('Raw data'!AO85))=UPPER(TRIM('Real results'!C84)),UPPER(TRIM('Raw data'!AO85))=UPPER(TRIM('Real results'!C85))),1,0),0),0) -> 0 | AQ87: =IFERROR(IF('Raw data'!AQ85<>"",IF(OR(UPPER(TRIM('Raw data'!AQ85))=UPPER(TRIM('Real results'!C83)),UPPER(TRIM('Raw data'!AQ85))=UPPER(TRIM('Real results'!C84)),UPPER(TRIM('Raw data'!AQ85))=UPPER(TRIM('Real results'!C85))),1,0),0),0) -> 0 | AS87: =IFERROR(IF('Raw data'!AS85<>"",IF(OR(UPPER(TRIM('Raw data'!AS85))=UPPER(TRIM('Real results'!C83)),UPPER(TRIM('Raw data'!AS85))=UPPER(TRIM('Real results'!C84)),UPPER(TRIM('Raw data'!AS85))=UPPER(TRIM('Real results'!C85))),1,0),0),0) -> 0 | AU87: =IFERROR(IF('Raw data'!AU85<>"",IF(OR(UPPER(TRIM('Raw data'!AU85))=UPPER(TRIM('Real results'!C83)),UPPER(TRIM('Raw data'!AU85))=UPPER(TRIM('Real results'!C84)),UPPER(TRIM('Raw data'!AU85))=UPPER(TRIM('Real results'!C85))),1,0),0),0) -> 0 | AW87: =IFERROR(IF('Raw data'!AW85<>"",IF(OR(UPPER(TRIM('Raw data'!AW85))=UPPER(TRIM('Real results'!C83)),UPPER(TRIM('Raw data'!AW85))=UPPER(TRIM('Real results'!C84)),UPPER(TRIM('Raw data'!AW85))=UPPER(TRIM('Real results'!C85))),1,0),0),0) -> 0 | AY87: =IFERROR(IF('Raw data'!AY85<>"",IF(OR(UPPER(TRIM('Raw data'!AY85))=UPPER(TRIM('Real results'!C83)),UPPER(TRIM('Raw data'!AY85))=UPPER(TRIM('Real results'!C84)),UPPER(TRIM('Raw data'!AY85))=UPPER(TRIM('Real results'!C85))),1,0),0),0) -> 0 | BA87: =IFERROR(IF('Raw data'!BA85<>"",IF(OR(UPPER(TRIM('Raw data'!BA85))=UPPER(TRIM('Real results'!C83)),UPPER(TRIM('Raw data'!BA85))=UPPER(TRIM('Real results'!C84)),UPPER(TRIM('Raw data'!BA85))=UPPER(TRIM('Real results'!C85))),1,0),0),0) -> 0 | BC87: =IFERROR(IF('Raw data'!BC85<>"",IF(OR(UPPER(TRIM('Raw data'!BC85))=UPPER(TRIM('Real results'!C83)),UPPER(TRIM('Raw data'!BC85))=UPPER(TRIM('Real results'!C84)),UPPER(TRIM('Raw data'!BC85))=UPPER(TRIM('Real results'!C85))),1,0),0),0) -> 0 | BE87: =IFERROR(IF('Raw data'!BE85<>"",IF(OR(UPPER(TRIM('Raw data'!BE85))=UPPER(TRIM('Real results'!C83)),UPPER(TRIM('Raw data'!BE85))=UPPER(TRIM('Real results'!C84)),UPPER(TRIM('Raw data'!BE85))=UPPER(TRIM('Real results'!C85))),1,0),0),0) -> 0 | BG87: =IFERROR(IF('Raw data'!BG85<>"",IF(OR(UPPER(TRIM('Raw data'!BG85))=UPPER(TRIM('Real results'!C83)),UPPER(TRIM('Raw data'!BG85))=UPPER(TRIM('Real results'!C84)),UPPER(TRIM('Raw data'!BG85))=UPPER(TRIM('Real results'!C85))),1,0),0),0) -> 0 | BI87: =IFERROR(IF('Raw data'!BI85<>"",IF(OR(UPPER(TRIM('Raw data'!BI85))=UPPER(TRIM('Real results'!C83)),UPPER(TRIM('Raw data'!BI85))=UPPER(TRIM('Real results'!C84)),UPPER(TRIM('Raw data'!BI85))=UPPER(TRIM('Real results'!C85))),1,0),0),0) -> 0
