Workbook

Sheet Start
B2: WORLD CUP 2026 POOL - ADMIN
B6: WORKFLOW
B8: 1. Each participant sends you their file with the 'Admin export' tab filled in.
B9: 2. Open 'Raw data' and, for each participant, paste their Admin export columns C and D
B10: into the matching participant slot (P1, P2, ...). Each participant takes TWO columns:
B11: home goals + away goals (or value for non-score items).
B12: 3. Type the participant's real name in row 6 of the home column.
B13: 4. In 'Real results' fill in the actual match results as games are played.
B14: 5. 'Calculation' and 'Standings' tabs update automatically.
B16: WORKS FOR BOTH OPTIONS
B17: Option 1 (all-in-one) and Option 2 (groups + knockouts separated) use the same
B18: export format, so this admin handles both seamlessly.
... B32: • Top Scorer: 8 pts | Ballon d'Or: 8 pts

Sheet Real results
B2: REAL RESULTS
B3: Fill in the real results as matches are played. Score-type rows use two cells: Home and Away.
B5: Concept | C5: Home / Value | D5: Away
B6: GROUP STAGE SCORES
B7: GA-M1: Mexico vs South Africa | C7: 2 | D7: 0 | F7: GA-M1: Mexico vs South Africa | G7: 2 | H7: 0 | I7: =F7=B7 -> TRUE
B8: GA-M2: South Korea vs Czech Rep. | C8: 2 | D8: 1 | F8: GA-M2: South Korea vs Czech Rep. | G8: 2 | H8: 1 | I8: =F8=B8 -> TRUE
B9: GA-M3: Czech Rep. vs South Africa | C9: 1 | D9: 1 | F9: GA-M3: Czech Rep. vs South Africa | G9: 1 | H9: 1 | I9: =F9=B9 -> TRUE
B10: GA-M4: Mexico vs South Korea | C10: 1 | D10: 0 | F10: GA-M4: Mexico vs South Korea | G10: 1 | H10: 0 | I10: =F10=B10 -> TRUE
B11: GA-M5: Czech Rep. vs Mexico | C11: 0 | D11: 3 | F11: GA-M5: Czech Rep. vs Mexico | G11: 0 | H11: 3 | I11: =F11=B11 -> TRUE
B12: GA-M6: South Africa vs South Korea | C12: 1 | D12: 0 | F12: GA-M6: South Africa vs South Korea | G12: 1 | H12: 0 | I12: =F12=B12 -> TRUE
B13: GB-M1: Canada vs Bosnia-Herz. | C13: 1 | D13: 1 | F13: GB-M1: Canada vs Bosnia-Herz. | G13: 1 | H13: 1 | I13: =F13=B13 -> TRUE
B14: GB-M2: Qatar vs Switzerland | C14: 1 | D14: 1 | F14: GB-M2: Qatar vs Switzerland | G14: 1 | H14: 1 | I14: =F14=B14 -> TRUE
B15: GB-M3: Switzerland vs Bosnia-Herz. | C15: 4 | D15: 1 | F15: GB-M3: Switzerland vs Bosnia-Herz. | G15: 4 | H15: 1 | I15: =F15=B15 -> TRUE
B16: GB-M4: Canada vs Qatar | C16: 6 | D16: 0 | F16: GB-M4: Canada vs Qatar | G16: 6 | H16: 0 | I16: =F16=B16 -> TRUE
B17: GB-M5: Switzerland vs Canada | C17: 2 | D17: 1 | F17: GB-M5: Switzerland vs Canada | G17: 2 | H17: 1 | I17: =F17=B17 -> TRUE
B18: GB-M6: Bosnia-Herz. vs Qatar | C18: 3 | D18: 1 | F18: GB-M6: Bosnia-Herz. vs Qatar | G18: 3 | H18: 1 | I18: =F18=B18 -> TRUE
... B78: GL-M6: Panama vs England | C78: 0 | D78: 2 | F78: GL-M6: Panama vs England | G78: 0 | H78: 2 | I78: =F78=B78 -> TRUE
B79: GROUP STANDINGS
B80: 1st group A
B81: 2nd group A
B82: 3rd group A
B83: 1st group B
B84: 2nd group B
B85: 3rd group B
B86: 1st group C
B87: 2nd group C
B88: 3rd group C
B89: 1st group D
B90: 2nd group D
... B229: Ballon d'Or

Sheet Raw data
B2: RAW DATA - paste participant exports here
B3: Each participant takes TWO columns. Paste their 'Admin export' columns C and D into their slot. Row 6 holds their real name (in the Home column of each pair).
B5: CONCEPT | C5: P1 | E5: P2 | G5: P3 | I5: P4 | K5: P5 | M5: P6 | O5: P7 | Q5: P8 | S5: P9 | U5: P10 | W5: P11 | Y5: P12 | AA5: P13 | AC5: P14 | AE5: P15 | AG5: P16 | AI5: P17 | AK5: P18 | AM5: P19 | AO5: P20 | AQ5: P21 | AS5: P22 | AU5: P23 | AW5: P24 | AY5: P25 | BA5: P26 | BC5: P27 | BE5: P28 | BG5: P29 | BI5: P30
B6: GROUP STAGE SCORES | C6: Matt | E6: Fer | G6: Pano | I6: Tere | K6: Jose
B7: GA-M1: Mexico vs South Africa | C7: 2 | D7: 1 | E7: 2 | F7: 0 | G7: 3 | H7: 0 | I7: 3 | J7: 1 | K7: 2 | L7: 1
B8: GA-M2: South Korea vs Czech Rep. | C8: 1 | D8: 1 | E8: 1 | F8: 1 | G8: 1 | H8: 1 | I8: 2 | J8: 1 | K8: 2 | L8: 1
B9: GA-M3: Czech Rep. vs South Africa | C9: 2 | D9: 0 | E9: 1 | F9: 0 | G9: 1 | H9: 0 | I9: 2 | J9: 0 | K9: 2 | L9: 1
B10: GA-M4: Mexico vs South Korea | C10: 2 | D10: 1 | E10: 1 | F10: 1 | G10: 3 | H10: 1 | I10: 1 | J10: 1 | K10: 2 | L10: 1
B11: GA-M5: Czech Rep. vs Mexico | C11: 1 | D11: 2 | E11: 0 | F11: 2 | G11: 1 | H11: 1 | I11: 1 | J11: 2 | K11: 1 | L11: 2
B12: GA-M6: South Africa vs South Korea | C12: 1 | D12: 2 | E12: 0 | F12: 2 | G12: 0 | H12: 2 | I12: 1 | J12: 2 | K12: 1 | L12: 2
B13: GB-M1: Canada vs Bosnia-Herz. | C13: 2 | D13: 0 | E13: 2 | F13: 1 | G13: 2 | H13: 0 | I13: 2 | J13: 0 | K13: 2 | L13: 1
B14: GB-M2: Qatar vs Switzerland | C14: 0 | D14: 2 | E14: 1 | F14: 2 | G14: 0 | H14: 2 | I14: 0 | J14: 3 | K14: 1 | L14: 2
B15: GB-M3: Switzerland vs Bosnia-Herz. | C15: 1 | D15: 1 | E15: 2 | F15: 0 | G15: 1 | H15: 0 | I15: 1 | J15: 0 | K15: 2 | L15: 1
B16: GB-M4: Canada vs Qatar | C16: 2 | D16: 1 | E16: 2 | F16: 1 | G16: 2 | H16: 1 | I16: 2 | J16: 0 | K16: 2 | L16: 1
B17: GB-M5: Switzerland vs Canada | C17: 1 | D17: 1 | E17: 1 | F17: 1 | G17: 1 | H17: 0 | I17: 2 | J17: 1 | K17: 2 | L17: 1
B18: GB-M6: Bosnia-Herz. vs Qatar | C18: 2 | D18: 1 | E18: 2 | F18: 1 | G18: 1 | H18: 2 | I18: 1 | J18: 0 | K18: 2 | L18: 1
... B78: GL-M6: Panama vs England | C78: 0 | D78: 4 | E78: 0 | F78: 2 | G78: 0 | H78: 3 | I78: 0 | J78: 3 | K78: 1 | L78: 2
B79: GROUP STANDINGS
B80: 1st group A | C80: Mexico | E80: Mexico | G80: Mexico | I80: Mexico | K80: Mexico
B81: 2nd group A | C81: Czech Rep. | E81: South Korea | G81: Czech Rep. | I81: South Korea | K81: South Korea
B82: 3rd group A | C82: South Korea | E82: Czech Rep. | G82: South Korea | I82: Czech Rep. | K82: Czech Rep.
B83: 1st group B | C83: Canada | E83: Switzerland | G83: Switzerland | I83: Switzerland | K83: Switzerland
B84: 2nd group B | C84: Switzerland | E84: Canada | G84: Canada | I84: Canada | K84: Canada
B85: 3rd group B | C85: Bosnia-Herz. | E85: Bosnia-Herz. | G85: Qatar | I85: Bosnia-Herz. | K85: Bosnia-Herz.
B86: 1st group C | C86: Brazil | E86: Brazil | G86: Brazil | I86: Morocco | K86: Brazil
B87: 2nd group C | C87: Morocco | E87: Morocco | G87: Morocco | I87: Brazil | K87: Morocco
B88: 3rd group C | C88: Scotland | E88: Scotland | G88: Scotland | I88: Scotland | K88: Scotland
B89: 1st group D | C89: USA | E89: Turkey | G89: Turkey | I89: Turkey | K89: USA
B90: 2nd group D | C90: Turkey | E90: USA | G90: USA | I90: USA | K90: Turkey
B91: 3rd group D | C91: Paraguay | E91: Paraguay | G91: Australia | I91: Paraguay | K91: Paraguay
... B115: 3rd group L | C115: Ghana | E115: Ghana | G115: Ghana | I115: Ghana | K115: Ghana
B116: 8 BEST THIRDS
B117: 3-1 | C117: South Korea | E117: Scotland | G117: Argentina | I117: Ivory Coast | K117: Czech Rep.
B118: 3-2 | C118: Ivory Coast | E118: Iran | G118: South Korea | I118: Czech Rep. | K118: Bosnia-Herz.
B119: 3-3 | C119: Norway | E119: Senegal | G119: Ivory Coast | I119: Norway | K119: Scotland
B120: 3-4 | C120: Bosnia-Herz. | E120: Czech Rep. | G120: Saudi Arabia | I120: Scotland | K120: Paraguay
B121: 3-5 | C121: Iran | E121: Algeria | G121: Iran | I121: Paraguay | K121: Ivory Coast
B122: 3-6 | C122: Scotland | E122: Ivory Coast | G122: Ghana | I122: Algeria | K122: Japan
B123: 3-7 | C123: Ghana | E123: Bosnia-Herz. | G123: Uzbekistan | I123: Japan | K123: Iran
B124: 3-8 | C124: Japan | E124: Ghana | G124: Scotland | I124: Bosnia-Herz. | K124: Saudi Arabia
B125: ROUND OF 32
B126: R32-M1 score: Germany vs Paraguay
B127: R32-M1 tiebreaker (no points)
B128: R32-M1 winner: Germany vs Paraguay
B129: R32-M2 score: France vs Sweden
B130: R32-M2 tiebreaker (no points)
B131: R32-M2 winner: France vs Sweden
B132: R32-M3 score: South Africa vs Canada
B133: R32-M3 tiebreaker (no points)
B134: R32-M3 winner: South Africa vs Canada
B135: R32-M4 score: Netherlands vs Morocco
B136: R32-M4 tiebreaker (no points)
... B229: Ballon d'Or

Sheet Calculation
B2: POINTS CALCULATION (automatic)
B5: CONCEPT | C5: ='Raw data'!C6 -> Matt | E5: ='Raw data'!E6 -> Fer | G5: ='Raw data'!G6 -> Pano | I5: ='Raw data'!I6 -> Tere | K5: JE | M5: ='Raw data'!M6 | O5: ='Raw data'!O6 | Q5: ='Raw data'!Q6 | S5: ='Raw data'!S6 | U5: ='Raw data'!U6 | W5: ='Raw data'!W6 | Y5: ='Raw data'!Y6 | AA5: ='Raw data'!AA6 | AC5: ='Raw data'!AC6 | AE5: ='Raw data'!AE6 | AG5: ='Raw data'!AG6 | AI5: ='Raw data'!AI6 | AK5: ='Raw data'!AK6 | AM5: ='Raw data'!AM6 | AO5: ='Raw data'!AO6 | AQ5: ='Raw data'!AQ6 | AS5: ='Raw data'!AS6 | AU5: ='Raw data'!AU6 | AW5: ='Raw data'!AW6 | AY5: ='Raw data'!AY6 | BA5: ='Raw data'!BA6 | BC5: ='Raw data'!BC6 | BE5: ='Raw data'!BE6 | BG5: ='Raw data'!BG6 | BI5: ='Raw data'!BI6
B7: GROUP STAGE MATCHES
B8: GA-M1: Mexico vs South Africa | C8: =IFERROR(IF(AND(ISNUMBER('Real results'!C7),ISNUMBER('Real results'!D7),ISNUMBER(#REF!),ISNUMBER(#REF!)),IF(SIGN(#REF!-#REF!)=SIGN('Real results'!C7-'Real results'!D7),2+IF(AND(#REF!='Real results'!C7,#REF!='Real results'!D7),2,0),0),0),0) -> 0 | E8: =IFERROR(IF(AND(ISNUMBER('Real results'!C7),ISNUMBER('Real results'!D7),ISNUMBER(#REF!),ISNUMBER(#REF!)),IF(SIGN(#REF!-#REF!)=SIGN('Real results'!C7-'Real results'!D7),2+IF(AND(#REF!='Real results'!C7,#REF!='Real results'!D7),2,0),0),0),0) -> 0 | G8: =IFERROR(IF(AND(ISNUMBER('Real results'!C7),ISNUMBER('Real results'!D7),ISNUMBER('Raw data'!G7),ISNUMBER('Raw data'!H7)),IF(SIGN('Raw data'!G7-'Raw data'!H7)=SIGN('Real results'!C7-'Real results'!D7),2+IF(AND('Raw data'!G7='Real results'!C7,'Raw data'!H7='Real results'!D7),2,0),0),0),0) -> 2 | I8: =IFERROR(IF(AND(ISNUMBER('Real results'!C7),ISNUMBER('Real results'!D7),ISNUMBER('Raw data'!I7),ISNUMBER('Raw data'!J7)),IF(SIGN('Raw data'!I7-'Raw data'!J7)=SIGN('Real results'!C7-'Real results'!D7),2+IF(AND('Raw data'!I7='Real results'!C7,'Raw data'!J7='Real results'!D7),2,0),0),0),0) -> 2 | K8: =IFERROR(IF(AND(ISNUMBER('Real results'!C7),ISNUMBER('Real results'!D7),ISNUMBER('Raw data'!K7),ISNUMBER('Raw data'!L7)),IF(SIGN('Raw data'!K7-'Raw data'!L7)=SIGN('Real results'!C7-'Real results'!D7),2+IF(AND('Raw data'!K7='Real results'!C7,'Raw data'!L7='Real results'!D7),2,0),0),0),0) -> 2 | M8: =IFERROR(IF(AND(ISNUMBER('Real results'!C7),ISNUMBER('Real results'!D7),ISNUMBER('Raw data'!M7),ISNUMBER('Raw data'!N7)),IF(SIGN('Raw data'!M7-'Raw data'!N7)=SIGN('Real results'!C7-'Real results'!D7),2+IF(AND('Raw data'!M7='Real results'!C7,'Raw data'!N7='Real results'!D7),2,0),0),0),0) -> 0 | O8: =IFERROR(IF(AND(ISNUMBER('Real results'!C7),ISNUMBER('Real results'!D7),ISNUMBER('Raw data'!O7),ISNUMBER('Raw data'!P7)),IF(SIGN('Raw data'!O7-'Raw data'!P7)=SIGN('Real results'!C7-'Real results'!D7),2+IF(AND('Raw data'!O7='Real results'!C7,'Raw data'!P7='Real results'!D7),2,0),0),0),0) -> 0 | Q8: =IFERROR(IF(AND(ISNUMBER('Real results'!C7),ISNUMBER('Real results'!D7),ISNUMBER('Raw data'!Q7),ISNUMBER('Raw data'!R7)),IF(SIGN('Raw data'!Q7-'Raw data'!R7)=SIGN('Real results'!C7-'Real results'!D7),2+IF(AND('Raw data'!Q7='Real results'!C7,'Raw data'!R7='Real results'!D7),2,0),0),0),0) -> 0 | S8: =IFERROR(IF(AND(ISNUMBER('Real results'!C7),ISNUMBER('Real results'!D7),ISNUMBER('Raw data'!S7),ISNUMBER('Raw data'!T7)),IF(SIGN('Raw data'!S7-'Raw data'!T7)=SIGN('Real results'!C7-'Real results'!D7),2+IF(AND('Raw data'!S7='Real results'!C7,'Raw data'!T7='Real results'!D7),2,0),0),0),0) -> 0 | U8: =IFERROR(IF(AND(ISNUMBER('Real results'!C7),ISNUMBER('Real results'!D7),ISNUMBER('Raw data'!U7),ISNUMBER('Raw data'!V7)),IF(SIGN('Raw data'!U7-'Raw data'!V7)=SIGN('Real results'!C7-'Real results'!D7),2+IF(AND('Raw data'!U7='Real results'!C7,'Raw data'!V7='Real results'!D7),2,0),0),0),0) -> 0 | W8: =IFERROR(IF(AND(ISNUMBER('Real results'!C7),ISNUMBER('Real results'!D7),ISNUMBER('Raw data'!W7),ISNUMBER('Raw data'!X7)),IF(SIGN('Raw data'!W7-'Raw data'!X7)=SIGN('Real results'!C7-'Real results'!D7),2+IF(AND('Raw data'!W7='Real results'!C7,'Raw data'!X7='Real results'!D7),2,0),0),0),0) -> 0 | Y8: =IFERROR(IF(AND(ISNUMBER('Real results'!C7),ISNUMBER('Real results'!D7),ISNUMBER('Raw data'!Y7),ISNUMBER('Raw data'!Z7)),IF(SIGN('Raw data'!Y7-'Raw data'!Z7)=SIGN('Real results'!C7-'Real results'!D7),2+IF(AND('Raw data'!Y7='Real results'!C7,'Raw data'!Z7='Real results'!D7),2,0),0),0),0) -> 0 | AA8: =IFERROR(IF(AND(ISNUMBER('Real results'!C7),ISNUMBER('Real results'!D7),ISNUMBER('Raw data'!AA7),ISNUMBER('Raw data'!AB7)),IF(SIGN('Raw data'!AA7-'Raw data'!AB7)=SIGN('Real results'!C7-'Real results'!D7),2+IF(AND('Raw data'!AA7='Real results'!C7,'Raw data'!AB7='Real results'!D7),2,0),0),0),0) -> 0 | AC8: =IFERROR(IF(AND(ISNUMBER('Real results'!C7),ISNUMBER('Real results'!D7),ISNUMBER('Raw data'!AC7),ISNUMBER('Raw data'!AD7)),IF(SIGN('Raw data'!AC7-'Raw data'!AD7)=SIGN('Real results'!C7-'Real results'!D7),2+IF(AND('Raw data'!AC7='Real results'!C7,'Raw data'!AD7='Real results'!D7),2,0),0),0),0) -> 0 | AE8: =IFERROR(IF(AND(ISNUMBER('Real results'!C7),ISNUMBER('Real results'!D7),ISNUMBER('Raw data'!AE7),ISNUMBER('Raw data'!AF7)),IF(SIGN('Raw data'!AE7-'Raw data'!AF7)=SIGN('Real results'!C7-'Real results'!D7),2+IF(AND('Raw data'!AE7='Real results'!C7,'Raw data'!AF7='Real results'!D7),2,0),0),0),0) -> 0 | AG8: =IFERROR(IF(AND(ISNUMBER('Real results'!C7),ISNUMBER('Real results'!D7),ISNUMBER('Raw data'!AG7),ISNUMBER('Raw data'!AH7)),IF(SIGN('Raw data'!AG7-'Raw data'!AH7)=SIGN('Real results'!C7-'Real results'!D7),2+IF(AND('Raw data'!AG7='Real results'!C7,'Raw data'!AH7='Real results'!D7),2,0),0),0),0) -> 0 | AI8: =IFERROR(IF(AND(ISNUMBER('Real results'!C7),ISNUMBER('Real results'!D7),ISNUMBER('Raw data'!AI7),ISNUMBER('Raw data'!AJ7)),IF(SIGN('Raw data'!AI7-'Raw data'!AJ7)=SIGN('Real results'!C7-'Real results'!D7),2+IF(AND('Raw data'!AI7='Real results'!C7,'Raw data'!AJ7='Real results'!D7),2,0),0),0),0) -> 0 | AK8: =IFERROR(IF(AND(ISNUMBER('Real results'!C7),ISNUMBER('Real results'!D7),ISNUMBER('Raw data'!AK7),ISNUMBER('Raw data'!AL7)),IF(SIGN('Raw data'!AK7-'Raw data'!AL7)=SIGN('Real results'!C7-'Real results'!D7),2+IF(AND('Raw data'!AK7='Real results'!C7,'Raw data'!AL7='Real results'!D7),2,0),0),0),0) -> 0 | AM8: =IFERROR(IF(AND(ISNUMBER('Real results'!C7),ISNUMBER('Real results'!D7),ISNUMBER('Raw data'!AM7),ISNUMBER('Raw data'!AN7)),IF(SIGN('Raw data'!AM7-'Raw data'!AN7)=SIGN('Real results'!C7-'Real results'!D7),2+IF(AND('Raw data'!AM7='Real results'!C7,'Raw data'!AN7='Real results'!D7),2,0),0),0),0) -> 0 | AO8: =IFERROR(IF(AND(ISNUMBER('Real results'!C7),ISNUMBER('Real results'!D7),ISNUMBER('Raw data'!AO7),ISNUMBER('Raw data'!AP7)),IF(SIGN('Raw data'!AO7-'Raw data'!AP7)=SIGN('Real results'!C7-'Real results'!D7),2+IF(AND('Raw data'!AO7='Real results'!C7,'Raw data'!AP7='Real results'!D7),2,0),0),0),0) -> 0 | AQ8: =IFERROR(IF(AND(ISNUMBER('Real results'!C7),ISNUMBER('Real results'!D7),ISNUMBER('Raw data'!AQ7),ISNUMBER('Raw data'!AR7)),IF(SIGN('Raw data'!AQ7-'Raw data'!AR7)=SIGN('Real results'!C7-'Real results'!D7),2+IF(AND('Raw data'!AQ7='Real results'!C7,'Raw data'!AR7='Real results'!D7),2,0),0),0),0) -> 0 | AS8: =IFERROR(IF(AND(ISNUMBER('Real results'!C7),ISNUMBER('Real results'!D7),ISNUMBER('Raw data'!AS7),ISNUMBER('Raw data'!AT7)),IF(SIGN('Raw data'!AS7-'Raw data'!AT7)=SIGN('Real results'!C7-'Real results'!D7),2+IF(AND('Raw data'!AS7='Real results'!C7,'Raw data'!AT7='Real results'!D7),2,0),0),0),0) -> 0 | AU8: =IFERROR(IF(AND(ISNUMBER('Real results'!C7),ISNUMBER('Real results'!D7),ISNUMBER('Raw data'!AU7),ISNUMBER('Raw data'!AV7)),IF(SIGN('Raw data'!AU7-'Raw data'!AV7)=SIGN('Real results'!C7-'Real results'!D7),2+IF(AND('Raw data'!AU7='Real results'!C7,'Raw data'!AV7='Real results'!D7),2,0),0),0),0) -> 0 | AW8: =IFERROR(IF(AND(ISNUMBER('Real results'!C7),ISNUMBER('Real results'!D7),ISNUMBER('Raw data'!AW7),ISNUMBER('Raw data'!AX7)),IF(SIGN('Raw data'!AW7-'Raw data'!AX7)=SIGN('Real results'!C7-'Real results'!D7),2+IF(AND('Raw data'!AW7='Real results'!C7,'Raw data'!AX7='Real results'!D7),2,0),0),0),0) -> 0 | AY8: =IFERROR(IF(AND(ISNUMBER('Real results'!C7),ISNUMBER('Real results'!D7),ISNUMBER('Raw data'!AY7),ISNUMBER('Raw data'!AZ7)),IF(SIGN('Raw data'!AY7-'Raw data'!AZ7)=SIGN('Real results'!C7-'Real results'!D7),2+IF(AND('Raw data'!AY7='Real results'!C7,'Raw data'!AZ7='Real results'!D7),2,0),0),0),0) -> 0 | BA8: =IFERROR(IF(AND(ISNUMBER('Real results'!C7),ISNUMBER('Real results'!D7),ISNUMBER('Raw data'!BA7),ISNUMBER('Raw data'!BB7)),IF(SIGN('Raw data'!BA7-'Raw data'!BB7)=SIGN('Real results'!C7-'Real results'!D7),2+IF(AND('Raw data'!BA7='Real results'!C7,'Raw data'!BB7='Real results'!D7),2,0),0),0),0) -> 0 | BC8: =IFERROR(IF(AND(ISNUMBER('Real results'!C7),ISNUMBER('Real results'!D7),ISNUMBER('Raw data'!BC7),ISNUMBER('Raw data'!BD7)),IF(SIGN('Raw data'!BC7-'Raw data'!BD7)=SIGN('Real results'!C7-'Real results'!D7),2+IF(AND('Raw data'!BC7='Real results'!C7,'Raw data'!BD7='Real results'!D7),2,0),0),0),0) -> 0 | BE8: =IFERROR(IF(AND(ISNUMBER('Real results'!C7),ISNUMBER('Real results'!D7),ISNUMBER('Raw data'!BE7),ISNUMBER('Raw data'!BF7)),IF(SIGN('Raw data'!BE7-'Raw data'!BF7)=SIGN('Real results'!C7-'Real results'!D7),2+IF(AND('Raw data'!BE7='Real results'!C7,'Raw data'!BF7='Real results'!D7),2,0),0),0),0) -> 0 | BG8: =IFERROR(IF(AND(ISNUMBER('Real results'!C7),ISNUMBER('Real results'!D7),ISNUMBER('Raw data'!BG7),ISNUMBER('Raw data'!BH7)),IF(SIGN('Raw data'!BG7-'Raw data'!BH7)=SIGN('Real results'!C7-'Real results'!D7),2+IF(AND('Raw data'!BG7='Real results'!C7,'Raw data'!BH7='Real results'!D7),2,0),0),0),0) -> 0 | BI8: =IFERROR(IF(AND(ISNUMBER('Real results'!C7),ISNUMBER('Real results'!D7),ISNUMBER('Raw data'!BI7),ISNUMBER('Raw data'!BJ7)),IF(SIGN('Raw data'!BI7-'Raw data'!BJ7)=SIGN('Real results'!C7-'Real results'!D7),2+IF(AND('Raw data'!BI7='Real results'!C7,'Raw data'!BJ7='Real results'!D7),2,0),0),0),0) -> 0
B9: GA-M2: South Korea vs Czech Rep. | C9: =IFERROR(IF(AND(ISNUMBER('Real results'!C8),ISNUMBER('Real results'!D8),ISNUMBER(#REF!),ISNUMBER(#REF!)),IF(SIGN(#REF!-#REF!)=SIGN('Real results'!C8-'Real results'!D8),2+IF(AND(#REF!='Real results'!C8,#REF!='Real results'!D8),2,0),0),0),0) -> 0 | E9: =IFERROR(IF(AND(ISNUMBER('Real results'!C8),ISNUMBER('Real results'!D8),ISNUMBER('Raw data'!E7),ISNUMBER('Raw data'!F7)),IF(SIGN('Raw data'!E7-'Raw data'!F7)=SIGN('Real results'!C8-'Real results'!D8),2+IF(AND('Raw data'!E7='Real results'!C8,'Raw data'!F7='Real results'!D8),2,0),0),0),0) -> 2 | G9: =IFERROR(IF(AND(ISNUMBER('Real results'!C8),ISNUMBER('Real results'!D8),ISNUMBER('Raw data'!G8),ISNUMBER('Raw data'!H8)),IF(SIGN('Raw data'!G8-'Raw data'!H8)=SIGN('Real results'!C8-'Real results'!D8),2+IF(AND('Raw data'!G8='Real results'!C8,'Raw data'!H8='Real results'!D8),2,0),0),0),0) -> 0 | I9: =IFERROR(IF(AND(ISNUMBER('Real results'!C8),ISNUMBER('Real results'!D8),ISNUMBER('Raw data'!I8),ISNUMBER('Raw data'!J8)),IF(SIGN('Raw data'!I8-'Raw data'!J8)=SIGN('Real results'!C8-'Real results'!D8),2+IF(AND('Raw data'!I8='Real results'!C8,'Raw data'!J8='Real results'!D8),2,0),0),0),0) -> 4 | K9: =IFERROR(IF(AND(ISNUMBER('Real results'!C8),ISNUMBER('Real results'!D8),ISNUMBER('Raw data'!K8),ISNUMBER('Raw data'!L8)),IF(SIGN('Raw data'!K8-'Raw data'!L8)=SIGN('Real results'!C8-'Real results'!D8),2+IF(AND('Raw data'!K8='Real results'!C8,'Raw data'!L8='Real results'!D8),2,0),0),0),0) -> 4 | M9: =IFERROR(IF(AND(ISNUMBER('Real results'!C8),ISNUMBER('Real results'!D8),ISNUMBER('Raw data'!M8),ISNUMBER('Raw data'!N8)),IF(SIGN('Raw data'!M8-'Raw data'!N8)=SIGN('Real results'!C8-'Real results'!D8),2+IF(AND('Raw data'!M8='Real results'!C8,'Raw data'!N8='Real results'!D8),2,0),0),0),0) -> 0 | O9: =IFERROR(IF(AND(ISNUMBER('Real results'!C8),ISNUMBER('Real results'!D8),ISNUMBER('Raw data'!O8),ISNUMBER('Raw data'!P8)),IF(SIGN('Raw data'!O8-'Raw data'!P8)=SIGN('Real results'!C8-'Real results'!D8),2+IF(AND('Raw data'!O8='Real results'!C8,'Raw data'!P8='Real results'!D8),2,0),0),0),0) -> 0 | Q9: =IFERROR(IF(AND(ISNUMBER('Real results'!C8),ISNUMBER('Real results'!D8),ISNUMBER('Raw data'!Q8),ISNUMBER('Raw data'!R8)),IF(SIGN('Raw data'!Q8-'Raw data'!R8)=SIGN('Real results'!C8-'Real results'!D8),2+IF(AND('Raw data'!Q8='Real results'!C8,'Raw data'!R8='Real results'!D8),2,0),0),0),0) -> 0 | S9: =IFERROR(IF(AND(ISNUMBER('Real results'!C8),ISNUMBER('Real results'!D8),ISNUMBER('Raw data'!S8),ISNUMBER('Raw data'!T8)),IF(SIGN('Raw data'!S8-'Raw data'!T8)=SIGN('Real results'!C8-'Real results'!D8),2+IF(AND('Raw data'!S8='Real results'!C8,'Raw data'!T8='Real results'!D8),2,0),0),0),0) -> 0 | U9: =IFERROR(IF(AND(ISNUMBER('Real results'!C8),ISNUMBER('Real results'!D8),ISNUMBER('Raw data'!U8),ISNUMBER('Raw data'!V8)),IF(SIGN('Raw data'!U8-'Raw data'!V8)=SIGN('Real results'!C8-'Real results'!D8),2+IF(AND('Raw data'!U8='Real results'!C8,'Raw data'!V8='Real results'!D8),2,0),0),0),0) -> 0 | W9: =IFERROR(IF(AND(ISNUMBER('Real results'!C8),ISNUMBER('Real results'!D8),ISNUMBER('Raw data'!W8),ISNUMBER('Raw data'!X8)),IF(SIGN('Raw data'!W8-'Raw data'!X8)=SIGN('Real results'!C8-'Real results'!D8),2+IF(AND('Raw data'!W8='Real results'!C8,'Raw data'!X8='Real results'!D8),2,0),0),0),0) -> 0 | Y9: =IFERROR(IF(AND(ISNUMBER('Real results'!C8),ISNUMBER('Real results'!D8),ISNUMBER('Raw data'!Y8),ISNUMBER('Raw data'!Z8)),IF(SIGN('Raw data'!Y8-'Raw data'!Z8)=SIGN('Real results'!C8-'Real results'!D8),2+IF(AND('Raw data'!Y8='Real results'!C8,'Raw data'!Z8='Real results'!D8),2,0),0),0),0) -> 0 | AA9: =IFERROR(IF(AND(ISNUMBER('Real results'!C8),ISNUMBER('Real results'!D8),ISNUMBER('Raw data'!AA8),ISNUMBER('Raw data'!AB8)),IF(SIGN('Raw data'!AA8-'Raw data'!AB8)=SIGN('Real results'!C8-'Real results'!D8),2+IF(AND('Raw data'!AA8='Real results'!C8,'Raw data'!AB8='Real results'!D8),2,0),0),0),0) -> 0 | AC9: =IFERROR(IF(AND(ISNUMBER('Real results'!C8),ISNUMBER('Real results'!D8),ISNUMBER('Raw data'!AC8),ISNUMBER('Raw data'!AD8)),IF(SIGN('Raw data'!AC8-'Raw data'!AD8)=SIGN('Real results'!C8-'Real results'!D8),2+IF(AND('Raw data'!AC8='Real results'!C8,'Raw data'!AD8='Real results'!D8),2,0),0),0),0) -> 0 | AE9: =IFERROR(IF(AND(ISNUMBER('Real results'!C8),ISNUMBER('Real results'!D8),ISNUMBER('Raw data'!AE8),ISNUMBER('Raw data'!AF8)),IF(SIGN('Raw data'!AE8-'Raw data'!AF8)=SIGN('Real results'!C8-'Real results'!D8),2+IF(AND('Raw data'!AE8='Real results'!C8,'Raw data'!AF8='Real results'!D8),2,0),0),0),0) -> 0 | AG9: =IFERROR(IF(AND(ISNUMBER('Real results'!C8),ISNUMBER('Real results'!D8),ISNUMBER('Raw data'!AG8),ISNUMBER('Raw data'!AH8)),IF(SIGN('Raw data'!AG8-'Raw data'!AH8)=SIGN('Real results'!C8-'Real results'!D8),2+IF(AND('Raw data'!AG8='Real results'!C8,'Raw data'!AH8='Real results'!D8),2,0),0),0),0) -> 0 | AI9: =IFERROR(IF(AND(ISNUMBER('Real results'!C8),ISNUMBER('Real results'!D8),ISNUMBER('Raw data'!AI8),ISNUMBER('Raw data'!AJ8)),IF(SIGN('Raw data'!AI8-'Raw data'!AJ8)=SIGN('Real results'!C8-'Real results'!D8),2+IF(AND('Raw data'!AI8='Real results'!C8,'Raw data'!AJ8='Real results'!D8),2,0),0),0),0) -> 0 | AK9: =IFERROR(IF(AND(ISNUMBER('Real results'!C8),ISNUMBER('Real results'!D8),ISNUMBER('Raw data'!AK8),ISNUMBER('Raw data'!AL8)),IF(SIGN('Raw data'!AK8-'Raw data'!AL8)=SIGN('Real results'!C8-'Real results'!D8),2+IF(AND('Raw data'!AK8='Real results'!C8,'Raw data'!AL8='Real results'!D8),2,0),0),0),0) -> 0 | AM9: =IFERROR(IF(AND(ISNUMBER('Real results'!C8),ISNUMBER('Real results'!D8),ISNUMBER('Raw data'!AM8),ISNUMBER('Raw data'!AN8)),IF(SIGN('Raw data'!AM8-'Raw data'!AN8)=SIGN('Real results'!C8-'Real results'!D8),2+IF(AND('Raw data'!AM8='Real results'!C8,'Raw data'!AN8='Real results'!D8),2,0),0),0),0) -> 0 | AO9: =IFERROR(IF(AND(ISNUMBER('Real results'!C8),ISNUMBER('Real results'!D8),ISNUMBER('Raw data'!AO8),ISNUMBER('Raw data'!AP8)),IF(SIGN('Raw data'!AO8-'Raw data'!AP8)=SIGN('Real results'!C8-'Real results'!D8),2+IF(AND('Raw data'!AO8='Real results'!C8,'Raw data'!AP8='Real results'!D8),2,0),0),0),0) -> 0 | AQ9: =IFERROR(IF(AND(ISNUMBER('Real results'!C8),ISNUMBER('Real results'!D8),ISNUMBER('Raw data'!AQ8),ISNUMBER('Raw data'!AR8)),IF(SIGN('Raw data'!AQ8-'Raw data'!AR8)=SIGN('Real results'!C8-'Real results'!D8),2+IF(AND('Raw data'!AQ8='Real results'!C8,'Raw data'!AR8='Real results'!D8),2,0),0),0),0) -> 0 | AS9: =IFERROR(IF(AND(ISNUMBER('Real results'!C8),ISNUMBER('Real results'!D8),ISNUMBER('Raw data'!AS8),ISNUMBER('Raw data'!AT8)),IF(SIGN('Raw data'!AS8-'Raw data'!AT8)=SIGN('Real results'!C8-'Real results'!D8),2+IF(AND('Raw data'!AS8='Real results'!C8,'Raw data'!AT8='Real results'!D8),2,0),0),0),0) -> 0 | AU9: =IFERROR(IF(AND(ISNUMBER('Real results'!C8),ISNUMBER('Real results'!D8),ISNUMBER('Raw data'!AU8),ISNUMBER('Raw data'!AV8)),IF(SIGN('Raw data'!AU8-'Raw data'!AV8)=SIGN('Real results'!C8-'Real results'!D8),2+IF(AND('Raw data'!AU8='Real results'!C8,'Raw data'!AV8='Real results'!D8),2,0),0),0),0) -> 0 | AW9: =IFERROR(IF(AND(ISNUMBER('Real results'!C8),ISNUMBER('Real results'!D8),ISNUMBER('Raw data'!AW8),ISNUMBER('Raw data'!AX8)),IF(SIGN('Raw data'!AW8-'Raw data'!AX8)=SIGN('Real results'!C8-'Real results'!D8),2+IF(AND('Raw data'!AW8='Real results'!C8,'Raw data'!AX8='Real results'!D8),2,0),0),0),0) -> 0 | AY9: =IFERROR(IF(AND(ISNUMBER('Real results'!C8),ISNUMBER('Real results'!D8),ISNUMBER('Raw data'!AY8),ISNUMBER('Raw data'!AZ8)),IF(SIGN('Raw data'!AY8-'Raw data'!AZ8)=SIGN('Real results'!C8-'Real results'!D8),2+IF(AND('Raw data'!AY8='Real results'!C8,'Raw data'!AZ8='Real results'!D8),2,0),0),0),0) -> 0 | BA9: =IFERROR(IF(AND(ISNUMBER('Real results'!C8),ISNUMBER('Real results'!D8),ISNUMBER('Raw data'!BA8),ISNUMBER('Raw data'!BB8)),IF(SIGN('Raw data'!BA8-'Raw data'!BB8)=SIGN('Real results'!C8-'Real results'!D8),2+IF(AND('Raw data'!BA8='Real results'!C8,'Raw data'!BB8='Real results'!D8),2,0),0),0),0) -> 0 | BC9: =IFERROR(IF(AND(ISNUMBER('Real results'!C8),ISNUMBER('Real results'!D8),ISNUMBER('Raw data'!BC8),ISNUMBER('Raw data'!BD8)),IF(SIGN('Raw data'!BC8-'Raw data'!BD8)=SIGN('Real results'!C8-'Real results'!D8),2+IF(AND('Raw data'!BC8='Real results'!C8,'Raw data'!BD8='Real results'!D8),2,0),0),0),0) -> 0 | BE9: =IFERROR(IF(AND(ISNUMBER('Real results'!C8),ISNUMBER('Real results'!D8),ISNUMBER('Raw data'!BE8),ISNUMBER('Raw data'!BF8)),IF(SIGN('Raw data'!BE8-'Raw data'!BF8)=SIGN('Real results'!C8-'Real results'!D8),2+IF(AND('Raw data'!BE8='Real results'!C8,'Raw data'!BF8='Real results'!D8),2,0),0),0),0) -> 0 | BG9: =IFERROR(IF(AND(ISNUMBER('Real results'!C8),ISNUMBER('Real results'!D8),ISNUMBER('Raw data'!BG8),ISNUMBER('Raw data'!BH8)),IF(SIGN('Raw data'!BG8-'Raw data'!BH8)=SIGN('Real results'!C8-'Real results'!D8),2+IF(AND('Raw data'!BG8='Real results'!C8,'Raw data'!BH8='Real results'!D8),2,0),0),0),0) -> 0 | BI9: =IFERROR(IF(AND(ISNUMBER('Real results'!C8),ISNUMBER('Real results'!D8),ISNUMBER('Raw data'!BI8),ISNUMBER('Raw data'!BJ8)),IF(SIGN('Raw data'!BI8-'Raw data'!BJ8)=SIGN('Real results'!C8-'Real results'!D8),2+IF(AND('Raw data'!BI8='Real results'!C8,'Raw data'!BJ8='Real results'!D8),2,0),0),0),0) -> 0
B10: GA-M3: Czech Rep. vs South Africa | C10: =IFERROR(IF(AND(ISNUMBER('Real results'!C9),ISNUMBER('Real results'!D9),ISNUMBER('Raw data'!C7),ISNUMBER('Raw data'!D7)),IF(SIGN('Raw data'!C7-'Raw data'!D7)=SIGN('Real results'!C9-'Real results'!D9),2+IF(AND('Raw data'!C7='Real results'!C9,'Raw data'!D7='Real results'!D9),2,0),0),0),0) -> 0 | E10: =IFERROR(IF(AND(ISNUMBER('Real results'!C9),ISNUMBER('Real results'!D9),ISNUMBER('Raw data'!E8),ISNUMBER('Raw data'!F8)),IF(SIGN('Raw data'!E8-'Raw data'!F8)=SIGN('Real results'!C9-'Real results'!D9),2+IF(AND('Raw data'!E8='Real results'!C9,'Raw data'!F8='Real results'!D9),2,0),0),0),0) -> 4 | G10: =IFERROR(IF(AND(ISNUMBER('Real results'!C9),ISNUMBER('Real results'!D9),ISNUMBER('Raw data'!G9),ISNUMBER('Raw data'!H9)),IF(SIGN('Raw data'!G9-'Raw data'!H9)=SIGN('Real results'!C9-'Real results'!D9),2+IF(AND('Raw data'!G9='Real results'!C9,'Raw data'!H9='Real results'!D9),2,0),0),0),0) -> 0 | I10: =IFERROR(IF(AND(ISNUMBER('Real results'!C9),ISNUMBER('Real results'!D9),ISNUMBER('Raw data'!I9),ISNUMBER('Raw data'!J9)),IF(SIGN('Raw data'!I9-'Raw data'!J9)=SIGN('Real results'!C9-'Real results'!D9),2+IF(AND('Raw data'!I9='Real results'!C9,'Raw data'!J9='Real results'!D9),2,0),0),0),0) -> 0 | K10: =IFERROR(IF(AND(ISNUMBER('Real results'!C9),ISNUMBER('Real results'!D9),ISNUMBER('Raw data'!K9),ISNUMBER('Raw data'!L9)),IF(SIGN('Raw data'!K9-'Raw data'!L9)=SIGN('Real results'!C9-'Real results'!D9),2+IF(AND('Raw data'!K9='Real results'!C9,'Raw data'!L9='Real results'!D9),2,0),0),0),0) -> 0 | M10: =IFERROR(IF(AND(ISNUMBER('Real results'!C9),ISNUMBER('Real results'!D9),ISNUMBER('Raw data'!M9),ISNUMBER('Raw data'!N9)),IF(SIGN('Raw data'!M9-'Raw data'!N9)=SIGN('Real results'!C9-'Real results'!D9),2+IF(AND('Raw data'!M9='Real results'!C9,'Raw data'!N9='Real results'!D9),2,0),0),0),0) -> 0 | O10: =IFERROR(IF(AND(ISNUMBER('Real results'!C9),ISNUMBER('Real results'!D9),ISNUMBER('Raw data'!O9),ISNUMBER('Raw data'!P9)),IF(SIGN('Raw data'!O9-'Raw data'!P9)=SIGN('Real results'!C9-'Real results'!D9),2+IF(AND('Raw data'!O9='Real results'!C9,'Raw data'!P9='Real results'!D9),2,0),0),0),0) -> 0 | Q10: =IFERROR(IF(AND(ISNUMBER('Real results'!C9),ISNUMBER('Real results'!D9),ISNUMBER('Raw data'!Q9),ISNUMBER('Raw data'!R9)),IF(SIGN('Raw data'!Q9-'Raw data'!R9)=SIGN('Real results'!C9-'Real results'!D9),2+IF(AND('Raw data'!Q9='Real results'!C9,'Raw data'!R9='Real results'!D9),2,0),0),0),0) -> 0 | S10: =IFERROR(IF(AND(ISNUMBER('Real results'!C9),ISNUMBER('Real results'!D9),ISNUMBER('Raw data'!S9),ISNUMBER('Raw data'!T9)),IF(SIGN('Raw data'!S9-'Raw data'!T9)=SIGN('Real results'!C9-'Real results'!D9),2+IF(AND('Raw data'!S9='Real results'!C9,'Raw data'!T9='Real results'!D9),2,0),0),0),0) -> 0 | U10: =IFERROR(IF(AND(ISNUMBER('Real results'!C9),ISNUMBER('Real results'!D9),ISNUMBER('Raw data'!U9),ISNUMBER('Raw data'!V9)),IF(SIGN('Raw data'!U9-'Raw data'!V9)=SIGN('Real results'!C9-'Real results'!D9),2+IF(AND('Raw data'!U9='Real results'!C9,'Raw data'!V9='Real results'!D9),2,0),0),0),0) -> 0 | W10: =IFERROR(IF(AND(ISNUMBER('Real results'!C9),ISNUMBER('Real results'!D9),ISNUMBER('Raw data'!W9),ISNUMBER('Raw data'!X9)),IF(SIGN('Raw data'!W9-'Raw data'!X9)=SIGN('Real results'!C9-'Real results'!D9),2+IF(AND('Raw data'!W9='Real results'!C9,'Raw data'!X9='Real results'!D9),2,0),0),0),0) -> 0 | Y10: =IFERROR(IF(AND(ISNUMBER('Real results'!C9),ISNUMBER('Real results'!D9),ISNUMBER('Raw data'!Y9),ISNUMBER('Raw data'!Z9)),IF(SIGN('Raw data'!Y9-'Raw data'!Z9)=SIGN('Real results'!C9-'Real results'!D9),2+IF(AND('Raw data'!Y9='Real results'!C9,'Raw data'!Z9='Real results'!D9),2,0),0),0),0) -> 0 | AA10: =IFERROR(IF(AND(ISNUMBER('Real results'!C9),ISNUMBER('Real results'!D9),ISNUMBER('Raw data'!AA9),ISNUMBER('Raw data'!AB9)),IF(SIGN('Raw data'!AA9-'Raw data'!AB9)=SIGN('Real results'!C9-'Real results'!D9),2+IF(AND('Raw data'!AA9='Real results'!C9,'Raw data'!AB9='Real results'!D9),2,0),0),0),0) -> 0 | AC10: =IFERROR(IF(AND(ISNUMBER('Real results'!C9),ISNUMBER('Real results'!D9),ISNUMBER('Raw data'!AC9),ISNUMBER('Raw data'!AD9)),IF(SIGN('Raw data'!AC9-'Raw data'!AD9)=SIGN('Real results'!C9-'Real results'!D9),2+IF(AND('Raw data'!AC9='Real results'!C9,'Raw data'!AD9='Real results'!D9),2,0),0),0),0) -> 0 | AE10: =IFERROR(IF(AND(ISNUMBER('Real results'!C9),ISNUMBER('Real results'!D9),ISNUMBER('Raw data'!AE9),ISNUMBER('Raw data'!AF9)),IF(SIGN('Raw data'!AE9-'Raw data'!AF9)=SIGN('Real results'!C9-'Real results'!D9),2+IF(AND('Raw data'!AE9='Real results'!C9,'Raw data'!AF9='Real results'!D9),2,0),0),0),0) -> 0 | AG10: =IFERROR(IF(AND(ISNUMBER('Real results'!C9),ISNUMBER('Real results'!D9),ISNUMBER('Raw data'!AG9),ISNUMBER('Raw data'!AH9)),IF(SIGN('Raw data'!AG9-'Raw data'!AH9)=SIGN('Real results'!C9-'Real results'!D9),2+IF(AND('Raw data'!AG9='Real results'!C9,'Raw data'!AH9='Real results'!D9),2,0),0),0),0) -> 0 | AI10: =IFERROR(IF(AND(ISNUMBER('Real results'!C9),ISNUMBER('Real results'!D9),ISNUMBER('Raw data'!AI9),ISNUMBER('Raw data'!AJ9)),IF(SIGN('Raw data'!AI9-'Raw data'!AJ9)=SIGN('Real results'!C9-'Real results'!D9),2+IF(AND('Raw data'!AI9='Real results'!C9,'Raw data'!AJ9='Real results'!D9),2,0),0),0),0) -> 0 | AK10: =IFERROR(IF(AND(ISNUMBER('Real results'!C9),ISNUMBER('Real results'!D9),ISNUMBER('Raw data'!AK9),ISNUMBER('Raw data'!AL9)),IF(SIGN('Raw data'!AK9-'Raw data'!AL9)=SIGN('Real results'!C9-'Real results'!D9),2+IF(AND('Raw data'!AK9='Real results'!C9,'Raw data'!AL9='Real results'!D9),2,0),0),0),0) -> 0 | AM10: =IFERROR(IF(AND(ISNUMBER('Real results'!C9),ISNUMBER('Real results'!D9),ISNUMBER('Raw data'!AM9),ISNUMBER('Raw data'!AN9)),IF(SIGN('Raw data'!AM9-'Raw data'!AN9)=SIGN('Real results'!C9-'Real results'!D9),2+IF(AND('Raw data'!AM9='Real results'!C9,'Raw data'!AN9='Real results'!D9),2,0),0),0),0) -> 0 | AO10: =IFERROR(IF(AND(ISNUMBER('Real results'!C9),ISNUMBER('Real results'!D9),ISNUMBER('Raw data'!AO9),ISNUMBER('Raw data'!AP9)),IF(SIGN('Raw data'!AO9-'Raw data'!AP9)=SIGN('Real results'!C9-'Real results'!D9),2+IF(AND('Raw data'!AO9='Real results'!C9,'Raw data'!AP9='Real results'!D9),2,0),0),0),0) -> 0 | AQ10: =IFERROR(IF(AND(ISNUMBER('Real results'!C9),ISNUMBER('Real results'!D9),ISNUMBER('Raw data'!AQ9),ISNUMBER('Raw data'!AR9)),IF(SIGN('Raw data'!AQ9-'Raw data'!AR9)=SIGN('Real results'!C9-'Real results'!D9),2+IF(AND('Raw data'!AQ9='Real results'!C9,'Raw data'!AR9='Real results'!D9),2,0),0),0),0) -> 0 | AS10: =IFERROR(IF(AND(ISNUMBER('Real results'!C9),ISNUMBER('Real results'!D9),ISNUMBER('Raw data'!AS9),ISNUMBER('Raw data'!AT9)),IF(SIGN('Raw data'!AS9-'Raw data'!AT9)=SIGN('Real results'!C9-'Real results'!D9),2+IF(AND('Raw data'!AS9='Real results'!C9,'Raw data'!AT9='Real results'!D9),2,0),0),0),0) -> 0 | AU10: =IFERROR(IF(AND(ISNUMBER('Real results'!C9),ISNUMBER('Real results'!D9),ISNUMBER('Raw data'!AU9),ISNUMBER('Raw data'!AV9)),IF(SIGN('Raw data'!AU9-'Raw data'!AV9)=SIGN('Real results'!C9-'Real results'!D9),2+IF(AND('Raw data'!AU9='Real results'!C9,'Raw data'!AV9='Real results'!D9),2,0),0),0),0) -> 0 | AW10: =IFERROR(IF(AND(ISNUMBER('Real results'!C9),ISNUMBER('Real results'!D9),ISNUMBER('Raw data'!AW9),ISNUMBER('Raw data'!AX9)),IF(SIGN('Raw data'!AW9-'Raw data'!AX9)=SIGN('Real results'!C9-'Real results'!D9),2+IF(AND('Raw data'!AW9='Real results'!C9,'Raw data'!AX9='Real results'!D9),2,0),0),0),0) -> 0 | AY10: =IFERROR(IF(AND(ISNUMBER('Real results'!C9),ISNUMBER('Real results'!D9),ISNUMBER('Raw data'!AY9),ISNUMBER('Raw data'!AZ9)),IF(SIGN('Raw data'!AY9-'Raw data'!AZ9)=SIGN('Real results'!C9-'Real results'!D9),2+IF(AND('Raw data'!AY9='Real results'!C9,'Raw data'!AZ9='Real results'!D9),2,0),0),0),0) -> 0 | BA10: =IFERROR(IF(AND(ISNUMBER('Real results'!C9),ISNUMBER('Real results'!D9),ISNUMBER('Raw data'!BA9),ISNUMBER('Raw data'!BB9)),IF(SIGN('Raw data'!BA9-'Raw data'!BB9)=SIGN('Real results'!C9-'Real results'!D9),2+IF(AND('Raw data'!BA9='Real results'!C9,'Raw data'!BB9='Real results'!D9),2,0),0),0),0) -> 0 | BC10: =IFERROR(IF(AND(ISNUMBER('Real results'!C9),ISNUMBER('Real results'!D9),ISNUMBER('Raw data'!BC9),ISNUMBER('Raw data'!BD9)),IF(SIGN('Raw data'!BC9-'Raw data'!BD9)=SIGN('Real results'!C9-'Real results'!D9),2+IF(AND('Raw data'!BC9='Real results'!C9,'Raw data'!BD9='Real results'!D9),2,0),0),0),0) -> 0 | BE10: =IFERROR(IF(AND(ISNUMBER('Real results'!C9),ISNUMBER('Real results'!D9),ISNUMBER('Raw data'!BE9),ISNUMBER('Raw data'!BF9)),IF(SIGN('Raw data'!BE9-'Raw data'!BF9)=SIGN('Real results'!C9-'Real results'!D9),2+IF(AND('Raw data'!BE9='Real results'!C9,'Raw data'!BF9='Real results'!D9),2,0),0),0),0) -> 0 | BG10: =IFERROR(IF(AND(ISNUMBER('Real results'!C9),ISNUMBER('Real results'!D9),ISNUMBER('Raw data'!BG9),ISNUMBER('Raw data'!BH9)),IF(SIGN('Raw data'!BG9-'Raw data'!BH9)=SIGN('Real results'!C9-'Real results'!D9),2+IF(AND('Raw data'!BG9='Real results'!C9,'Raw data'!BH9='Real results'!D9),2,0),0),0),0) -> 0 | BI10: =IFERROR(IF(AND(ISNUMBER('Real results'!C9),ISNUMBER('Real results'!D9),ISNUMBER('Raw data'!BI9),ISNUMBER('Raw data'!BJ9)),IF(SIGN('Raw data'!BI9-'Raw data'!BJ9)=SIGN('Real results'!C9-'Real results'!D9),2+IF(AND('Raw data'!BI9='Real results'!C9,'Raw data'!BJ9='Real results'!D9),2,0),0),0),0) -> 0
B11: GA-M4: Mexico vs South Korea | C11: =IFERROR(IF(AND(ISNUMBER('Real results'!C10),ISNUMBER('Real results'!D10),ISNUMBER('Raw data'!C8),ISNUMBER('Raw data'!D8)),IF(SIGN('Raw data'!C8-'Raw data'!D8)=SIGN('Real results'!C10-'Real results'!D10),2+IF(AND('Raw data'!C8='Real results'!C10,'Raw data'!D8='Real results'!D10),2,0),0),0),0) -> 0 | E11: =IFERROR(IF(AND(ISNUMBER('Real results'!C10),ISNUMBER('Real results'!D10),ISNUMBER('Raw data'!E9),ISNUMBER('Raw data'!F9)),IF(SIGN('Raw data'!E9-'Raw data'!F9)=SIGN('Real results'!C10-'Real results'!D10),2+IF(AND('Raw data'!E9='Real results'!C10,'Raw data'!F9='Real results'!D10),2,0),0),0),0) -> 4 | G11: =IFERROR(IF(AND(ISNUMBER('Real results'!C10),ISNUMBER('Real results'!D10),ISNUMBER('Raw data'!G10),ISNUMBER('Raw data'!H10)),IF(SIGN('Raw data'!G10-'Raw data'!H10)=SIGN('Real results'!C10-'Real results'!D10),2+IF(AND('Raw data'!G10='Real results'!C10,'Raw data'!H10='Real results'!D10),2,0),0),0),0) -> 2 | I11: =IFERROR(IF(AND(ISNUMBER('Real results'!C10),ISNUMBER('Real results'!D10),ISNUMBER('Raw data'!I10),ISNUMBER('Raw data'!J10)),IF(SIGN('Raw data'!I10-'Raw data'!J10)=SIGN('Real results'!C10-'Real results'!D10),2+IF(AND('Raw data'!I10='Real results'!C10,'Raw data'!J10='Real results'!D10),2,0),0),0),0) -> 0 | K11: =IFERROR(IF(AND(ISNUMBER('Real results'!C10),ISNUMBER('Real results'!D10),ISNUMBER('Raw data'!K10),ISNUMBER('Raw data'!L10)),IF(SIGN('Raw data'!K10-'Raw data'!L10)=SIGN('Real results'!C10-'Real results'!D10),2+IF(AND('Raw data'!K10='Real results'!C10,'Raw data'!L10='Real results'!D10),2,0),0),0),0) -> 2 | M11: =IFERROR(IF(AND(ISNUMBER('Real results'!C10),ISNUMBER('Real results'!D10),ISNUMBER('Raw data'!M10),ISNUMBER('Raw data'!N10)),IF(SIGN('Raw data'!M10-'Raw data'!N10)=SIGN('Real results'!C10-'Real results'!D10),2+IF(AND('Raw data'!M10='Real results'!C10,'Raw data'!N10='Real results'!D10),2,0),0),0),0) -> 0 | O11: =IFERROR(IF(AND(ISNUMBER('Real results'!C10),ISNUMBER('Real results'!D10),ISNUMBER('Raw data'!O10),ISNUMBER('Raw data'!P10)),IF(SIGN('Raw data'!O10-'Raw data'!P10)=SIGN('Real results'!C10-'Real results'!D10),2+IF(AND('Raw data'!O10='Real results'!C10,'Raw data'!P10='Real results'!D10),2,0),0),0),0) -> 0 | Q11: =IFERROR(IF(AND(ISNUMBER('Real results'!C10),ISNUMBER('Real results'!D10),ISNUMBER('Raw data'!Q10),ISNUMBER('Raw data'!R10)),IF(SIGN('Raw data'!Q10-'Raw data'!R10)=SIGN('Real results'!C10-'Real results'!D10),2+IF(AND('Raw data'!Q10='Real results'!C10,'Raw data'!R10='Real results'!D10),2,0),0),0),0) -> 0 | S11: =IFERROR(IF(AND(ISNUMBER('Real results'!C10),ISNUMBER('Real results'!D10),ISNUMBER('Raw data'!S10),ISNUMBER('Raw data'!T10)),IF(SIGN('Raw data'!S10-'Raw data'!T10)=SIGN('Real results'!C10-'Real results'!D10),2+IF(AND('Raw data'!S10='Real results'!C10,'Raw data'!T10='Real results'!D10),2,0),0),0),0) -> 0 | U11: =IFERROR(IF(AND(ISNUMBER('Real results'!C10),ISNUMBER('Real results'!D10),ISNUMBER('Raw data'!U10),ISNUMBER('Raw data'!V10)),IF(SIGN('Raw data'!U10-'Raw data'!V10)=SIGN('Real results'!C10-'Real results'!D10),2+IF(AND('Raw data'!U10='Real results'!C10,'Raw data'!V10='Real results'!D10),2,0),0),0),0) -> 0 | W11: =IFERROR(IF(AND(ISNUMBER('Real results'!C10),ISNUMBER('Real results'!D10),ISNUMBER('Raw data'!W10),ISNUMBER('Raw data'!X10)),IF(SIGN('Raw data'!W10-'Raw data'!X10)=SIGN('Real results'!C10-'Real results'!D10),2+IF(AND('Raw data'!W10='Real results'!C10,'Raw data'!X10='Real results'!D10),2,0),0),0),0) -> 0 | Y11: =IFERROR(IF(AND(ISNUMBER('Real results'!C10),ISNUMBER('Real results'!D10),ISNUMBER('Raw data'!Y10),ISNUMBER('Raw data'!Z10)),IF(SIGN('Raw data'!Y10-'Raw data'!Z10)=SIGN('Real results'!C10-'Real results'!D10),2+IF(AND('Raw data'!Y10='Real results'!C10,'Raw data'!Z10='Real results'!D10),2,0),0),0),0) -> 0 | AA11: =IFERROR(IF(AND(ISNUMBER('Real results'!C10),ISNUMBER('Real results'!D10),ISNUMBER('Raw data'!AA10),ISNUMBER('Raw data'!AB10)),IF(SIGN('Raw data'!AA10-'Raw data'!AB10)=SIGN('Real results'!C10-'Real results'!D10),2+IF(AND('Raw data'!AA10='Real results'!C10,'Raw data'!AB10='Real results'!D10),2,0),0),0),0) -> 0 | AC11: =IFERROR(IF(AND(ISNUMBER('Real results'!C10),ISNUMBER('Real results'!D10),ISNUMBER('Raw data'!AC10),ISNUMBER('Raw data'!AD10)),IF(SIGN('Raw data'!AC10-'Raw data'!AD10)=SIGN('Real results'!C10-'Real results'!D10),2+IF(AND('Raw data'!AC10='Real results'!C10,'Raw data'!AD10='Real results'!D10),2,0),0),0),0) -> 0 | AE11: =IFERROR(IF(AND(ISNUMBER('Real results'!C10),ISNUMBER('Real results'!D10),ISNUMBER('Raw data'!AE10),ISNUMBER('Raw data'!AF10)),IF(SIGN('Raw data'!AE10-'Raw data'!AF10)=SIGN('Real results'!C10-'Real results'!D10),2+IF(AND('Raw data'!AE10='Real results'!C10,'Raw data'!AF10='Real results'!D10),2,0),0),0),0) -> 0 | AG11: =IFERROR(IF(AND(ISNUMBER('Real results'!C10),ISNUMBER('Real results'!D10),ISNUMBER('Raw data'!AG10),ISNUMBER('Raw data'!AH10)),IF(SIGN('Raw data'!AG10-'Raw data'!AH10)=SIGN('Real results'!C10-'Real results'!D10),2+IF(AND('Raw data'!AG10='Real results'!C10,'Raw data'!AH10='Real results'!D10),2,0),0),0),0) -> 0 | AI11: =IFERROR(IF(AND(ISNUMBER('Real results'!C10),ISNUMBER('Real results'!D10),ISNUMBER('Raw data'!AI10),ISNUMBER('Raw data'!AJ10)),IF(SIGN('Raw data'!AI10-'Raw data'!AJ10)=SIGN('Real results'!C10-'Real results'!D10),2+IF(AND('Raw data'!AI10='Real results'!C10,'Raw data'!AJ10='Real results'!D10),2,0),0),0),0) -> 0 | AK11: =IFERROR(IF(AND(ISNUMBER('Real results'!C10),ISNUMBER('Real results'!D10),ISNUMBER('Raw data'!AK10),ISNUMBER('Raw data'!AL10)),IF(SIGN('Raw data'!AK10-'Raw data'!AL10)=SIGN('Real results'!C10-'Real results'!D10),2+IF(AND('Raw data'!AK10='Real results'!C10,'Raw data'!AL10='Real results'!D10),2,0),0),0),0) -> 0 | AM11: =IFERROR(IF(AND(ISNUMBER('Real results'!C10),ISNUMBER('Real results'!D10),ISNUMBER('Raw data'!AM10),ISNUMBER('Raw data'!AN10)),IF(SIGN('Raw data'!AM10-'Raw data'!AN10)=SIGN('Real results'!C10-'Real results'!D10),2+IF(AND('Raw data'!AM10='Real results'!C10,'Raw data'!AN10='Real results'!D10),2,0),0),0),0) -> 0 | AO11: =IFERROR(IF(AND(ISNUMBER('Real results'!C10),ISNUMBER('Real results'!D10),ISNUMBER('Raw data'!AO10),ISNUMBER('Raw data'!AP10)),IF(SIGN('Raw data'!AO10-'Raw data'!AP10)=SIGN('Real results'!C10-'Real results'!D10),2+IF(AND('Raw data'!AO10='Real results'!C10,'Raw data'!AP10='Real results'!D10),2,0),0),0),0) -> 0 | AQ11: =IFERROR(IF(AND(ISNUMBER('Real results'!C10),ISNUMBER('Real results'!D10),ISNUMBER('Raw data'!AQ10),ISNUMBER('Raw data'!AR10)),IF(SIGN('Raw data'!AQ10-'Raw data'!AR10)=SIGN('Real results'!C10-'Real results'!D10),2+IF(AND('Raw data'!AQ10='Real results'!C10,'Raw data'!AR10='Real results'!D10),2,0),0),0),0) -> 0 | AS11: =IFERROR(IF(AND(ISNUMBER('Real results'!C10),ISNUMBER('Real results'!D10),ISNUMBER('Raw data'!AS10),ISNUMBER('Raw data'!AT10)),IF(SIGN('Raw data'!AS10-'Raw data'!AT10)=SIGN('Real results'!C10-'Real results'!D10),2+IF(AND('Raw data'!AS10='Real results'!C10,'Raw data'!AT10='Real results'!D10),2,0),0),0),0) -> 0 | AU11: =IFERROR(IF(AND(ISNUMBER('Real results'!C10),ISNUMBER('Real results'!D10),ISNUMBER('Raw data'!AU10),ISNUMBER('Raw data'!AV10)),IF(SIGN('Raw data'!AU10-'Raw data'!AV10)=SIGN('Real results'!C10-'Real results'!D10),2+IF(AND('Raw data'!AU10='Real results'!C10,'Raw data'!AV10='Real results'!D10),2,0),0),0),0) -> 0 | AW11: =IFERROR(IF(AND(ISNUMBER('Real results'!C10),ISNUMBER('Real results'!D10),ISNUMBER('Raw data'!AW10),ISNUMBER('Raw data'!AX10)),IF(SIGN('Raw data'!AW10-'Raw data'!AX10)=SIGN('Real results'!C10-'Real results'!D10),2+IF(AND('Raw data'!AW10='Real results'!C10,'Raw data'!AX10='Real results'!D10),2,0),0),0),0) -> 0 | AY11: =IFERROR(IF(AND(ISNUMBER('Real results'!C10),ISNUMBER('Real results'!D10),ISNUMBER('Raw data'!AY10),ISNUMBER('Raw data'!AZ10)),IF(SIGN('Raw data'!AY10-'Raw data'!AZ10)=SIGN('Real results'!C10-'Real results'!D10),2+IF(AND('Raw data'!AY10='Real results'!C10,'Raw data'!AZ10='Real results'!D10),2,0),0),0),0) -> 0 | BA11: =IFERROR(IF(AND(ISNUMBER('Real results'!C10),ISNUMBER('Real results'!D10),ISNUMBER('Raw data'!BA10),ISNUMBER('Raw data'!BB10)),IF(SIGN('Raw data'!BA10-'Raw data'!BB10)=SIGN('Real results'!C10-'Real results'!D10),2+IF(AND('Raw data'!BA10='Real results'!C10,'Raw data'!BB10='Real results'!D10),2,0),0),0),0) -> 0 | BC11: =IFERROR(IF(AND(ISNUMBER('Real results'!C10),ISNUMBER('Real results'!D10),ISNUMBER('Raw data'!BC10),ISNUMBER('Raw data'!BD10)),IF(SIGN('Raw data'!BC10-'Raw data'!BD10)=SIGN('Real results'!C10-'Real results'!D10),2+IF(AND('Raw data'!BC10='Real results'!C10,'Raw data'!BD10='Real results'!D10),2,0),0),0),0) -> 0 | BE11: =IFERROR(IF(AND(ISNUMBER('Real results'!C10),ISNUMBER('Real results'!D10),ISNUMBER('Raw data'!BE10),ISNUMBER('Raw data'!BF10)),IF(SIGN('Raw data'!BE10-'Raw data'!BF10)=SIGN('Real results'!C10-'Real results'!D10),2+IF(AND('Raw data'!BE10='Real results'!C10,'Raw data'!BF10='Real results'!D10),2,0),0),0),0) -> 0 | BG11: =IFERROR(IF(AND(ISNUMBER('Real results'!C10),ISNUMBER('Real results'!D10),ISNUMBER('Raw data'!BG10),ISNUMBER('Raw data'!BH10)),IF(SIGN('Raw data'!BG10-'Raw data'!BH10)=SIGN('Real results'!C10-'Real results'!D10),2+IF(AND('Raw data'!BG10='Real results'!C10,'Raw data'!BH10='Real results'!D10),2,0),0),0),0) -> 0 | BI11: =IFERROR(IF(AND(ISNUMBER('Real results'!C10),ISNUMBER('Real results'!D10),ISNUMBER('Raw data'!BI10),ISNUMBER('Raw data'!BJ10)),IF(SIGN('Raw data'!BI10-'Raw data'!BJ10)=SIGN('Real results'!C10-'Real results'!D10),2+IF(AND('Raw data'!BI10='Real results'!C10,'Raw data'!BJ10='Real results'!D10),2,0),0),0),0) -> 0
B12: GA-M5: Czech Rep. vs Mexico | C12: =IFERROR(IF(AND(ISNUMBER('Real results'!C11),ISNUMBER('Real results'!D11),ISNUMBER('Raw data'!C9),ISNUMBER('Raw data'!D9)),IF(SIGN('Raw data'!C9-'Raw data'!D9)=SIGN('Real results'!C11-'Real results'!D11),2+IF(AND('Raw data'!C9='Real results'!C11,'Raw data'!D9='Real results'!D11),2,0),0),0),0) -> 0 | E12: =IFERROR(IF(AND(ISNUMBER('Real results'!C11),ISNUMBER('Real results'!D11),ISNUMBER('Raw data'!E10),ISNUMBER('Raw data'!F10)),IF(SIGN('Raw data'!E10-'Raw data'!F10)=SIGN('Real results'!C11-'Real results'!D11),2+IF(AND('Raw data'!E10='Real results'!C11,'Raw data'!F10='Real results'!D11),2,0),0),0),0) -> 0 | G12: =IFERROR(IF(AND(ISNUMBER('Real results'!C11),ISNUMBER('Real results'!D11),ISNUMBER('Raw data'!G11),ISNUMBER('Raw data'!H11)),IF(SIGN('Raw data'!G11-'Raw data'!H11)=SIGN('Real results'!C11-'Real results'!D11),2+IF(AND('Raw data'!G11='Real results'!C11,'Raw data'!H11='Real results'!D11),2,0),0),0),0) -> 0 | I12: =IFERROR(IF(AND(ISNUMBER('Real results'!C11),ISNUMBER('Real results'!D11),ISNUMBER('Raw data'!I11),ISNUMBER('Raw data'!J11)),IF(SIGN('Raw data'!I11-'Raw data'!J11)=SIGN('Real results'!C11-'Real results'!D11),2+IF(AND('Raw data'!I11='Real results'!C11,'Raw data'!J11='Real results'!D11),2,0),0),0),0) -> 2 | K12: =IFERROR(IF(AND(ISNUMBER('Real results'!C11),ISNUMBER('Real results'!D11),ISNUMBER('Raw data'!K11),ISNUMBER('Raw data'!L11)),IF(SIGN('Raw data'!K11-'Raw data'!L11)=SIGN('Real results'!C11-'Real results'!D11),2+IF(AND('Raw data'!K11='Real results'!C11,'Raw data'!L11='Real results'!D11),2,0),0),0),0) -> 2 | M12: =IFERROR(IF(AND(ISNUMBER('Real results'!C11),ISNUMBER('Real results'!D11),ISNUMBER('Raw data'!M11),ISNUMBER('Raw data'!N11)),IF(SIGN('Raw data'!M11-'Raw data'!N11)=SIGN('Real results'!C11-'Real results'!D11),2+IF(AND('Raw data'!M11='Real results'!C11,'Raw data'!N11='Real results'!D11),2,0),0),0),0) -> 0 | O12: =IFERROR(IF(AND(ISNUMBER('Real results'!C11),ISNUMBER('Real results'!D11),ISNUMBER('Raw data'!O11),ISNUMBER('Raw data'!P11)),IF(SIGN('Raw data'!O11-'Raw data'!P11)=SIGN('Real results'!C11-'Real results'!D11),2+IF(AND('Raw data'!O11='Real results'!C11,'Raw data'!P11='Real results'!D11),2,0),0),0),0) -> 0 | Q12: =IFERROR(IF(AND(ISNUMBER('Real results'!C11),ISNUMBER('Real results'!D11),ISNUMBER('Raw data'!Q11),ISNUMBER('Raw data'!R11)),IF(SIGN('Raw data'!Q11-'Raw data'!R11)=SIGN('Real results'!C11-'Real results'!D11),2+IF(AND('Raw data'!Q11='Real results'!C11,'Raw data'!R11='Real results'!D11),2,0),0),0),0) -> 0 | S12: =IFERROR(IF(AND(ISNUMBER('Real results'!C11),ISNUMBER('Real results'!D11),ISNUMBER('Raw data'!S11),ISNUMBER('Raw data'!T11)),IF(SIGN('Raw data'!S11-'Raw data'!T11)=SIGN('Real results'!C11-'Real results'!D11),2+IF(AND('Raw data'!S11='Real results'!C11,'Raw data'!T11='Real results'!D11),2,0),0),0),0) -> 0 | U12: =IFERROR(IF(AND(ISNUMBER('Real results'!C11),ISNUMBER('Real results'!D11),ISNUMBER('Raw data'!U11),ISNUMBER('Raw data'!V11)),IF(SIGN('Raw data'!U11-'Raw data'!V11)=SIGN('Real results'!C11-'Real results'!D11),2+IF(AND('Raw data'!U11='Real results'!C11,'Raw data'!V11='Real results'!D11),2,0),0),0),0) -> 0 | W12: =IFERROR(IF(AND(ISNUMBER('Real results'!C11),ISNUMBER('Real results'!D11),ISNUMBER('Raw data'!W11),ISNUMBER('Raw data'!X11)),IF(SIGN('Raw data'!W11-'Raw data'!X11)=SIGN('Real results'!C11-'Real results'!D11),2+IF(AND('Raw data'!W11='Real results'!C11,'Raw data'!X11='Real results'!D11),2,0),0),0),0) -> 0 | Y12: =IFERROR(IF(AND(ISNUMBER('Real results'!C11),ISNUMBER('Real results'!D11),ISNUMBER('Raw data'!Y11),ISNUMBER('Raw data'!Z11)),IF(SIGN('Raw data'!Y11-'Raw data'!Z11)=SIGN('Real results'!C11-'Real results'!D11),2+IF(AND('Raw data'!Y11='Real results'!C11,'Raw data'!Z11='Real results'!D11),2,0),0),0),0) -> 0 | AA12: =IFERROR(IF(AND(ISNUMBER('Real results'!C11),ISNUMBER('Real results'!D11),ISNUMBER('Raw data'!AA11),ISNUMBER('Raw data'!AB11)),IF(SIGN('Raw data'!AA11-'Raw data'!AB11)=SIGN('Real results'!C11-'Real results'!D11),2+IF(AND('Raw data'!AA11='Real results'!C11,'Raw data'!AB11='Real results'!D11),2,0),0),0),0) -> 0 | AC12: =IFERROR(IF(AND(ISNUMBER('Real results'!C11),ISNUMBER('Real results'!D11),ISNUMBER('Raw data'!AC11),ISNUMBER('Raw data'!AD11)),IF(SIGN('Raw data'!AC11-'Raw data'!AD11)=SIGN('Real results'!C11-'Real results'!D11),2+IF(AND('Raw data'!AC11='Real results'!C11,'Raw data'!AD11='Real results'!D11),2,0),0),0),0) -> 0 | AE12: =IFERROR(IF(AND(ISNUMBER('Real results'!C11),ISNUMBER('Real results'!D11),ISNUMBER('Raw data'!AE11),ISNUMBER('Raw data'!AF11)),IF(SIGN('Raw data'!AE11-'Raw data'!AF11)=SIGN('Real results'!C11-'Real results'!D11),2+IF(AND('Raw data'!AE11='Real results'!C11,'Raw data'!AF11='Real results'!D11),2,0),0),0),0) -> 0 | AG12: =IFERROR(IF(AND(ISNUMBER('Real results'!C11),ISNUMBER('Real results'!D11),ISNUMBER('Raw data'!AG11),ISNUMBER('Raw data'!AH11)),IF(SIGN('Raw data'!AG11-'Raw data'!AH11)=SIGN('Real results'!C11-'Real results'!D11),2+IF(AND('Raw data'!AG11='Real results'!C11,'Raw data'!AH11='Real results'!D11),2,0),0),0),0) -> 0 | AI12: =IFERROR(IF(AND(ISNUMBER('Real results'!C11),ISNUMBER('Real results'!D11),ISNUMBER('Raw data'!AI11),ISNUMBER('Raw data'!AJ11)),IF(SIGN('Raw data'!AI11-'Raw data'!AJ11)=SIGN('Real results'!C11-'Real results'!D11),2+IF(AND('Raw data'!AI11='Real results'!C11,'Raw data'!AJ11='Real results'!D11),2,0),0),0),0) -> 0 | AK12: =IFERROR(IF(AND(ISNUMBER('Real results'!C11),ISNUMBER('Real results'!D11),ISNUMBER('Raw data'!AK11),ISNUMBER('Raw data'!AL11)),IF(SIGN('Raw data'!AK11-'Raw data'!AL11)=SIGN('Real results'!C11-'Real results'!D11),2+IF(AND('Raw data'!AK11='Real results'!C11,'Raw data'!AL11='Real results'!D11),2,0),0),0),0) -> 0 | AM12: =IFERROR(IF(AND(ISNUMBER('Real results'!C11),ISNUMBER('Real results'!D11),ISNUMBER('Raw data'!AM11),ISNUMBER('Raw data'!AN11)),IF(SIGN('Raw data'!AM11-'Raw data'!AN11)=SIGN('Real results'!C11-'Real results'!D11),2+IF(AND('Raw data'!AM11='Real results'!C11,'Raw data'!AN11='Real results'!D11),2,0),0),0),0) -> 0 | AO12: =IFERROR(IF(AND(ISNUMBER('Real results'!C11),ISNUMBER('Real results'!D11),ISNUMBER('Raw data'!AO11),ISNUMBER('Raw data'!AP11)),IF(SIGN('Raw data'!AO11-'Raw data'!AP11)=SIGN('Real results'!C11-'Real results'!D11),2+IF(AND('Raw data'!AO11='Real results'!C11,'Raw data'!AP11='Real results'!D11),2,0),0),0),0) -> 0 | AQ12: =IFERROR(IF(AND(ISNUMBER('Real results'!C11),ISNUMBER('Real results'!D11),ISNUMBER('Raw data'!AQ11),ISNUMBER('Raw data'!AR11)),IF(SIGN('Raw data'!AQ11-'Raw data'!AR11)=SIGN('Real results'!C11-'Real results'!D11),2+IF(AND('Raw data'!AQ11='Real results'!C11,'Raw data'!AR11='Real results'!D11),2,0),0),0),0) -> 0 | AS12: =IFERROR(IF(AND(ISNUMBER('Real results'!C11),ISNUMBER('Real results'!D11),ISNUMBER('Raw data'!AS11),ISNUMBER('Raw data'!AT11)),IF(SIGN('Raw data'!AS11-'Raw data'!AT11)=SIGN('Real results'!C11-'Real results'!D11),2+IF(AND('Raw data'!AS11='Real results'!C11,'Raw data'!AT11='Real results'!D11),2,0),0),0),0) -> 0 | AU12: =IFERROR(IF(AND(ISNUMBER('Real results'!C11),ISNUMBER('Real results'!D11),ISNUMBER('Raw data'!AU11),ISNUMBER('Raw data'!AV11)),IF(SIGN('Raw data'!AU11-'Raw data'!AV11)=SIGN('Real results'!C11-'Real results'!D11),2+IF(AND('Raw data'!AU11='Real results'!C11,'Raw data'!AV11='Real results'!D11),2,0),0),0),0) -> 0 | AW12: =IFERROR(IF(AND(ISNUMBER('Real results'!C11),ISNUMBER('Real results'!D11),ISNUMBER('Raw data'!AW11),ISNUMBER('Raw data'!AX11)),IF(SIGN('Raw data'!AW11-'Raw data'!AX11)=SIGN('Real results'!C11-'Real results'!D11),2+IF(AND('Raw data'!AW11='Real results'!C11,'Raw data'!AX11='Real results'!D11),2,0),0),0),0) -> 0 | AY12: =IFERROR(IF(AND(ISNUMBER('Real results'!C11),ISNUMBER('Real results'!D11),ISNUMBER('Raw data'!AY11),ISNUMBER('Raw data'!AZ11)),IF(SIGN('Raw data'!AY11-'Raw data'!AZ11)=SIGN('Real results'!C11-'Real results'!D11),2+IF(AND('Raw data'!AY11='Real results'!C11,'Raw data'!AZ11='Real results'!D11),2,0),0),0),0) -> 0 | BA12: =IFERROR(IF(AND(ISNUMBER('Real results'!C11),ISNUMBER('Real results'!D11),ISNUMBER('Raw data'!BA11),ISNUMBER('Raw data'!BB11)),IF(SIGN('Raw data'!BA11-'Raw data'!BB11)=SIGN('Real results'!C11-'Real results'!D11),2+IF(AND('Raw data'!BA11='Real results'!C11,'Raw data'!BB11='Real results'!D11),2,0),0),0),0) -> 0 | BC12: =IFERROR(IF(AND(ISNUMBER('Real results'!C11),ISNUMBER('Real results'!D11),ISNUMBER('Raw data'!BC11),ISNUMBER('Raw data'!BD11)),IF(SIGN('Raw data'!BC11-'Raw data'!BD11)=SIGN('Real results'!C11-'Real results'!D11),2+IF(AND('Raw data'!BC11='Real results'!C11,'Raw data'!BD11='Real results'!D11),2,0),0),0),0) -> 0 | BE12: =IFERROR(IF(AND(ISNUMBER('Real results'!C11),ISNUMBER('Real results'!D11),ISNUMBER('Raw data'!BE11),ISNUMBER('Raw data'!BF11)),IF(SIGN('Raw data'!BE11-'Raw data'!BF11)=SIGN('Real results'!C11-'Real results'!D11),2+IF(AND('Raw data'!BE11='Real results'!C11,'Raw data'!BF11='Real results'!D11),2,0),0),0),0) -> 0 | BG12: =IFERROR(IF(AND(ISNUMBER('Real results'!C11),ISNUMBER('Real results'!D11),ISNUMBER('Raw data'!BG11),ISNUMBER('Raw data'!BH11)),IF(SIGN('Raw data'!BG11-'Raw data'!BH11)=SIGN('Real results'!C11-'Real results'!D11),2+IF(AND('Raw data'!BG11='Real results'!C11,'Raw data'!BH11='Real results'!D11),2,0),0),0),0) -> 0 | BI12: =IFERROR(IF(AND(ISNUMBER('Real results'!C11),ISNUMBER('Real results'!D11),ISNUMBER('Raw data'!BI11),ISNUMBER('Raw data'!BJ11)),IF(SIGN('Raw data'!BI11-'Raw data'!BJ11)=SIGN('Real results'!C11-'Real results'!D11),2+IF(AND('Raw data'!BI11='Real results'!C11,'Raw data'!BJ11='Real results'!D11),2,0),0),0),0) -> 0
B13: GA-M6: South Africa vs South Korea | C13: =IFERROR(IF(AND(ISNUMBER('Real results'!C12),ISNUMBER('Real results'!D12),ISNUMBER('Raw data'!C10),ISNUMBER('Raw data'!D10)),IF(SIGN('Raw data'!C10-'Raw data'!D10)=SIGN('Real results'!C12-'Real results'!D12),2+IF(AND('Raw data'!C10='Real results'!C12,'Raw data'!D10='Real results'!D12),2,0),0),0),0) -> 2 | E13: =IFERROR(IF(AND(ISNUMBER('Real results'!C12),ISNUMBER('Real results'!D12),ISNUMBER('Raw data'!E11),ISNUMBER('Raw data'!F11)),IF(SIGN('Raw data'!E11-'Raw data'!F11)=SIGN('Real results'!C12-'Real results'!D12),2+IF(AND('Raw data'!E11='Real results'!C12,'Raw data'!F11='Real results'!D12),2,0),0),0),0) -> 0 | G13: =IFERROR(IF(AND(ISNUMBER('Real results'!C12),ISNUMBER('Real results'!D12),ISNUMBER('Raw data'!G12),ISNUMBER('Raw data'!H12)),IF(SIGN('Raw data'!G12-'Raw data'!H12)=SIGN('Real results'!C12-'Real results'!D12),2+IF(AND('Raw data'!G12='Real results'!C12,'Raw data'!H12='Real results'!D12),2,0),0),0),0) -> 0 | I13: =IFERROR(IF(AND(ISNUMBER('Real results'!C12),ISNUMBER('Real results'!D12),ISNUMBER('Raw data'!I12),ISNUMBER('Raw data'!J12)),IF(SIGN('Raw data'!I12-'Raw data'!J12)=SIGN('Real results'!C12-'Real results'!D12),2+IF(AND('Raw data'!I12='Real results'!C12,'Raw data'!J12='Real results'!D12),2,0),0),0),0) -> 0 | K13: =IFERROR(IF(AND(ISNUMBER('Real results'!C12),ISNUMBER('Real results'!D12),ISNUMBER('Raw data'!K12),ISNUMBER('Raw data'!L12)),IF(SIGN('Raw data'!K12-'Raw data'!L12)=SIGN('Real results'!C12-'Real results'!D12),2+IF(AND('Raw data'!K12='Real results'!C12,'Raw data'!L12='Real results'!D12),2,0),0),0),0) -> 0 | M13: =IFERROR(IF(AND(ISNUMBER('Real results'!C12),ISNUMBER('Real results'!D12),ISNUMBER('Raw data'!M12),ISNUMBER('Raw data'!N12)),IF(SIGN('Raw data'!M12-'Raw data'!N12)=SIGN('Real results'!C12-'Real results'!D12),2+IF(AND('Raw data'!M12='Real results'!C12,'Raw data'!N12='Real results'!D12),2,0),0),0),0) -> 0 | O13: =IFERROR(IF(AND(ISNUMBER('Real results'!C12),ISNUMBER('Real results'!D12),ISNUMBER('Raw data'!O12),ISNUMBER('Raw data'!P12)),IF(SIGN('Raw data'!O12-'Raw data'!P12)=SIGN('Real results'!C12-'Real results'!D12),2+IF(AND('Raw data'!O12='Real results'!C12,'Raw data'!P12='Real results'!D12),2,0),0),0),0) -> 0 | Q13: =IFERROR(IF(AND(ISNUMBER('Real results'!C12),ISNUMBER('Real results'!D12),ISNUMBER('Raw data'!Q12),ISNUMBER('Raw data'!R12)),IF(SIGN('Raw data'!Q12-'Raw data'!R12)=SIGN('Real results'!C12-'Real results'!D12),2+IF(AND('Raw data'!Q12='Real results'!C12,'Raw data'!R12='Real results'!D12),2,0),0),0),0) -> 0 | S13: =IFERROR(IF(AND(ISNUMBER('Real results'!C12),ISNUMBER('Real results'!D12),ISNUMBER('Raw data'!S12),ISNUMBER('Raw data'!T12)),IF(SIGN('Raw data'!S12-'Raw data'!T12)=SIGN('Real results'!C12-'Real results'!D12),2+IF(AND('Raw data'!S12='Real results'!C12,'Raw data'!T12='Real results'!D12),2,0),0),0),0) -> 0 | U13: =IFERROR(IF(AND(ISNUMBER('Real results'!C12),ISNUMBER('Real results'!D12),ISNUMBER('Raw data'!U12),ISNUMBER('Raw data'!V12)),IF(SIGN('Raw data'!U12-'Raw data'!V12)=SIGN('Real results'!C12-'Real results'!D12),2+IF(AND('Raw data'!U12='Real results'!C12,'Raw data'!V12='Real results'!D12),2,0),0),0),0) -> 0 | W13: =IFERROR(IF(AND(ISNUMBER('Real results'!C12),ISNUMBER('Real results'!D12),ISNUMBER('Raw data'!W12),ISNUMBER('Raw data'!X12)),IF(SIGN('Raw data'!W12-'Raw data'!X12)=SIGN('Real results'!C12-'Real results'!D12),2+IF(AND('Raw data'!W12='Real results'!C12,'Raw data'!X12='Real results'!D12),2,0),0),0),0) -> 0 | Y13: =IFERROR(IF(AND(ISNUMBER('Real results'!C12),ISNUMBER('Real results'!D12),ISNUMBER('Raw data'!Y12),ISNUMBER('Raw data'!Z12)),IF(SIGN('Raw data'!Y12-'Raw data'!Z12)=SIGN('Real results'!C12-'Real results'!D12),2+IF(AND('Raw data'!Y12='Real results'!C12,'Raw data'!Z12='Real results'!D12),2,0),0),0),0) -> 0 | AA13: =IFERROR(IF(AND(ISNUMBER('Real results'!C12),ISNUMBER('Real results'!D12),ISNUMBER('Raw data'!AA12),ISNUMBER('Raw data'!AB12)),IF(SIGN('Raw data'!AA12-'Raw data'!AB12)=SIGN('Real results'!C12-'Real results'!D12),2+IF(AND('Raw data'!AA12='Real results'!C12,'Raw data'!AB12='Real results'!D12),2,0),0),0),0) -> 0 | AC13: =IFERROR(IF(AND(ISNUMBER('Real results'!C12),ISNUMBER('Real results'!D12),ISNUMBER('Raw data'!AC12),ISNUMBER('Raw data'!AD12)),IF(SIGN('Raw data'!AC12-'Raw data'!AD12)=SIGN('Real results'!C12-'Real results'!D12),2+IF(AND('Raw data'!AC12='Real results'!C12,'Raw data'!AD12='Real results'!D12),2,0),0),0),0) -> 0 | AE13: =IFERROR(IF(AND(ISNUMBER('Real results'!C12),ISNUMBER('Real results'!D12),ISNUMBER('Raw data'!AE12),ISNUMBER('Raw data'!AF12)),IF(SIGN('Raw data'!AE12-'Raw data'!AF12)=SIGN('Real results'!C12-'Real results'!D12),2+IF(AND('Raw data'!AE12='Real results'!C12,'Raw data'!AF12='Real results'!D12),2,0),0),0),0) -> 0 | AG13: =IFERROR(IF(AND(ISNUMBER('Real results'!C12),ISNUMBER('Real results'!D12),ISNUMBER('Raw data'!AG12),ISNUMBER('Raw data'!AH12)),IF(SIGN('Raw data'!AG12-'Raw data'!AH12)=SIGN('Real results'!C12-'Real results'!D12),2+IF(AND('Raw data'!AG12='Real results'!C12,'Raw data'!AH12='Real results'!D12),2,0),0),0),0) -> 0 | AI13: =IFERROR(IF(AND(ISNUMBER('Real results'!C12),ISNUMBER('Real results'!D12),ISNUMBER('Raw data'!AI12),ISNUMBER('Raw data'!AJ12)),IF(SIGN('Raw data'!AI12-'Raw data'!AJ12)=SIGN('Real results'!C12-'Real results'!D12),2+IF(AND('Raw data'!AI12='Real results'!C12,'Raw data'!AJ12='Real results'!D12),2,0),0),0),0) -> 0 | AK13: =IFERROR(IF(AND(ISNUMBER('Real results'!C12),ISNUMBER('Real results'!D12),ISNUMBER('Raw data'!AK12),ISNUMBER('Raw data'!AL12)),IF(SIGN('Raw data'!AK12-'Raw data'!AL12)=SIGN('Real results'!C12-'Real results'!D12),2+IF(AND('Raw data'!AK12='Real results'!C12,'Raw data'!AL12='Real results'!D12),2,0),0),0),0) -> 0 | AM13: =IFERROR(IF(AND(ISNUMBER('Real results'!C12),ISNUMBER('Real results'!D12),ISNUMBER('Raw data'!AM12),ISNUMBER('Raw data'!AN12)),IF(SIGN('Raw data'!AM12-'Raw data'!AN12)=SIGN('Real results'!C12-'Real results'!D12),2+IF(AND('Raw data'!AM12='Real results'!C12,'Raw data'!AN12='Real results'!D12),2,0),0),0),0) -> 0 | AO13: =IFERROR(IF(AND(ISNUMBER('Real results'!C12),ISNUMBER('Real results'!D12),ISNUMBER('Raw data'!AO12),ISNUMBER('Raw data'!AP12)),IF(SIGN('Raw data'!AO12-'Raw data'!AP12)=SIGN('Real results'!C12-'Real results'!D12),2+IF(AND('Raw data'!AO12='Real results'!C12,'Raw data'!AP12='Real results'!D12),2,0),0),0),0) -> 0 | AQ13: =IFERROR(IF(AND(ISNUMBER('Real results'!C12),ISNUMBER('Real results'!D12),ISNUMBER('Raw data'!AQ12),ISNUMBER('Raw data'!AR12)),IF(SIGN('Raw data'!AQ12-'Raw data'!AR12)=SIGN('Real results'!C12-'Real results'!D12),2+IF(AND('Raw data'!AQ12='Real results'!C12,'Raw data'!AR12='Real results'!D12),2,0),0),0),0) -> 0 | AS13: =IFERROR(IF(AND(ISNUMBER('Real results'!C12),ISNUMBER('Real results'!D12),ISNUMBER('Raw data'!AS12),ISNUMBER('Raw data'!AT12)),IF(SIGN('Raw data'!AS12-'Raw data'!AT12)=SIGN('Real results'!C12-'Real results'!D12),2+IF(AND('Raw data'!AS12='Real results'!C12,'Raw data'!AT12='Real results'!D12),2,0),0),0),0) -> 0 | AU13: =IFERROR(IF(AND(ISNUMBER('Real results'!C12),ISNUMBER('Real results'!D12),ISNUMBER('Raw data'!AU12),ISNUMBER('Raw data'!AV12)),IF(SIGN('Raw data'!AU12-'Raw data'!AV12)=SIGN('Real results'!C12-'Real results'!D12),2+IF(AND('Raw data'!AU12='Real results'!C12,'Raw data'!AV12='Real results'!D12),2,0),0),0),0) -> 0 | AW13: =IFERROR(IF(AND(ISNUMBER('Real results'!C12),ISNUMBER('Real results'!D12),ISNUMBER('Raw data'!AW12),ISNUMBER('Raw data'!AX12)),IF(SIGN('Raw data'!AW12-'Raw data'!AX12)=SIGN('Real results'!C12-'Real results'!D12),2+IF(AND('Raw data'!AW12='Real results'!C12,'Raw data'!AX12='Real results'!D12),2,0),0),0),0) -> 0 | AY13: =IFERROR(IF(AND(ISNUMBER('Real results'!C12),ISNUMBER('Real results'!D12),ISNUMBER('Raw data'!AY12),ISNUMBER('Raw data'!AZ12)),IF(SIGN('Raw data'!AY12-'Raw data'!AZ12)=SIGN('Real results'!C12-'Real results'!D12),2+IF(AND('Raw data'!AY12='Real results'!C12,'Raw data'!AZ12='Real results'!D12),2,0),0),0),0) -> 0 | BA13: =IFERROR(IF(AND(ISNUMBER('Real results'!C12),ISNUMBER('Real results'!D12),ISNUMBER('Raw data'!BA12),ISNUMBER('Raw data'!BB12)),IF(SIGN('Raw data'!BA12-'Raw data'!BB12)=SIGN('Real results'!C12-'Real results'!D12),2+IF(AND('Raw data'!BA12='Real results'!C12,'Raw data'!BB12='Real results'!D12),2,0),0),0),0) -> 0 | BC13: =IFERROR(IF(AND(ISNUMBER('Real results'!C12),ISNUMBER('Real results'!D12),ISNUMBER('Raw data'!BC12),ISNUMBER('Raw data'!BD12)),IF(SIGN('Raw data'!BC12-'Raw data'!BD12)=SIGN('Real results'!C12-'Real results'!D12),2+IF(AND('Raw data'!BC12='Real results'!C12,'Raw data'!BD12='Real results'!D12),2,0),0),0),0) -> 0 | BE13: =IFERROR(IF(AND(ISNUMBER('Real results'!C12),ISNUMBER('Real results'!D12),ISNUMBER('Raw data'!BE12),ISNUMBER('Raw data'!BF12)),IF(SIGN('Raw data'!BE12-'Raw data'!BF12)=SIGN('Real results'!C12-'Real results'!D12),2+IF(AND('Raw data'!BE12='Real results'!C12,'Raw data'!BF12='Real results'!D12),2,0),0),0),0) -> 0 | BG13: =IFERROR(IF(AND(ISNUMBER('Real results'!C12),ISNUMBER('Real results'!D12),ISNUMBER('Raw data'!BG12),ISNUMBER('Raw data'!BH12)),IF(SIGN('Raw data'!BG12-'Raw data'!BH12)=SIGN('Real results'!C12-'Real results'!D12),2+IF(AND('Raw data'!BG12='Real results'!C12,'Raw data'!BH12='Real results'!D12),2,0),0),0),0) -> 0 | BI13: =IFERROR(IF(AND(ISNUMBER('Real results'!C12),ISNUMBER('Real results'!D12),ISNUMBER('Raw data'!BI12),ISNUMBER('Raw data'!BJ12)),IF(SIGN('Raw data'!BI12-'Raw data'!BJ12)=SIGN('Real results'!C12-'Real results'!D12),2+IF(AND('Raw data'!BI12='Real results'!C12,'Raw data'!BJ12='Real results'!D12),2,0),0),0),0) -> 0
B14: GB-M1: Canada vs Bosnia-Herz. | C14: =IFERROR(IF(AND(ISNUMBER('Real results'!C13),ISNUMBER('Real results'!D13),ISNUMBER('Raw data'!C11),ISNUMBER('Raw data'!D11)),IF(SIGN('Raw data'!C11-'Raw data'!D11)=SIGN('Real results'!C13-'Real results'!D13),2+IF(AND('Raw data'!C11='Real results'!C13,'Raw data'!D11='Real results'!D13),2,0),0),0),0) -> 0 | E14: =IFERROR(IF(AND(ISNUMBER('Real results'!C13),ISNUMBER('Real results'!D13),ISNUMBER('Raw data'!E12),ISNUMBER('Raw data'!F12)),IF(SIGN('Raw data'!E12-'Raw data'!F12)=SIGN('Real results'!C13-'Real results'!D13),2+IF(AND('Raw data'!E12='Real results'!C13,'Raw data'!F12='Real results'!D13),2,0),0),0),0) -> 0 | G14: =IFERROR(IF(AND(ISNUMBER('Real results'!C13),ISNUMBER('Real results'!D13),ISNUMBER('Raw data'!G13),ISNUMBER('Raw data'!H13)),IF(SIGN('Raw data'!G13-'Raw data'!H13)=SIGN('Real results'!C13-'Real results'!D13),2+IF(AND('Raw data'!G13='Real results'!C13,'Raw data'!H13='Real results'!D13),2,0),0),0),0) -> 0 | I14: =IFERROR(IF(AND(ISNUMBER('Real results'!C13),ISNUMBER('Real results'!D13),ISNUMBER('Raw data'!I13),ISNUMBER('Raw data'!J13)),IF(SIGN('Raw data'!I13-'Raw data'!J13)=SIGN('Real results'!C13-'Real results'!D13),2+IF(AND('Raw data'!I13='Real results'!C13,'Raw data'!J13='Real results'!D13),2,0),0),0),0) -> 0 | K14: =IFERROR(IF(AND(ISNUMBER('Real results'!C13),ISNUMBER('Real results'!D13),ISNUMBER('Raw data'!K13),ISNUMBER('Raw data'!L13)),IF(SIGN('Raw data'!K13-'Raw data'!L13)=SIGN('Real results'!C13-'Real results'!D13),2+IF(AND('Raw data'!K13='Real results'!C13,'Raw data'!L13='Real results'!D13),2,0),0),0),0) -> 0 | M14: =IFERROR(IF(AND(ISNUMBER('Real results'!C13),ISNUMBER('Real results'!D13),ISNUMBER('Raw data'!M13),ISNUMBER('Raw data'!N13)),IF(SIGN('Raw data'!M13-'Raw data'!N13)=SIGN('Real results'!C13-'Real results'!D13),2+IF(AND('Raw data'!M13='Real results'!C13,'Raw data'!N13='Real results'!D13),2,0),0),0),0) -> 0 | O14: =IFERROR(IF(AND(ISNUMBER('Real results'!C13),ISNUMBER('Real results'!D13),ISNUMBER('Raw data'!O13),ISNUMBER('Raw data'!P13)),IF(SIGN('Raw data'!O13-'Raw data'!P13)=SIGN('Real results'!C13-'Real results'!D13),2+IF(AND('Raw data'!O13='Real results'!C13,'Raw data'!P13='Real results'!D13),2,0),0),0),0) -> 0 | Q14: =IFERROR(IF(AND(ISNUMBER('Real results'!C13),ISNUMBER('Real results'!D13),ISNUMBER('Raw data'!Q13),ISNUMBER('Raw data'!R13)),IF(SIGN('Raw data'!Q13-'Raw data'!R13)=SIGN('Real results'!C13-'Real results'!D13),2+IF(AND('Raw data'!Q13='Real results'!C13,'Raw data'!R13='Real results'!D13),2,0),0),0),0) -> 0 | S14: =IFERROR(IF(AND(ISNUMBER('Real results'!C13),ISNUMBER('Real results'!D13),ISNUMBER('Raw data'!S13),ISNUMBER('Raw data'!T13)),IF(SIGN('Raw data'!S13-'Raw data'!T13)=SIGN('Real results'!C13-'Real results'!D13),2+IF(AND('Raw data'!S13='Real results'!C13,'Raw data'!T13='Real results'!D13),2,0),0),0),0) -> 0 | U14: =IFERROR(IF(AND(ISNUMBER('Real results'!C13),ISNUMBER('Real results'!D13),ISNUMBER('Raw data'!U13),ISNUMBER('Raw data'!V13)),IF(SIGN('Raw data'!U13-'Raw data'!V13)=SIGN('Real results'!C13-'Real results'!D13),2+IF(AND('Raw data'!U13='Real results'!C13,'Raw data'!V13='Real results'!D13),2,0),0),0),0) -> 0 | W14: =IFERROR(IF(AND(ISNUMBER('Real results'!C13),ISNUMBER('Real results'!D13),ISNUMBER('Raw data'!W13),ISNUMBER('Raw data'!X13)),IF(SIGN('Raw data'!W13-'Raw data'!X13)=SIGN('Real results'!C13-'Real results'!D13),2+IF(AND('Raw data'!W13='Real results'!C13,'Raw data'!X13='Real results'!D13),2,0),0),0),0) -> 0 | Y14: =IFERROR(IF(AND(ISNUMBER('Real results'!C13),ISNUMBER('Real results'!D13),ISNUMBER('Raw data'!Y13),ISNUMBER('Raw data'!Z13)),IF(SIGN('Raw data'!Y13-'Raw data'!Z13)=SIGN('Real results'!C13-'Real results'!D13),2+IF(AND('Raw data'!Y13='Real results'!C13,'Raw data'!Z13='Real results'!D13),2,0),0),0),0) -> 0 | AA14: =IFERROR(IF(AND(ISNUMBER('Real results'!C13),ISNUMBER('Real results'!D13),ISNUMBER('Raw data'!AA13),ISNUMBER('Raw data'!AB13)),IF(SIGN('Raw data'!AA13-'Raw data'!AB13)=SIGN('Real results'!C13-'Real results'!D13),2+IF(AND('Raw data'!AA13='Real results'!C13,'Raw data'!AB13='Real results'!D13),2,0),0),0),0) -> 0 | AC14: =IFERROR(IF(AND(ISNUMBER('Real results'!C13),ISNUMBER('Real results'!D13),ISNUMBER('Raw data'!AC13),ISNUMBER('Raw data'!AD13)),IF(SIGN('Raw data'!AC13-'Raw data'!AD13)=SIGN('Real results'!C13-'Real results'!D13),2+IF(AND('Raw data'!AC13='Real results'!C13,'Raw data'!AD13='Real results'!D13),2,0),0),0),0) -> 0 | AE14: =IFERROR(IF(AND(ISNUMBER('Real results'!C13),ISNUMBER('Real results'!D13),ISNUMBER('Raw data'!AE13),ISNUMBER('Raw data'!AF13)),IF(SIGN('Raw data'!AE13-'Raw data'!AF13)=SIGN('Real results'!C13-'Real results'!D13),2+IF(AND('Raw data'!AE13='Real results'!C13,'Raw data'!AF13='Real results'!D13),2,0),0),0),0) -> 0 | AG14: =IFERROR(IF(AND(ISNUMBER('Real results'!C13),ISNUMBER('Real results'!D13),ISNUMBER('Raw data'!AG13),ISNUMBER('Raw data'!AH13)),IF(SIGN('Raw data'!AG13-'Raw data'!AH13)=SIGN('Real results'!C13-'Real results'!D13),2+IF(AND('Raw data'!AG13='Real results'!C13,'Raw data'!AH13='Real results'!D13),2,0),0),0),0) -> 0 | AI14: =IFERROR(IF(AND(ISNUMBER('Real results'!C13),ISNUMBER('Real results'!D13),ISNUMBER('Raw data'!AI13),ISNUMBER('Raw data'!AJ13)),IF(SIGN('Raw data'!AI13-'Raw data'!AJ13)=SIGN('Real results'!C13-'Real results'!D13),2+IF(AND('Raw data'!AI13='Real results'!C13,'Raw data'!AJ13='Real results'!D13),2,0),0),0),0) -> 0 | AK14: =IFERROR(IF(AND(ISNUMBER('Real results'!C13),ISNUMBER('Real results'!D13),ISNUMBER('Raw data'!AK13),ISNUMBER('Raw data'!AL13)),IF(SIGN('Raw data'!AK13-'Raw data'!AL13)=SIGN('Real results'!C13-'Real results'!D13),2+IF(AND('Raw data'!AK13='Real results'!C13,'Raw data'!AL13='Real results'!D13),2,0),0),0),0) -> 0 | AM14: =IFERROR(IF(AND(ISNUMBER('Real results'!C13),ISNUMBER('Real results'!D13),ISNUMBER('Raw data'!AM13),ISNUMBER('Raw data'!AN13)),IF(SIGN('Raw data'!AM13-'Raw data'!AN13)=SIGN('Real results'!C13-'Real results'!D13),2+IF(AND('Raw data'!AM13='Real results'!C13,'Raw data'!AN13='Real results'!D13),2,0),0),0),0) -> 0 | AO14: =IFERROR(IF(AND(ISNUMBER('Real results'!C13),ISNUMBER('Real results'!D13),ISNUMBER('Raw data'!AO13),ISNUMBER('Raw data'!AP13)),IF(SIGN('Raw data'!AO13-'Raw data'!AP13)=SIGN('Real results'!C13-'Real results'!D13),2+IF(AND('Raw data'!AO13='Real results'!C13,'Raw data'!AP13='Real results'!D13),2,0),0),0),0) -> 0 | AQ14: =IFERROR(IF(AND(ISNUMBER('Real results'!C13),ISNUMBER('Real results'!D13),ISNUMBER('Raw data'!AQ13),ISNUMBER('Raw data'!AR13)),IF(SIGN('Raw data'!AQ13-'Raw data'!AR13)=SIGN('Real results'!C13-'Real results'!D13),2+IF(AND('Raw data'!AQ13='Real results'!C13,'Raw data'!AR13='Real results'!D13),2,0),0),0),0) -> 0 | AS14: =IFERROR(IF(AND(ISNUMBER('Real results'!C13),ISNUMBER('Real results'!D13),ISNUMBER('Raw data'!AS13),ISNUMBER('Raw data'!AT13)),IF(SIGN('Raw data'!AS13-'Raw data'!AT13)=SIGN('Real results'!C13-'Real results'!D13),2+IF(AND('Raw data'!AS13='Real results'!C13,'Raw data'!AT13='Real results'!D13),2,0),0),0),0) -> 0 | AU14: =IFERROR(IF(AND(ISNUMBER('Real results'!C13),ISNUMBER('Real results'!D13),ISNUMBER('Raw data'!AU13),ISNUMBER('Raw data'!AV13)),IF(SIGN('Raw data'!AU13-'Raw data'!AV13)=SIGN('Real results'!C13-'Real results'!D13),2+IF(AND('Raw data'!AU13='Real results'!C13,'Raw data'!AV13='Real results'!D13),2,0),0),0),0) -> 0 | AW14: =IFERROR(IF(AND(ISNUMBER('Real results'!C13),ISNUMBER('Real results'!D13),ISNUMBER('Raw data'!AW13),ISNUMBER('Raw data'!AX13)),IF(SIGN('Raw data'!AW13-'Raw data'!AX13)=SIGN('Real results'!C13-'Real results'!D13),2+IF(AND('Raw data'!AW13='Real results'!C13,'Raw data'!AX13='Real results'!D13),2,0),0),0),0) -> 0 | AY14: =IFERROR(IF(AND(ISNUMBER('Real results'!C13),ISNUMBER('Real results'!D13),ISNUMBER('Raw data'!AY13),ISNUMBER('Raw data'!AZ13)),IF(SIGN('Raw data'!AY13-'Raw data'!AZ13)=SIGN('Real results'!C13-'Real results'!D13),2+IF(AND('Raw data'!AY13='Real results'!C13,'Raw data'!AZ13='Real results'!D13),2,0),0),0),0) -> 0 | BA14: =IFERROR(IF(AND(ISNUMBER('Real results'!C13),ISNUMBER('Real results'!D13),ISNUMBER('Raw data'!BA13),ISNUMBER('Raw data'!BB13)),IF(SIGN('Raw data'!BA13-'Raw data'!BB13)=SIGN('Real results'!C13-'Real results'!D13),2+IF(AND('Raw data'!BA13='Real results'!C13,'Raw data'!BB13='Real results'!D13),2,0),0),0),0) -> 0 | BC14: =IFERROR(IF(AND(ISNUMBER('Real results'!C13),ISNUMBER('Real results'!D13),ISNUMBER('Raw data'!BC13),ISNUMBER('Raw data'!BD13)),IF(SIGN('Raw data'!BC13-'Raw data'!BD13)=SIGN('Real results'!C13-'Real results'!D13),2+IF(AND('Raw data'!BC13='Real results'!C13,'Raw data'!BD13='Real results'!D13),2,0),0),0),0) -> 0 | BE14: =IFERROR(IF(AND(ISNUMBER('Real results'!C13),ISNUMBER('Real results'!D13),ISNUMBER('Raw data'!BE13),ISNUMBER('Raw data'!BF13)),IF(SIGN('Raw data'!BE13-'Raw data'!BF13)=SIGN('Real results'!C13-'Real results'!D13),2+IF(AND('Raw data'!BE13='Real results'!C13,'Raw data'!BF13='Real results'!D13),2,0),0),0),0) -> 0 | BG14: =IFERROR(IF(AND(ISNUMBER('Real results'!C13),ISNUMBER('Real results'!D13),ISNUMBER('Raw data'!BG13),ISNUMBER('Raw data'!BH13)),IF(SIGN('Raw data'!BG13-'Raw data'!BH13)=SIGN('Real results'!C13-'Real results'!D13),2+IF(AND('Raw data'!BG13='Real results'!C13,'Raw data'!BH13='Real results'!D13),2,0),0),0),0) -> 0 | BI14: =IFERROR(IF(AND(ISNUMBER('Real results'!C13),ISNUMBER('Real results'!D13),ISNUMBER('Raw data'!BI13),ISNUMBER('Raw data'!BJ13)),IF(SIGN('Raw data'!BI13-'Raw data'!BJ13)=SIGN('Real results'!C13-'Real results'!D13),2+IF(AND('Raw data'!BI13='Real results'!C13,'Raw data'!BJ13='Real results'!D13),2,0),0),0),0) -> 0
B15: GB-M2: Qatar vs Switzerland | C15: =IFERROR(IF(AND(ISNUMBER('Real results'!C14),ISNUMBER('Real results'!D14),ISNUMBER('Raw data'!C12),ISNUMBER('Raw data'!D12)),IF(SIGN('Raw data'!C12-'Raw data'!D12)=SIGN('Real results'!C14-'Real results'!D14),2+IF(AND('Raw data'!C12='Real results'!C14,'Raw data'!D12='Real results'!D14),2,0),0),0),0) -> 0 | E15: =IFERROR(IF(AND(ISNUMBER('Real results'!C14),ISNUMBER('Real results'!D14),ISNUMBER('Raw data'!E13),ISNUMBER('Raw data'!F13)),IF(SIGN('Raw data'!E13-'Raw data'!F13)=SIGN('Real results'!C14-'Real results'!D14),2+IF(AND('Raw data'!E13='Real results'!C14,'Raw data'!F13='Real results'!D14),2,0),0),0),0) -> 0 | G15: =IFERROR(IF(AND(ISNUMBER('Real results'!C14),ISNUMBER('Real results'!D14),ISNUMBER('Raw data'!G14),ISNUMBER('Raw data'!H14)),IF(SIGN('Raw data'!G14-'Raw data'!H14)=SIGN('Real results'!C14-'Real results'!D14),2+IF(AND('Raw data'!G14='Real results'!C14,'Raw data'!H14='Real results'!D14),2,0),0),0),0) -> 0 | I15: =IFERROR(IF(AND(ISNUMBER('Real results'!C14),ISNUMBER('Real results'!D14),ISNUMBER('Raw data'!I14),ISNUMBER('Raw data'!J14)),IF(SIGN('Raw data'!I14-'Raw data'!J14)=SIGN('Real results'!C14-'Real results'!D14),2+IF(AND('Raw data'!I14='Real results'!C14,'Raw data'!J14='Real results'!D14),2,0),0),0),0) -> 0 | K15: =IFERROR(IF(AND(ISNUMBER('Real results'!C14),ISNUMBER('Real results'!D14),ISNUMBER('Raw data'!K14),ISNUMBER('Raw data'!L14)),IF(SIGN('Raw data'!K14-'Raw data'!L14)=SIGN('Real results'!C14-'Real results'!D14),2+IF(AND('Raw data'!K14='Real results'!C14,'Raw data'!L14='Real results'!D14),2,0),0),0),0) -> 0 | M15: =IFERROR(IF(AND(ISNUMBER('Real results'!C14),ISNUMBER('Real results'!D14),ISNUMBER('Raw data'!M14),ISNUMBER('Raw data'!N14)),IF(SIGN('Raw data'!M14-'Raw data'!N14)=SIGN('Real results'!C14-'Real results'!D14),2+IF(AND('Raw data'!M14='Real results'!C14,'Raw data'!N14='Real results'!D14),2,0),0),0),0) -> 0 | O15: =IFERROR(IF(AND(ISNUMBER('Real results'!C14),ISNUMBER('Real results'!D14),ISNUMBER('Raw data'!O14),ISNUMBER('Raw data'!P14)),IF(SIGN('Raw data'!O14-'Raw data'!P14)=SIGN('Real results'!C14-'Real results'!D14),2+IF(AND('Raw data'!O14='Real results'!C14,'Raw data'!P14='Real results'!D14),2,0),0),0),0) -> 0 | Q15: =IFERROR(IF(AND(ISNUMBER('Real results'!C14),ISNUMBER('Real results'!D14),ISNUMBER('Raw data'!Q14),ISNUMBER('Raw data'!R14)),IF(SIGN('Raw data'!Q14-'Raw data'!R14)=SIGN('Real results'!C14-'Real results'!D14),2+IF(AND('Raw data'!Q14='Real results'!C14,'Raw data'!R14='Real results'!D14),2,0),0),0),0) -> 0 | S15: =IFERROR(IF(AND(ISNUMBER('Real results'!C14),ISNUMBER('Real results'!D14),ISNUMBER('Raw data'!S14),ISNUMBER('Raw data'!T14)),IF(SIGN('Raw data'!S14-'Raw data'!T14)=SIGN('Real results'!C14-'Real results'!D14),2+IF(AND('Raw data'!S14='Real results'!C14,'Raw data'!T14='Real results'!D14),2,0),0),0),0) -> 0 | U15: =IFERROR(IF(AND(ISNUMBER('Real results'!C14),ISNUMBER('Real results'!D14),ISNUMBER('Raw data'!U14),ISNUMBER('Raw data'!V14)),IF(SIGN('Raw data'!U14-'Raw data'!V14)=SIGN('Real results'!C14-'Real results'!D14),2+IF(AND('Raw data'!U14='Real results'!C14,'Raw data'!V14='Real results'!D14),2,0),0),0),0) -> 0 | W15: =IFERROR(IF(AND(ISNUMBER('Real results'!C14),ISNUMBER('Real results'!D14),ISNUMBER('Raw data'!W14),ISNUMBER('Raw data'!X14)),IF(SIGN('Raw data'!W14-'Raw data'!X14)=SIGN('Real results'!C14-'Real results'!D14),2+IF(AND('Raw data'!W14='Real results'!C14,'Raw data'!X14='Real results'!D14),2,0),0),0),0) -> 0 | Y15: =IFERROR(IF(AND(ISNUMBER('Real results'!C14),ISNUMBER('Real results'!D14),ISNUMBER('Raw data'!Y14),ISNUMBER('Raw data'!Z14)),IF(SIGN('Raw data'!Y14-'Raw data'!Z14)=SIGN('Real results'!C14-'Real results'!D14),2+IF(AND('Raw data'!Y14='Real results'!C14,'Raw data'!Z14='Real results'!D14),2,0),0),0),0) -> 0 | AA15: =IFERROR(IF(AND(ISNUMBER('Real results'!C14),ISNUMBER('Real results'!D14),ISNUMBER('Raw data'!AA14),ISNUMBER('Raw data'!AB14)),IF(SIGN('Raw data'!AA14-'Raw data'!AB14)=SIGN('Real results'!C14-'Real results'!D14),2+IF(AND('Raw data'!AA14='Real results'!C14,'Raw data'!AB14='Real results'!D14),2,0),0),0),0) -> 0 | AC15: =IFERROR(IF(AND(ISNUMBER('Real results'!C14),ISNUMBER('Real results'!D14),ISNUMBER('Raw data'!AC14),ISNUMBER('Raw data'!AD14)),IF(SIGN('Raw data'!AC14-'Raw data'!AD14)=SIGN('Real results'!C14-'Real results'!D14),2+IF(AND('Raw data'!AC14='Real results'!C14,'Raw data'!AD14='Real results'!D14),2,0),0),0),0) -> 0 | AE15: =IFERROR(IF(AND(ISNUMBER('Real results'!C14),ISNUMBER('Real results'!D14),ISNUMBER('Raw data'!AE14),ISNUMBER('Raw data'!AF14)),IF(SIGN('Raw data'!AE14-'Raw data'!AF14)=SIGN('Real results'!C14-'Real results'!D14),2+IF(AND('Raw data'!AE14='Real results'!C14,'Raw data'!AF14='Real results'!D14),2,0),0),0),0) -> 0 | AG15: =IFERROR(IF(AND(ISNUMBER('Real results'!C14),ISNUMBER('Real results'!D14),ISNUMBER('Raw data'!AG14),ISNUMBER('Raw data'!AH14)),IF(SIGN('Raw data'!AG14-'Raw data'!AH14)=SIGN('Real results'!C14-'Real results'!D14),2+IF(AND('Raw data'!AG14='Real results'!C14,'Raw data'!AH14='Real results'!D14),2,0),0),0),0) -> 0 | AI15: =IFERROR(IF(AND(ISNUMBER('Real results'!C14),ISNUMBER('Real results'!D14),ISNUMBER('Raw data'!AI14),ISNUMBER('Raw data'!AJ14)),IF(SIGN('Raw data'!AI14-'Raw data'!AJ14)=SIGN('Real results'!C14-'Real results'!D14),2+IF(AND('Raw data'!AI14='Real results'!C14,'Raw data'!AJ14='Real results'!D14),2,0),0),0),0) -> 0 | AK15: =IFERROR(IF(AND(ISNUMBER('Real results'!C14),ISNUMBER('Real results'!D14),ISNUMBER('Raw data'!AK14),ISNUMBER('Raw data'!AL14)),IF(SIGN('Raw data'!AK14-'Raw data'!AL14)=SIGN('Real results'!C14-'Real results'!D14),2+IF(AND('Raw data'!AK14='Real results'!C14,'Raw data'!AL14='Real results'!D14),2,0),0),0),0) -> 0 | AM15: =IFERROR(IF(AND(ISNUMBER('Real results'!C14),ISNUMBER('Real results'!D14),ISNUMBER('Raw data'!AM14),ISNUMBER('Raw data'!AN14)),IF(SIGN('Raw data'!AM14-'Raw data'!AN14)=SIGN('Real results'!C14-'Real results'!D14),2+IF(AND('Raw data'!AM14='Real results'!C14,'Raw data'!AN14='Real results'!D14),2,0),0),0),0) -> 0 | AO15: =IFERROR(IF(AND(ISNUMBER('Real results'!C14),ISNUMBER('Real results'!D14),ISNUMBER('Raw data'!AO14),ISNUMBER('Raw data'!AP14)),IF(SIGN('Raw data'!AO14-'Raw data'!AP14)=SIGN('Real results'!C14-'Real results'!D14),2+IF(AND('Raw data'!AO14='Real results'!C14,'Raw data'!AP14='Real results'!D14),2,0),0),0),0) -> 0 | AQ15: =IFERROR(IF(AND(ISNUMBER('Real results'!C14),ISNUMBER('Real results'!D14),ISNUMBER('Raw data'!AQ14),ISNUMBER('Raw data'!AR14)),IF(SIGN('Raw data'!AQ14-'Raw data'!AR14)=SIGN('Real results'!C14-'Real results'!D14),2+IF(AND('Raw data'!AQ14='Real results'!C14,'Raw data'!AR14='Real results'!D14),2,0),0),0),0) -> 0 | AS15: =IFERROR(IF(AND(ISNUMBER('Real results'!C14),ISNUMBER('Real results'!D14),ISNUMBER('Raw data'!AS14),ISNUMBER('Raw data'!AT14)),IF(SIGN('Raw data'!AS14-'Raw data'!AT14)=SIGN('Real results'!C14-'Real results'!D14),2+IF(AND('Raw data'!AS14='Real results'!C14,'Raw data'!AT14='Real results'!D14),2,0),0),0),0) -> 0 | AU15: =IFERROR(IF(AND(ISNUMBER('Real results'!C14),ISNUMBER('Real results'!D14),ISNUMBER('Raw data'!AU14),ISNUMBER('Raw data'!AV14)),IF(SIGN('Raw data'!AU14-'Raw data'!AV14)=SIGN('Real results'!C14-'Real results'!D14),2+IF(AND('Raw data'!AU14='Real results'!C14,'Raw data'!AV14='Real results'!D14),2,0),0),0),0) -> 0 | AW15: =IFERROR(IF(AND(ISNUMBER('Real results'!C14),ISNUMBER('Real results'!D14),ISNUMBER('Raw data'!AW14),ISNUMBER('Raw data'!AX14)),IF(SIGN('Raw data'!AW14-'Raw data'!AX14)=SIGN('Real results'!C14-'Real results'!D14),2+IF(AND('Raw data'!AW14='Real results'!C14,'Raw data'!AX14='Real results'!D14),2,0),0),0),0) -> 0 | AY15: =IFERROR(IF(AND(ISNUMBER('Real results'!C14),ISNUMBER('Real results'!D14),ISNUMBER('Raw data'!AY14),ISNUMBER('Raw data'!AZ14)),IF(SIGN('Raw data'!AY14-'Raw data'!AZ14)=SIGN('Real results'!C14-'Real results'!D14),2+IF(AND('Raw data'!AY14='Real results'!C14,'Raw data'!AZ14='Real results'!D14),2,0),0),0),0) -> 0 | BA15: =IFERROR(IF(AND(ISNUMBER('Real results'!C14),ISNUMBER('Real results'!D14),ISNUMBER('Raw data'!BA14),ISNUMBER('Raw data'!BB14)),IF(SIGN('Raw data'!BA14-'Raw data'!BB14)=SIGN('Real results'!C14-'Real results'!D14),2+IF(AND('Raw data'!BA14='Real results'!C14,'Raw data'!BB14='Real results'!D14),2,0),0),0),0) -> 0 | BC15: =IFERROR(IF(AND(ISNUMBER('Real results'!C14),ISNUMBER('Real results'!D14),ISNUMBER('Raw data'!BC14),ISNUMBER('Raw data'!BD14)),IF(SIGN('Raw data'!BC14-'Raw data'!BD14)=SIGN('Real results'!C14-'Real results'!D14),2+IF(AND('Raw data'!BC14='Real results'!C14,'Raw data'!BD14='Real results'!D14),2,0),0),0),0) -> 0 | BE15: =IFERROR(IF(AND(ISNUMBER('Real results'!C14),ISNUMBER('Real results'!D14),ISNUMBER('Raw data'!BE14),ISNUMBER('Raw data'!BF14)),IF(SIGN('Raw data'!BE14-'Raw data'!BF14)=SIGN('Real results'!C14-'Real results'!D14),2+IF(AND('Raw data'!BE14='Real results'!C14,'Raw data'!BF14='Real results'!D14),2,0),0),0),0) -> 0 | BG15: =IFERROR(IF(AND(ISNUMBER('Real results'!C14),ISNUMBER('Real results'!D14),ISNUMBER('Raw data'!BG14),ISNUMBER('Raw data'!BH14)),IF(SIGN('Raw data'!BG14-'Raw data'!BH14)=SIGN('Real results'!C14-'Real results'!D14),2+IF(AND('Raw data'!BG14='Real results'!C14,'Raw data'!BH14='Real results'!D14),2,0),0),0),0) -> 0 | BI15: =IFERROR(IF(AND(ISNUMBER('Real results'!C14),ISNUMBER('Real results'!D14),ISNUMBER('Raw data'!BI14),ISNUMBER('Raw data'!BJ14)),IF(SIGN('Raw data'!BI14-'Raw data'!BJ14)=SIGN('Real results'!C14-'Real results'!D14),2+IF(AND('Raw data'!BI14='Real results'!C14,'Raw data'!BJ14='Real results'!D14),2,0),0),0),0) -> 0
B16: GB-M3: Switzerland vs Bosnia-Herz. | C16: =IFERROR(IF(AND(ISNUMBER('Real results'!C15),ISNUMBER('Real results'!D15),ISNUMBER('Raw data'!C13),ISNUMBER('Raw data'!D13)),IF(SIGN('Raw data'!C13-'Raw data'!D13)=SIGN('Real results'!C15-'Real results'!D15),2+IF(AND('Raw data'!C13='Real results'!C15,'Raw data'!D13='Real results'!D15),2,0),0),0),0) -> 2 | E16: =IFERROR(IF(AND(ISNUMBER('Real results'!C15),ISNUMBER('Real results'!D15),ISNUMBER('Raw data'!E14),ISNUMBER('Raw data'!F14)),IF(SIGN('Raw data'!E14-'Raw data'!F14)=SIGN('Real results'!C15-'Real results'!D15),2+IF(AND('Raw data'!E14='Real results'!C15,'Raw data'!F14='Real results'!D15),2,0),0),0),0) -> 0 | G16: =IFERROR(IF(AND(ISNUMBER('Real results'!C15),ISNUMBER('Real results'!D15),ISNUMBER('Raw data'!G15),ISNUMBER('Raw data'!H15)),IF(SIGN('Raw data'!G15-'Raw data'!H15)=SIGN('Real results'!C15-'Real results'!D15),2+IF(AND('Raw data'!G15='Real results'!C15,'Raw data'!H15='Real results'!D15),2,0),0),0),0) -> 2 | I16: =IFERROR(IF(AND(ISNUMBER('Real results'!C15),ISNUMBER('Real results'!D15),ISNUMBER('Raw data'!I15),ISNUMBER('Raw data'!J15)),IF(SIGN('Raw data'!I15-'Raw data'!J15)=SIGN('Real results'!C15-'Real results'!D15),2+IF(AND('Raw data'!I15='Real results'!C15,'Raw data'!J15='Real results'!D15),2,0),0),0),0) -> 2 | K16: =IFERROR(IF(AND(ISNUMBER('Real results'!C15),ISNUMBER('Real results'!D15),ISNUMBER('Raw data'!K15),ISNUMBER('Raw data'!L15)),IF(SIGN('Raw data'!K15-'Raw data'!L15)=SIGN('Real results'!C15-'Real results'!D15),2+IF(AND('Raw data'!K15='Real results'!C15,'Raw data'!L15='Real results'!D15),2,0),0),0),0) -> 2 | M16: =IFERROR(IF(AND(ISNUMBER('Real results'!C15),ISNUMBER('Real results'!D15),ISNUMBER('Raw data'!M15),ISNUMBER('Raw data'!N15)),IF(SIGN('Raw data'!M15-'Raw data'!N15)=SIGN('Real results'!C15-'Real results'!D15),2+IF(AND('Raw data'!M15='Real results'!C15,'Raw data'!N15='Real results'!D15),2,0),0),0),0) -> 0 | O16: =IFERROR(IF(AND(ISNUMBER('Real results'!C15),ISNUMBER('Real results'!D15),ISNUMBER('Raw data'!O15),ISNUMBER('Raw data'!P15)),IF(SIGN('Raw data'!O15-'Raw data'!P15)=SIGN('Real results'!C15-'Real results'!D15),2+IF(AND('Raw data'!O15='Real results'!C15,'Raw data'!P15='Real results'!D15),2,0),0),0),0) -> 0 | Q16: =IFERROR(IF(AND(ISNUMBER('Real results'!C15),ISNUMBER('Real results'!D15),ISNUMBER('Raw data'!Q15),ISNUMBER('Raw data'!R15)),IF(SIGN('Raw data'!Q15-'Raw data'!R15)=SIGN('Real results'!C15-'Real results'!D15),2+IF(AND('Raw data'!Q15='Real results'!C15,'Raw data'!R15='Real results'!D15),2,0),0),0),0) -> 0 | S16: =IFERROR(IF(AND(ISNUMBER('Real results'!C15),ISNUMBER('Real results'!D15),ISNUMBER('Raw data'!S15),ISNUMBER('Raw data'!T15)),IF(SIGN('Raw data'!S15-'Raw data'!T15)=SIGN('Real results'!C15-'Real results'!D15),2+IF(AND('Raw data'!S15='Real results'!C15,'Raw data'!T15='Real results'!D15),2,0),0),0),0) -> 0 | U16: =IFERROR(IF(AND(ISNUMBER('Real results'!C15),ISNUMBER('Real results'!D15),ISNUMBER('Raw data'!U15),ISNUMBER('Raw data'!V15)),IF(SIGN('Raw data'!U15-'Raw data'!V15)=SIGN('Real results'!C15-'Real results'!D15),2+IF(AND('Raw data'!U15='Real results'!C15,'Raw data'!V15='Real results'!D15),2,0),0),0),0) -> 0 | W16: =IFERROR(IF(AND(ISNUMBER('Real results'!C15),ISNUMBER('Real results'!D15),ISNUMBER('Raw data'!W15),ISNUMBER('Raw data'!X15)),IF(SIGN('Raw data'!W15-'Raw data'!X15)=SIGN('Real results'!C15-'Real results'!D15),2+IF(AND('Raw data'!W15='Real results'!C15,'Raw data'!X15='Real results'!D15),2,0),0),0),0) -> 0 | Y16: =IFERROR(IF(AND(ISNUMBER('Real results'!C15),ISNUMBER('Real results'!D15),ISNUMBER('Raw data'!Y15),ISNUMBER('Raw data'!Z15)),IF(SIGN('Raw data'!Y15-'Raw data'!Z15)=SIGN('Real results'!C15-'Real results'!D15),2+IF(AND('Raw data'!Y15='Real results'!C15,'Raw data'!Z15='Real results'!D15),2,0),0),0),0) -> 0 | AA16: =IFERROR(IF(AND(ISNUMBER('Real results'!C15),ISNUMBER('Real results'!D15),ISNUMBER('Raw data'!AA15),ISNUMBER('Raw data'!AB15)),IF(SIGN('Raw data'!AA15-'Raw data'!AB15)=SIGN('Real results'!C15-'Real results'!D15),2+IF(AND('Raw data'!AA15='Real results'!C15,'Raw data'!AB15='Real results'!D15),2,0),0),0),0) -> 0 | AC16: =IFERROR(IF(AND(ISNUMBER('Real results'!C15),ISNUMBER('Real results'!D15),ISNUMBER('Raw data'!AC15),ISNUMBER('Raw data'!AD15)),IF(SIGN('Raw data'!AC15-'Raw data'!AD15)=SIGN('Real results'!C15-'Real results'!D15),2+IF(AND('Raw data'!AC15='Real results'!C15,'Raw data'!AD15='Real results'!D15),2,0),0),0),0) -> 0 | AE16: =IFERROR(IF(AND(ISNUMBER('Real results'!C15),ISNUMBER('Real results'!D15),ISNUMBER('Raw data'!AE15),ISNUMBER('Raw data'!AF15)),IF(SIGN('Raw data'!AE15-'Raw data'!AF15)=SIGN('Real results'!C15-'Real results'!D15),2+IF(AND('Raw data'!AE15='Real results'!C15,'Raw data'!AF15='Real results'!D15),2,0),0),0),0) -> 0 | AG16: =IFERROR(IF(AND(ISNUMBER('Real results'!C15),ISNUMBER('Real results'!D15),ISNUMBER('Raw data'!AG15),ISNUMBER('Raw data'!AH15)),IF(SIGN('Raw data'!AG15-'Raw data'!AH15)=SIGN('Real results'!C15-'Real results'!D15),2+IF(AND('Raw data'!AG15='Real results'!C15,'Raw data'!AH15='Real results'!D15),2,0),0),0),0) -> 0 | AI16: =IFERROR(IF(AND(ISNUMBER('Real results'!C15),ISNUMBER('Real results'!D15),ISNUMBER('Raw data'!AI15),ISNUMBER('Raw data'!AJ15)),IF(SIGN('Raw data'!AI15-'Raw data'!AJ15)=SIGN('Real results'!C15-'Real results'!D15),2+IF(AND('Raw data'!AI15='Real results'!C15,'Raw data'!AJ15='Real results'!D15),2,0),0),0),0) -> 0 | AK16: =IFERROR(IF(AND(ISNUMBER('Real results'!C15),ISNUMBER('Real results'!D15),ISNUMBER('Raw data'!AK15),ISNUMBER('Raw data'!AL15)),IF(SIGN('Raw data'!AK15-'Raw data'!AL15)=SIGN('Real results'!C15-'Real results'!D15),2+IF(AND('Raw data'!AK15='Real results'!C15,'Raw data'!AL15='Real results'!D15),2,0),0),0),0) -> 0 | AM16: =IFERROR(IF(AND(ISNUMBER('Real results'!C15),ISNUMBER('Real results'!D15),ISNUMBER('Raw data'!AM15),ISNUMBER('Raw data'!AN15)),IF(SIGN('Raw data'!AM15-'Raw data'!AN15)=SIGN('Real results'!C15-'Real results'!D15),2+IF(AND('Raw data'!AM15='Real results'!C15,'Raw data'!AN15='Real results'!D15),2,0),0),0),0) -> 0 | AO16: =IFERROR(IF(AND(ISNUMBER('Real results'!C15),ISNUMBER('Real results'!D15),ISNUMBER('Raw data'!AO15),ISNUMBER('Raw data'!AP15)),IF(SIGN('Raw data'!AO15-'Raw data'!AP15)=SIGN('Real results'!C15-'Real results'!D15),2+IF(AND('Raw data'!AO15='Real results'!C15,'Raw data'!AP15='Real results'!D15),2,0),0),0),0) -> 0 | AQ16: =IFERROR(IF(AND(ISNUMBER('Real results'!C15),ISNUMBER('Real results'!D15),ISNUMBER('Raw data'!AQ15),ISNUMBER('Raw data'!AR15)),IF(SIGN('Raw data'!AQ15-'Raw data'!AR15)=SIGN('Real results'!C15-'Real results'!D15),2+IF(AND('Raw data'!AQ15='Real results'!C15,'Raw data'!AR15='Real results'!D15),2,0),0),0),0) -> 0 | AS16: =IFERROR(IF(AND(ISNUMBER('Real results'!C15),ISNUMBER('Real results'!D15),ISNUMBER('Raw data'!AS15),ISNUMBER('Raw data'!AT15)),IF(SIGN('Raw data'!AS15-'Raw data'!AT15)=SIGN('Real results'!C15-'Real results'!D15),2+IF(AND('Raw data'!AS15='Real results'!C15,'Raw data'!AT15='Real results'!D15),2,0),0),0),0) -> 0 | AU16: =IFERROR(IF(AND(ISNUMBER('Real results'!C15),ISNUMBER('Real results'!D15),ISNUMBER('Raw data'!AU15),ISNUMBER('Raw data'!AV15)),IF(SIGN('Raw data'!AU15-'Raw data'!AV15)=SIGN('Real results'!C15-'Real results'!D15),2+IF(AND('Raw data'!AU15='Real results'!C15,'Raw data'!AV15='Real results'!D15),2,0),0),0),0) -> 0 | AW16: =IFERROR(IF(AND(ISNUMBER('Real results'!C15),ISNUMBER('Real results'!D15),ISNUMBER('Raw data'!AW15),ISNUMBER('Raw data'!AX15)),IF(SIGN('Raw data'!AW15-'Raw data'!AX15)=SIGN('Real results'!C15-'Real results'!D15),2+IF(AND('Raw data'!AW15='Real results'!C15,'Raw data'!AX15='Real results'!D15),2,0),0),0),0) -> 0 | AY16: =IFERROR(IF(AND(ISNUMBER('Real results'!C15),ISNUMBER('Real results'!D15),ISNUMBER('Raw data'!AY15),ISNUMBER('Raw data'!AZ15)),IF(SIGN('Raw data'!AY15-'Raw data'!AZ15)=SIGN('Real results'!C15-'Real results'!D15),2+IF(AND('Raw data'!AY15='Real results'!C15,'Raw data'!AZ15='Real results'!D15),2,0),0),0),0) -> 0 | BA16: =IFERROR(IF(AND(ISNUMBER('Real results'!C15),ISNUMBER('Real results'!D15),ISNUMBER('Raw data'!BA15),ISNUMBER('Raw data'!BB15)),IF(SIGN('Raw data'!BA15-'Raw data'!BB15)=SIGN('Real results'!C15-'Real results'!D15),2+IF(AND('Raw data'!BA15='Real results'!C15,'Raw data'!BB15='Real results'!D15),2,0),0),0),0) -> 0 | BC16: =IFERROR(IF(AND(ISNUMBER('Real results'!C15),ISNUMBER('Real results'!D15),ISNUMBER('Raw data'!BC15),ISNUMBER('Raw data'!BD15)),IF(SIGN('Raw data'!BC15-'Raw data'!BD15)=SIGN('Real results'!C15-'Real results'!D15),2+IF(AND('Raw data'!BC15='Real results'!C15,'Raw data'!BD15='Real results'!D15),2,0),0),0),0) -> 0 | BE16: =IFERROR(IF(AND(ISNUMBER('Real results'!C15),ISNUMBER('Real results'!D15),ISNUMBER('Raw data'!BE15),ISNUMBER('Raw data'!BF15)),IF(SIGN('Raw data'!BE15-'Raw data'!BF15)=SIGN('Real results'!C15-'Real results'!D15),2+IF(AND('Raw data'!BE15='Real results'!C15,'Raw data'!BF15='Real results'!D15),2,0),0),0),0) -> 0 | BG16: =IFERROR(IF(AND(ISNUMBER('Real results'!C15),ISNUMBER('Real results'!D15),ISNUMBER('Raw data'!BG15),ISNUMBER('Raw data'!BH15)),IF(SIGN('Raw data'!BG15-'Raw data'!BH15)=SIGN('Real results'!C15-'Real results'!D15),2+IF(AND('Raw data'!BG15='Real results'!C15,'Raw data'!BH15='Real results'!D15),2,0),0),0),0) -> 0 | BI16: =IFERROR(IF(AND(ISNUMBER('Real results'!C15),ISNUMBER('Real results'!D15),ISNUMBER('Raw data'!BI15),ISNUMBER('Raw data'!BJ15)),IF(SIGN('Raw data'!BI15-'Raw data'!BJ15)=SIGN('Real results'!C15-'Real results'!D15),2+IF(AND('Raw data'!BI15='Real results'!C15,'Raw data'!BJ15='Real results'!D15),2,0),0),0),0) -> 0
B17: GB-M4: Canada vs Qatar | C17: =IFERROR(IF(AND(ISNUMBER('Real results'!C16),ISNUMBER('Real results'!D16),ISNUMBER('Raw data'!C14),ISNUMBER('Raw data'!D14)),IF(SIGN('Raw data'!C14-'Raw data'!D14)=SIGN('Real results'!C16-'Real results'!D16),2+IF(AND('Raw data'!C14='Real results'!C16,'Raw data'!D14='Real results'!D16),2,0),0),0),0) -> 0 | E17: =IFERROR(IF(AND(ISNUMBER('Real results'!C16),ISNUMBER('Real results'!D16),ISNUMBER('Raw data'!E15),ISNUMBER('Raw data'!F15)),IF(SIGN('Raw data'!E15-'Raw data'!F15)=SIGN('Real results'!C16-'Real results'!D16),2+IF(AND('Raw data'!E15='Real results'!C16,'Raw data'!F15='Real results'!D16),2,0),0),0),0) -> 2 | G17: =IFERROR(IF(AND(ISNUMBER('Real results'!C16),ISNUMBER('Real results'!D16),ISNUMBER('Raw data'!G16),ISNUMBER('Raw data'!H16)),IF(SIGN('Raw data'!G16-'Raw data'!H16)=SIGN('Real results'!C16-'Real results'!D16),2+IF(AND('Raw data'!G16='Real results'!C16,'Raw data'!H16='Real results'!D16),2,0),0),0),0) -> 2 | I17: =IFERROR(IF(AND(ISNUMBER('Real results'!C16),ISNUMBER('Real results'!D16),ISNUMBER('Raw data'!I16),ISNUMBER('Raw data'!J16)),IF(SIGN('Raw data'!I16-'Raw data'!J16)=SIGN('Real results'!C16-'Real results'!D16),2+IF(AND('Raw data'!I16='Real results'!C16,'Raw data'!J16='Real results'!D16),2,0),0),0),0) -> 2 | K17: =IFERROR(IF(AND(ISNUMBER('Real results'!C16),ISNUMBER('Real results'!D16),ISNUMBER('Raw data'!K16),ISNUMBER('Raw data'!L16)),IF(SIGN('Raw data'!K16-'Raw data'!L16)=SIGN('Real results'!C16-'Real results'!D16),2+IF(AND('Raw data'!K16='Real results'!C16,'Raw data'!L16='Real results'!D16),2,0),0),0),0) -> 2 | M17: =IFERROR(IF(AND(ISNUMBER('Real results'!C16),ISNUMBER('Real results'!D16),ISNUMBER('Raw data'!M16),ISNUMBER('Raw data'!N16)),IF(SIGN('Raw data'!M16-'Raw data'!N16)=SIGN('Real results'!C16-'Real results'!D16),2+IF(AND('Raw data'!M16='Real results'!C16,'Raw data'!N16='Real results'!D16),2,0),0),0),0) -> 0 | O17: =IFERROR(IF(AND(ISNUMBER('Real results'!C16),ISNUMBER('Real results'!D16),ISNUMBER('Raw data'!O16),ISNUMBER('Raw data'!P16)),IF(SIGN('Raw data'!O16-'Raw data'!P16)=SIGN('Real results'!C16-'Real results'!D16),2+IF(AND('Raw data'!O16='Real results'!C16,'Raw data'!P16='Real results'!D16),2,0),0),0),0) -> 0 | Q17: =IFERROR(IF(AND(ISNUMBER('Real results'!C16),ISNUMBER('Real results'!D16),ISNUMBER('Raw data'!Q16),ISNUMBER('Raw data'!R16)),IF(SIGN('Raw data'!Q16-'Raw data'!R16)=SIGN('Real results'!C16-'Real results'!D16),2+IF(AND('Raw data'!Q16='Real results'!C16,'Raw data'!R16='Real results'!D16),2,0),0),0),0) -> 0 | S17: =IFERROR(IF(AND(ISNUMBER('Real results'!C16),ISNUMBER('Real results'!D16),ISNUMBER('Raw data'!S16),ISNUMBER('Raw data'!T16)),IF(SIGN('Raw data'!S16-'Raw data'!T16)=SIGN('Real results'!C16-'Real results'!D16),2+IF(AND('Raw data'!S16='Real results'!C16,'Raw data'!T16='Real results'!D16),2,0),0),0),0) -> 0 | U17: =IFERROR(IF(AND(ISNUMBER('Real results'!C16),ISNUMBER('Real results'!D16),ISNUMBER('Raw data'!U16),ISNUMBER('Raw data'!V16)),IF(SIGN('Raw data'!U16-'Raw data'!V16)=SIGN('Real results'!C16-'Real results'!D16),2+IF(AND('Raw data'!U16='Real results'!C16,'Raw data'!V16='Real results'!D16),2,0),0),0),0) -> 0 | W17: =IFERROR(IF(AND(ISNUMBER('Real results'!C16),ISNUMBER('Real results'!D16),ISNUMBER('Raw data'!W16),ISNUMBER('Raw data'!X16)),IF(SIGN('Raw data'!W16-'Raw data'!X16)=SIGN('Real results'!C16-'Real results'!D16),2+IF(AND('Raw data'!W16='Real results'!C16,'Raw data'!X16='Real results'!D16),2,0),0),0),0) -> 0 | Y17: =IFERROR(IF(AND(ISNUMBER('Real results'!C16),ISNUMBER('Real results'!D16),ISNUMBER('Raw data'!Y16),ISNUMBER('Raw data'!Z16)),IF(SIGN('Raw data'!Y16-'Raw data'!Z16)=SIGN('Real results'!C16-'Real results'!D16),2+IF(AND('Raw data'!Y16='Real results'!C16,'Raw data'!Z16='Real results'!D16),2,0),0),0),0) -> 0 | AA17: =IFERROR(IF(AND(ISNUMBER('Real results'!C16),ISNUMBER('Real results'!D16),ISNUMBER('Raw data'!AA16),ISNUMBER('Raw data'!AB16)),IF(SIGN('Raw data'!AA16-'Raw data'!AB16)=SIGN('Real results'!C16-'Real results'!D16),2+IF(AND('Raw data'!AA16='Real results'!C16,'Raw data'!AB16='Real results'!D16),2,0),0),0),0) -> 0 | AC17: =IFERROR(IF(AND(ISNUMBER('Real results'!C16),ISNUMBER('Real results'!D16),ISNUMBER('Raw data'!AC16),ISNUMBER('Raw data'!AD16)),IF(SIGN('Raw data'!AC16-'Raw data'!AD16)=SIGN('Real results'!C16-'Real results'!D16),2+IF(AND('Raw data'!AC16='Real results'!C16,'Raw data'!AD16='Real results'!D16),2,0),0),0),0) -> 0 | AE17: =IFERROR(IF(AND(ISNUMBER('Real results'!C16),ISNUMBER('Real results'!D16),ISNUMBER('Raw data'!AE16),ISNUMBER('Raw data'!AF16)),IF(SIGN('Raw data'!AE16-'Raw data'!AF16)=SIGN('Real results'!C16-'Real results'!D16),2+IF(AND('Raw data'!AE16='Real results'!C16,'Raw data'!AF16='Real results'!D16),2,0),0),0),0) -> 0 | AG17: =IFERROR(IF(AND(ISNUMBER('Real results'!C16),ISNUMBER('Real results'!D16),ISNUMBER('Raw data'!AG16),ISNUMBER('Raw data'!AH16)),IF(SIGN('Raw data'!AG16-'Raw data'!AH16)=SIGN('Real results'!C16-'Real results'!D16),2+IF(AND('Raw data'!AG16='Real results'!C16,'Raw data'!AH16='Real results'!D16),2,0),0),0),0) -> 0 | AI17: =IFERROR(IF(AND(ISNUMBER('Real results'!C16),ISNUMBER('Real results'!D16),ISNUMBER('Raw data'!AI16),ISNUMBER('Raw data'!AJ16)),IF(SIGN('Raw data'!AI16-'Raw data'!AJ16)=SIGN('Real results'!C16-'Real results'!D16),2+IF(AND('Raw data'!AI16='Real results'!C16,'Raw data'!AJ16='Real results'!D16),2,0),0),0),0) -> 0 | AK17: =IFERROR(IF(AND(ISNUMBER('Real results'!C16),ISNUMBER('Real results'!D16),ISNUMBER('Raw data'!AK16),ISNUMBER('Raw data'!AL16)),IF(SIGN('Raw data'!AK16-'Raw data'!AL16)=SIGN('Real results'!C16-'Real results'!D16),2+IF(AND('Raw data'!AK16='Real results'!C16,'Raw data'!AL16='Real results'!D16),2,0),0),0),0) -> 0 | AM17: =IFERROR(IF(AND(ISNUMBER('Real results'!C16),ISNUMBER('Real results'!D16),ISNUMBER('Raw data'!AM16),ISNUMBER('Raw data'!AN16)),IF(SIGN('Raw data'!AM16-'Raw data'!AN16)=SIGN('Real results'!C16-'Real results'!D16),2+IF(AND('Raw data'!AM16='Real results'!C16,'Raw data'!AN16='Real results'!D16),2,0),0),0),0) -> 0 | AO17: =IFERROR(IF(AND(ISNUMBER('Real results'!C16),ISNUMBER('Real results'!D16),ISNUMBER('Raw data'!AO16),ISNUMBER('Raw data'!AP16)),IF(SIGN('Raw data'!AO16-'Raw data'!AP16)=SIGN('Real results'!C16-'Real results'!D16),2+IF(AND('Raw data'!AO16='Real results'!C16,'Raw data'!AP16='Real results'!D16),2,0),0),0),0) -> 0 | AQ17: =IFERROR(IF(AND(ISNUMBER('Real results'!C16),ISNUMBER('Real results'!D16),ISNUMBER('Raw data'!AQ16),ISNUMBER('Raw data'!AR16)),IF(SIGN('Raw data'!AQ16-'Raw data'!AR16)=SIGN('Real results'!C16-'Real results'!D16),2+IF(AND('Raw data'!AQ16='Real results'!C16,'Raw data'!AR16='Real results'!D16),2,0),0),0),0) -> 0 | AS17: =IFERROR(IF(AND(ISNUMBER('Real results'!C16),ISNUMBER('Real results'!D16),ISNUMBER('Raw data'!AS16),ISNUMBER('Raw data'!AT16)),IF(SIGN('Raw data'!AS16-'Raw data'!AT16)=SIGN('Real results'!C16-'Real results'!D16),2+IF(AND('Raw data'!AS16='Real results'!C16,'Raw data'!AT16='Real results'!D16),2,0),0),0),0) -> 0 | AU17: =IFERROR(IF(AND(ISNUMBER('Real results'!C16),ISNUMBER('Real results'!D16),ISNUMBER('Raw data'!AU16),ISNUMBER('Raw data'!AV16)),IF(SIGN('Raw data'!AU16-'Raw data'!AV16)=SIGN('Real results'!C16-'Real results'!D16),2+IF(AND('Raw data'!AU16='Real results'!C16,'Raw data'!AV16='Real results'!D16),2,0),0),0),0) -> 0 | AW17: =IFERROR(IF(AND(ISNUMBER('Real results'!C16),ISNUMBER('Real results'!D16),ISNUMBER('Raw data'!AW16),ISNUMBER('Raw data'!AX16)),IF(SIGN('Raw data'!AW16-'Raw data'!AX16)=SIGN('Real results'!C16-'Real results'!D16),2+IF(AND('Raw data'!AW16='Real results'!C16,'Raw data'!AX16='Real results'!D16),2,0),0),0),0) -> 0 | AY17: =IFERROR(IF(AND(ISNUMBER('Real results'!C16),ISNUMBER('Real results'!D16),ISNUMBER('Raw data'!AY16),ISNUMBER('Raw data'!AZ16)),IF(SIGN('Raw data'!AY16-'Raw data'!AZ16)=SIGN('Real results'!C16-'Real results'!D16),2+IF(AND('Raw data'!AY16='Real results'!C16,'Raw data'!AZ16='Real results'!D16),2,0),0),0),0) -> 0 | BA17: =IFERROR(IF(AND(ISNUMBER('Real results'!C16),ISNUMBER('Real results'!D16),ISNUMBER('Raw data'!BA16),ISNUMBER('Raw data'!BB16)),IF(SIGN('Raw data'!BA16-'Raw data'!BB16)=SIGN('Real results'!C16-'Real results'!D16),2+IF(AND('Raw data'!BA16='Real results'!C16,'Raw data'!BB16='Real results'!D16),2,0),0),0),0) -> 0 | BC17: =IFERROR(IF(AND(ISNUMBER('Real results'!C16),ISNUMBER('Real results'!D16),ISNUMBER('Raw data'!BC16),ISNUMBER('Raw data'!BD16)),IF(SIGN('Raw data'!BC16-'Raw data'!BD16)=SIGN('Real results'!C16-'Real results'!D16),2+IF(AND('Raw data'!BC16='Real results'!C16,'Raw data'!BD16='Real results'!D16),2,0),0),0),0) -> 0 | BE17: =IFERROR(IF(AND(ISNUMBER('Real results'!C16),ISNUMBER('Real results'!D16),ISNUMBER('Raw data'!BE16),ISNUMBER('Raw data'!BF16)),IF(SIGN('Raw data'!BE16-'Raw data'!BF16)=SIGN('Real results'!C16-'Real results'!D16),2+IF(AND('Raw data'!BE16='Real results'!C16,'Raw data'!BF16='Real results'!D16),2,0),0),0),0) -> 0 | BG17: =IFERROR(IF(AND(ISNUMBER('Real results'!C16),ISNUMBER('Real results'!D16),ISNUMBER('Raw data'!BG16),ISNUMBER('Raw data'!BH16)),IF(SIGN('Raw data'!BG16-'Raw data'!BH16)=SIGN('Real results'!C16-'Real results'!D16),2+IF(AND('Raw data'!BG16='Real results'!C16,'Raw data'!BH16='Real results'!D16),2,0),0),0),0) -> 0 | BI17: =IFERROR(IF(AND(ISNUMBER('Real results'!C16),ISNUMBER('Real results'!D16),ISNUMBER('Raw data'!BI16),ISNUMBER('Raw data'!BJ16)),IF(SIGN('Raw data'!BI16-'Raw data'!BJ16)=SIGN('Real results'!C16-'Real results'!D16),2+IF(AND('Raw data'!BI16='Real results'!C16,'Raw data'!BJ16='Real results'!D16),2,0),0),0),0) -> 0
B18: GB-M5: Switzerland vs Canada | C18: =IFERROR(IF(AND(ISNUMBER('Real results'!C17),ISNUMBER('Real results'!D17),ISNUMBER('Raw data'!C15),ISNUMBER('Raw data'!D15)),IF(SIGN('Raw data'!C15-'Raw data'!D15)=SIGN('Real results'!C17-'Real results'!D17),2+IF(AND('Raw data'!C15='Real results'!C17,'Raw data'!D15='Real results'!D17),2,0),0),0),0) -> 0 | E18: =IFERROR(IF(AND(ISNUMBER('Real results'!C17),ISNUMBER('Real results'!D17),ISNUMBER('Raw data'!E16),ISNUMBER('Raw data'!F16)),IF(SIGN('Raw data'!E16-'Raw data'!F16)=SIGN('Real results'!C17-'Real results'!D17),2+IF(AND('Raw data'!E16='Real results'!C17,'Raw data'!F16='Real results'!D17),2,0),0),0),0) -> 4 | G18: =IFERROR(IF(AND(ISNUMBER('Real results'!C17),ISNUMBER('Real results'!D17),ISNUMBER('Raw data'!G17),ISNUMBER('Raw data'!H17)),IF(SIGN('Raw data'!G17-'Raw data'!H17)=SIGN('Real results'!C17-'Real results'!D17),2+IF(AND('Raw data'!G17='Real results'!C17,'Raw data'!H17='Real results'!D17),2,0),0),0),0) -> 2 | I18: =IFERROR(IF(AND(ISNUMBER('Real results'!C17),ISNUMBER('Real results'!D17),ISNUMBER('Raw data'!I17),ISNUMBER('Raw data'!J17)),IF(SIGN('Raw data'!I17-'Raw data'!J17)=SIGN('Real results'!C17-'Real results'!D17),2+IF(AND('Raw data'!I17='Real results'!C17,'Raw data'!J17='Real results'!D17),2,0),0),0),0) -> 4 | K18: =IFERROR(IF(AND(ISNUMBER('Real results'!C17),ISNUMBER('Real results'!D17),ISNUMBER('Raw data'!K17),ISNUMBER('Raw data'!L17)),IF(SIGN('Raw data'!K17-'Raw data'!L17)=SIGN('Real results'!C17-'Real results'!D17),2+IF(AND('Raw data'!K17='Real results'!C17,'Raw data'!L17='Real results'!D17),2,0),0),0),0) -> 4 | M18: =IFERROR(IF(AND(ISNUMBER('Real results'!C17),ISNUMBER('Real results'!D17),ISNUMBER('Raw data'!M17),ISNUMBER('Raw data'!N17)),IF(SIGN('Raw data'!M17-'Raw data'!N17)=SIGN('Real results'!C17-'Real results'!D17),2+IF(AND('Raw data'!M17='Real results'!C17,'Raw data'!N17='Real results'!D17),2,0),0),0),0) -> 0 | O18: =IFERROR(IF(AND(ISNUMBER('Real results'!C17),ISNUMBER('Real results'!D17),ISNUMBER('Raw data'!O17),ISNUMBER('Raw data'!P17)),IF(SIGN('Raw data'!O17-'Raw data'!P17)=SIGN('Real results'!C17-'Real results'!D17),2+IF(AND('Raw data'!O17='Real results'!C17,'Raw data'!P17='Real results'!D17),2,0),0),0),0) -> 0 | Q18: =IFERROR(IF(AND(ISNUMBER('Real results'!C17),ISNUMBER('Real results'!D17),ISNUMBER('Raw data'!Q17),ISNUMBER('Raw data'!R17)),IF(SIGN('Raw data'!Q17-'Raw data'!R17)=SIGN('Real results'!C17-'Real results'!D17),2+IF(AND('Raw data'!Q17='Real results'!C17,'Raw data'!R17='Real results'!D17),2,0),0),0),0) -> 0 | S18: =IFERROR(IF(AND(ISNUMBER('Real results'!C17),ISNUMBER('Real results'!D17),ISNUMBER('Raw data'!S17),ISNUMBER('Raw data'!T17)),IF(SIGN('Raw data'!S17-'Raw data'!T17)=SIGN('Real results'!C17-'Real results'!D17),2+IF(AND('Raw data'!S17='Real results'!C17,'Raw data'!T17='Real results'!D17),2,0),0),0),0) -> 0 | U18: =IFERROR(IF(AND(ISNUMBER('Real results'!C17),ISNUMBER('Real results'!D17),ISNUMBER('Raw data'!U17),ISNUMBER('Raw data'!V17)),IF(SIGN('Raw data'!U17-'Raw data'!V17)=SIGN('Real results'!C17-'Real results'!D17),2+IF(AND('Raw data'!U17='Real results'!C17,'Raw data'!V17='Real results'!D17),2,0),0),0),0) -> 0 | W18: =IFERROR(IF(AND(ISNUMBER('Real results'!C17),ISNUMBER('Real results'!D17),ISNUMBER('Raw data'!W17),ISNUMBER('Raw data'!X17)),IF(SIGN('Raw data'!W17-'Raw data'!X17)=SIGN('Real results'!C17-'Real results'!D17),2+IF(AND('Raw data'!W17='Real results'!C17,'Raw data'!X17='Real results'!D17),2,0),0),0),0) -> 0 | Y18: =IFERROR(IF(AND(ISNUMBER('Real results'!C17),ISNUMBER('Real results'!D17),ISNUMBER('Raw data'!Y17),ISNUMBER('Raw data'!Z17)),IF(SIGN('Raw data'!Y17-'Raw data'!Z17)=SIGN('Real results'!C17-'Real results'!D17),2+IF(AND('Raw data'!Y17='Real results'!C17,'Raw data'!Z17='Real results'!D17),2,0),0),0),0) -> 0 | AA18: =IFERROR(IF(AND(ISNUMBER('Real results'!C17),ISNUMBER('Real results'!D17),ISNUMBER('Raw data'!AA17),ISNUMBER('Raw data'!AB17)),IF(SIGN('Raw data'!AA17-'Raw data'!AB17)=SIGN('Real results'!C17-'Real results'!D17),2+IF(AND('Raw data'!AA17='Real results'!C17,'Raw data'!AB17='Real results'!D17),2,0),0),0),0) -> 0 | AC18: =IFERROR(IF(AND(ISNUMBER('Real results'!C17),ISNUMBER('Real results'!D17),ISNUMBER('Raw data'!AC17),ISNUMBER('Raw data'!AD17)),IF(SIGN('Raw data'!AC17-'Raw data'!AD17)=SIGN('Real results'!C17-'Real results'!D17),2+IF(AND('Raw data'!AC17='Real results'!C17,'Raw data'!AD17='Real results'!D17),2,0),0),0),0) -> 0 | AE18: =IFERROR(IF(AND(ISNUMBER('Real results'!C17),ISNUMBER('Real results'!D17),ISNUMBER('Raw data'!AE17),ISNUMBER('Raw data'!AF17)),IF(SIGN('Raw data'!AE17-'Raw data'!AF17)=SIGN('Real results'!C17-'Real results'!D17),2+IF(AND('Raw data'!AE17='Real results'!C17,'Raw data'!AF17='Real results'!D17),2,0),0),0),0) -> 0 | AG18: =IFERROR(IF(AND(ISNUMBER('Real results'!C17),ISNUMBER('Real results'!D17),ISNUMBER('Raw data'!AG17),ISNUMBER('Raw data'!AH17)),IF(SIGN('Raw data'!AG17-'Raw data'!AH17)=SIGN('Real results'!C17-'Real results'!D17),2+IF(AND('Raw data'!AG17='Real results'!C17,'Raw data'!AH17='Real results'!D17),2,0),0),0),0) -> 0 | AI18: =IFERROR(IF(AND(ISNUMBER('Real results'!C17),ISNUMBER('Real results'!D17),ISNUMBER('Raw data'!AI17),ISNUMBER('Raw data'!AJ17)),IF(SIGN('Raw data'!AI17-'Raw data'!AJ17)=SIGN('Real results'!C17-'Real results'!D17),2+IF(AND('Raw data'!AI17='Real results'!C17,'Raw data'!AJ17='Real results'!D17),2,0),0),0),0) -> 0 | AK18: =IFERROR(IF(AND(ISNUMBER('Real results'!C17),ISNUMBER('Real results'!D17),ISNUMBER('Raw data'!AK17),ISNUMBER('Raw data'!AL17)),IF(SIGN('Raw data'!AK17-'Raw data'!AL17)=SIGN('Real results'!C17-'Real results'!D17),2+IF(AND('Raw data'!AK17='Real results'!C17,'Raw data'!AL17='Real results'!D17),2,0),0),0),0) -> 0 | AM18: =IFERROR(IF(AND(ISNUMBER('Real results'!C17),ISNUMBER('Real results'!D17),ISNUMBER('Raw data'!AM17),ISNUMBER('Raw data'!AN17)),IF(SIGN('Raw data'!AM17-'Raw data'!AN17)=SIGN('Real results'!C17-'Real results'!D17),2+IF(AND('Raw data'!AM17='Real results'!C17,'Raw data'!AN17='Real results'!D17),2,0),0),0),0) -> 0 | AO18: =IFERROR(IF(AND(ISNUMBER('Real results'!C17),ISNUMBER('Real results'!D17),ISNUMBER('Raw data'!AO17),ISNUMBER('Raw data'!AP17)),IF(SIGN('Raw data'!AO17-'Raw data'!AP17)=SIGN('Real results'!C17-'Real results'!D17),2+IF(AND('Raw data'!AO17='Real results'!C17,'Raw data'!AP17='Real results'!D17),2,0),0),0),0) -> 0 | AQ18: =IFERROR(IF(AND(ISNUMBER('Real results'!C17),ISNUMBER('Real results'!D17),ISNUMBER('Raw data'!AQ17),ISNUMBER('Raw data'!AR17)),IF(SIGN('Raw data'!AQ17-'Raw data'!AR17)=SIGN('Real results'!C17-'Real results'!D17),2+IF(AND('Raw data'!AQ17='Real results'!C17,'Raw data'!AR17='Real results'!D17),2,0),0),0),0) -> 0 | AS18: =IFERROR(IF(AND(ISNUMBER('Real results'!C17),ISNUMBER('Real results'!D17),ISNUMBER('Raw data'!AS17),ISNUMBER('Raw data'!AT17)),IF(SIGN('Raw data'!AS17-'Raw data'!AT17)=SIGN('Real results'!C17-'Real results'!D17),2+IF(AND('Raw data'!AS17='Real results'!C17,'Raw data'!AT17='Real results'!D17),2,0),0),0),0) -> 0 | AU18: =IFERROR(IF(AND(ISNUMBER('Real results'!C17),ISNUMBER('Real results'!D17),ISNUMBER('Raw data'!AU17),ISNUMBER('Raw data'!AV17)),IF(SIGN('Raw data'!AU17-'Raw data'!AV17)=SIGN('Real results'!C17-'Real results'!D17),2+IF(AND('Raw data'!AU17='Real results'!C17,'Raw data'!AV17='Real results'!D17),2,0),0),0),0) -> 0 | AW18: =IFERROR(IF(AND(ISNUMBER('Real results'!C17),ISNUMBER('Real results'!D17),ISNUMBER('Raw data'!AW17),ISNUMBER('Raw data'!AX17)),IF(SIGN('Raw data'!AW17-'Raw data'!AX17)=SIGN('Real results'!C17-'Real results'!D17),2+IF(AND('Raw data'!AW17='Real results'!C17,'Raw data'!AX17='Real results'!D17),2,0),0),0),0) -> 0 | AY18: =IFERROR(IF(AND(ISNUMBER('Real results'!C17),ISNUMBER('Real results'!D17),ISNUMBER('Raw data'!AY17),ISNUMBER('Raw data'!AZ17)),IF(SIGN('Raw data'!AY17-'Raw data'!AZ17)=SIGN('Real results'!C17-'Real results'!D17),2+IF(AND('Raw data'!AY17='Real results'!C17,'Raw data'!AZ17='Real results'!D17),2,0),0),0),0) -> 0 | BA18: =IFERROR(IF(AND(ISNUMBER('Real results'!C17),ISNUMBER('Real results'!D17),ISNUMBER('Raw data'!BA17),ISNUMBER('Raw data'!BB17)),IF(SIGN('Raw data'!BA17-'Raw data'!BB17)=SIGN('Real results'!C17-'Real results'!D17),2+IF(AND('Raw data'!BA17='Real results'!C17,'Raw data'!BB17='Real results'!D17),2,0),0),0),0) -> 0 | BC18: =IFERROR(IF(AND(ISNUMBER('Real results'!C17),ISNUMBER('Real results'!D17),ISNUMBER('Raw data'!BC17),ISNUMBER('Raw data'!BD17)),IF(SIGN('Raw data'!BC17-'Raw data'!BD17)=SIGN('Real results'!C17-'Real results'!D17),2+IF(AND('Raw data'!BC17='Real results'!C17,'Raw data'!BD17='Real results'!D17),2,0),0),0),0) -> 0 | BE18: =IFERROR(IF(AND(ISNUMBER('Real results'!C17),ISNUMBER('Real results'!D17),ISNUMBER('Raw data'!BE17),ISNUMBER('Raw data'!BF17)),IF(SIGN('Raw data'!BE17-'Raw data'!BF17)=SIGN('Real results'!C17-'Real results'!D17),2+IF(AND('Raw data'!BE17='Real results'!C17,'Raw data'!BF17='Real results'!D17),2,0),0),0),0) -> 0 | BG18: =IFERROR(IF(AND(ISNUMBER('Real results'!C17),ISNUMBER('Real results'!D17),ISNUMBER('Raw data'!BG17),ISNUMBER('Raw data'!BH17)),IF(SIGN('Raw data'!BG17-'Raw data'!BH17)=SIGN('Real results'!C17-'Real results'!D17),2+IF(AND('Raw data'!BG17='Real results'!C17,'Raw data'!BH17='Real results'!D17),2,0),0),0),0) -> 0 | BI18: =IFERROR(IF(AND(ISNUMBER('Real results'!C17),ISNUMBER('Real results'!D17),ISNUMBER('Raw data'!BI17),ISNUMBER('Raw data'!BJ17)),IF(SIGN('Raw data'!BI17-'Raw data'!BJ17)=SIGN('Real results'!C17-'Real results'!D17),2+IF(AND('Raw data'!BI17='Real results'!C17,'Raw data'!BJ17='Real results'!D17),2,0),0),0),0) -> 0
B19: GB-M6: Bosnia-Herz. vs Qatar | C19: =IFERROR(IF(AND(ISNUMBER('Real results'!C18),ISNUMBER('Real results'!D18),ISNUMBER('Raw data'!C16),ISNUMBER('Raw data'!D16)),IF(SIGN('Raw data'!C16-'Raw data'!D16)=SIGN('Real results'!C18-'Real results'!D18),2+IF(AND('Raw data'!C16='Real results'!C18,'Raw data'!D16='Real results'!D18),2,0),0),0),0) -> 2 | E19: =IFERROR(IF(AND(ISNUMBER('Real results'!C18),ISNUMBER('Real results'!D18),ISNUMBER('Raw data'!E17),ISNUMBER('Raw data'!F17)),IF(SIGN('Raw data'!E17-'Raw data'!F17)=SIGN('Real results'!C18-'Real results'!D18),2+IF(AND('Raw data'!E17='Real results'!C18,'Raw data'!F17='Real results'!D18),2,0),0),0),0) -> 0 | G19: =IFERROR(IF(AND(ISNUMBER('Real results'!C18),ISNUMBER('Real results'!D18),ISNUMBER('Raw data'!G18),ISNUMBER('Raw data'!H18)),IF(SIGN('Raw data'!G18-'Raw data'!H18)=SIGN('Real results'!C18-'Real results'!D18),2+IF(AND('Raw data'!G18='Real results'!C18,'Raw data'!H18='Real results'!D18),2,0),0),0),0) -> 0 | I19: =IFERROR(IF(AND(ISNUMBER('Real results'!C18),ISNUMBER('Real results'!D18),ISNUMBER('Raw data'!I18),ISNUMBER('Raw data'!J18)),IF(SIGN('Raw data'!I18-'Raw data'!J18)=SIGN('Real results'!C18-'Real results'!D18),2+IF(AND('Raw data'!I18='Real results'!C18,'Raw data'!J18='Real results'!D18),2,0),0),0),0) -> 2 | K19: =IFERROR(IF(AND(ISNUMBER('Real results'!C18),ISNUMBER('Real results'!D18),ISNUMBER('Raw data'!K18),ISNUMBER('Raw data'!L18)),IF(SIGN('Raw data'!K18-'Raw data'!L18)=SIGN('Real results'!C18-'Real results'!D18),2+IF(AND('Raw data'!K18='Real results'!C18,'Raw data'!L18='Real results'!D18),2,0),0),0),0) -> 2 | M19: =IFERROR(IF(AND(ISNUMBER('Real results'!C18),ISNUMBER('Real results'!D18),ISNUMBER('Raw data'!M18),ISNUMBER('Raw data'!N18)),IF(SIGN('Raw data'!M18-'Raw data'!N18)=SIGN('Real results'!C18-'Real results'!D18),2+IF(AND('Raw data'!M18='Real results'!C18,'Raw data'!N18='Real results'!D18),2,0),0),0),0) -> 0 | O19: =IFERROR(IF(AND(ISNUMBER('Real results'!C18),ISNUMBER('Real results'!D18),ISNUMBER('Raw data'!O18),ISNUMBER('Raw data'!P18)),IF(SIGN('Raw data'!O18-'Raw data'!P18)=SIGN('Real results'!C18-'Real results'!D18),2+IF(AND('Raw data'!O18='Real results'!C18,'Raw data'!P18='Real results'!D18),2,0),0),0),0) -> 0 | Q19: =IFERROR(IF(AND(ISNUMBER('Real results'!C18),ISNUMBER('Real results'!D18),ISNUMBER('Raw data'!Q18),ISNUMBER('Raw data'!R18)),IF(SIGN('Raw data'!Q18-'Raw data'!R18)=SIGN('Real results'!C18-'Real results'!D18),2+IF(AND('Raw data'!Q18='Real results'!C18,'Raw data'!R18='Real results'!D18),2,0),0),0),0) -> 0 | S19: =IFERROR(IF(AND(ISNUMBER('Real results'!C18),ISNUMBER('Real results'!D18),ISNUMBER('Raw data'!S18),ISNUMBER('Raw data'!T18)),IF(SIGN('Raw data'!S18-'Raw data'!T18)=SIGN('Real results'!C18-'Real results'!D18),2+IF(AND('Raw data'!S18='Real results'!C18,'Raw data'!T18='Real results'!D18),2,0),0),0),0) -> 0 | U19: =IFERROR(IF(AND(ISNUMBER('Real results'!C18),ISNUMBER('Real results'!D18),ISNUMBER('Raw data'!U18),ISNUMBER('Raw data'!V18)),IF(SIGN('Raw data'!U18-'Raw data'!V18)=SIGN('Real results'!C18-'Real results'!D18),2+IF(AND('Raw data'!U18='Real results'!C18,'Raw data'!V18='Real results'!D18),2,0),0),0),0) -> 0 | W19: =IFERROR(IF(AND(ISNUMBER('Real results'!C18),ISNUMBER('Real results'!D18),ISNUMBER('Raw data'!W18),ISNUMBER('Raw data'!X18)),IF(SIGN('Raw data'!W18-'Raw data'!X18)=SIGN('Real results'!C18-'Real results'!D18),2+IF(AND('Raw data'!W18='Real results'!C18,'Raw data'!X18='Real results'!D18),2,0),0),0),0) -> 0 | Y19: =IFERROR(IF(AND(ISNUMBER('Real results'!C18),ISNUMBER('Real results'!D18),ISNUMBER('Raw data'!Y18),ISNUMBER('Raw data'!Z18)),IF(SIGN('Raw data'!Y18-'Raw data'!Z18)=SIGN('Real results'!C18-'Real results'!D18),2+IF(AND('Raw data'!Y18='Real results'!C18,'Raw data'!Z18='Real results'!D18),2,0),0),0),0) -> 0 | AA19: =IFERROR(IF(AND(ISNUMBER('Real results'!C18),ISNUMBER('Real results'!D18),ISNUMBER('Raw data'!AA18),ISNUMBER('Raw data'!AB18)),IF(SIGN('Raw data'!AA18-'Raw data'!AB18)=SIGN('Real results'!C18-'Real results'!D18),2+IF(AND('Raw data'!AA18='Real results'!C18,'Raw data'!AB18='Real results'!D18),2,0),0),0),0) -> 0 | AC19: =IFERROR(IF(AND(ISNUMBER('Real results'!C18),ISNUMBER('Real results'!D18),ISNUMBER('Raw data'!AC18),ISNUMBER('Raw data'!AD18)),IF(SIGN('Raw data'!AC18-'Raw data'!AD18)=SIGN('Real results'!C18-'Real results'!D18),2+IF(AND('Raw data'!AC18='Real results'!C18,'Raw data'!AD18='Real results'!D18),2,0),0),0),0) -> 0 | AE19: =IFERROR(IF(AND(ISNUMBER('Real results'!C18),ISNUMBER('Real results'!D18),ISNUMBER('Raw data'!AE18),ISNUMBER('Raw data'!AF18)),IF(SIGN('Raw data'!AE18-'Raw data'!AF18)=SIGN('Real results'!C18-'Real results'!D18),2+IF(AND('Raw data'!AE18='Real results'!C18,'Raw data'!AF18='Real results'!D18),2,0),0),0),0) -> 0 | AG19: =IFERROR(IF(AND(ISNUMBER('Real results'!C18),ISNUMBER('Real results'!D18),ISNUMBER('Raw data'!AG18),ISNUMBER('Raw data'!AH18)),IF(SIGN('Raw data'!AG18-'Raw data'!AH18)=SIGN('Real results'!C18-'Real results'!D18),2+IF(AND('Raw data'!AG18='Real results'!C18,'Raw data'!AH18='Real results'!D18),2,0),0),0),0) -> 0 | AI19: =IFERROR(IF(AND(ISNUMBER('Real results'!C18),ISNUMBER('Real results'!D18),ISNUMBER('Raw data'!AI18),ISNUMBER('Raw data'!AJ18)),IF(SIGN('Raw data'!AI18-'Raw data'!AJ18)=SIGN('Real results'!C18-'Real results'!D18),2+IF(AND('Raw data'!AI18='Real results'!C18,'Raw data'!AJ18='Real results'!D18),2,0),0),0),0) -> 0 | AK19: =IFERROR(IF(AND(ISNUMBER('Real results'!C18),ISNUMBER('Real results'!D18),ISNUMBER('Raw data'!AK18),ISNUMBER('Raw data'!AL18)),IF(SIGN('Raw data'!AK18-'Raw data'!AL18)=SIGN('Real results'!C18-'Real results'!D18),2+IF(AND('Raw data'!AK18='Real results'!C18,'Raw data'!AL18='Real results'!D18),2,0),0),0),0) -> 0 | AM19: =IFERROR(IF(AND(ISNUMBER('Real results'!C18),ISNUMBER('Real results'!D18),ISNUMBER('Raw data'!AM18),ISNUMBER('Raw data'!AN18)),IF(SIGN('Raw data'!AM18-'Raw data'!AN18)=SIGN('Real results'!C18-'Real results'!D18),2+IF(AND('Raw data'!AM18='Real results'!C18,'Raw data'!AN18='Real results'!D18),2,0),0),0),0) -> 0 | AO19: =IFERROR(IF(AND(ISNUMBER('Real results'!C18),ISNUMBER('Real results'!D18),ISNUMBER('Raw data'!AO18),ISNUMBER('Raw data'!AP18)),IF(SIGN('Raw data'!AO18-'Raw data'!AP18)=SIGN('Real results'!C18-'Real results'!D18),2+IF(AND('Raw data'!AO18='Real results'!C18,'Raw data'!AP18='Real results'!D18),2,0),0),0),0) -> 0 | AQ19: =IFERROR(IF(AND(ISNUMBER('Real results'!C18),ISNUMBER('Real results'!D18),ISNUMBER('Raw data'!AQ18),ISNUMBER('Raw data'!AR18)),IF(SIGN('Raw data'!AQ18-'Raw data'!AR18)=SIGN('Real results'!C18-'Real results'!D18),2+IF(AND('Raw data'!AQ18='Real results'!C18,'Raw data'!AR18='Real results'!D18),2,0),0),0),0) -> 0 | AS19: =IFERROR(IF(AND(ISNUMBER('Real results'!C18),ISNUMBER('Real results'!D18),ISNUMBER('Raw data'!AS18),ISNUMBER('Raw data'!AT18)),IF(SIGN('Raw data'!AS18-'Raw data'!AT18)=SIGN('Real results'!C18-'Real results'!D18),2+IF(AND('Raw data'!AS18='Real results'!C18,'Raw data'!AT18='Real results'!D18),2,0),0),0),0) -> 0 | AU19: =IFERROR(IF(AND(ISNUMBER('Real results'!C18),ISNUMBER('Real results'!D18),ISNUMBER('Raw data'!AU18),ISNUMBER('Raw data'!AV18)),IF(SIGN('Raw data'!AU18-'Raw data'!AV18)=SIGN('Real results'!C18-'Real results'!D18),2+IF(AND('Raw data'!AU18='Real results'!C18,'Raw data'!AV18='Real results'!D18),2,0),0),0),0) -> 0 | AW19: =IFERROR(IF(AND(ISNUMBER('Real results'!C18),ISNUMBER('Real results'!D18),ISNUMBER('Raw data'!AW18),ISNUMBER('Raw data'!AX18)),IF(SIGN('Raw data'!AW18-'Raw data'!AX18)=SIGN('Real results'!C18-'Real results'!D18),2+IF(AND('Raw data'!AW18='Real results'!C18,'Raw data'!AX18='Real results'!D18),2,0),0),0),0) -> 0 | AY19: =IFERROR(IF(AND(ISNUMBER('Real results'!C18),ISNUMBER('Real results'!D18),ISNUMBER('Raw data'!AY18),ISNUMBER('Raw data'!AZ18)),IF(SIGN('Raw data'!AY18-'Raw data'!AZ18)=SIGN('Real results'!C18-'Real results'!D18),2+IF(AND('Raw data'!AY18='Real results'!C18,'Raw data'!AZ18='Real results'!D18),2,0),0),0),0) -> 0 | BA19: =IFERROR(IF(AND(ISNUMBER('Real results'!C18),ISNUMBER('Real results'!D18),ISNUMBER('Raw data'!BA18),ISNUMBER('Raw data'!BB18)),IF(SIGN('Raw data'!BA18-'Raw data'!BB18)=SIGN('Real results'!C18-'Real results'!D18),2+IF(AND('Raw data'!BA18='Real results'!C18,'Raw data'!BB18='Real results'!D18),2,0),0),0),0) -> 0 | BC19: =IFERROR(IF(AND(ISNUMBER('Real results'!C18),ISNUMBER('Real results'!D18),ISNUMBER('Raw data'!BC18),ISNUMBER('Raw data'!BD18)),IF(SIGN('Raw data'!BC18-'Raw data'!BD18)=SIGN('Real results'!C18-'Real results'!D18),2+IF(AND('Raw data'!BC18='Real results'!C18,'Raw data'!BD18='Real results'!D18),2,0),0),0),0) -> 0 | BE19: =IFERROR(IF(AND(ISNUMBER('Real results'!C18),ISNUMBER('Real results'!D18),ISNUMBER('Raw data'!BE18),ISNUMBER('Raw data'!BF18)),IF(SIGN('Raw data'!BE18-'Raw data'!BF18)=SIGN('Real results'!C18-'Real results'!D18),2+IF(AND('Raw data'!BE18='Real results'!C18,'Raw data'!BF18='Real results'!D18),2,0),0),0),0) -> 0 | BG19: =IFERROR(IF(AND(ISNUMBER('Real results'!C18),ISNUMBER('Real results'!D18),ISNUMBER('Raw data'!BG18),ISNUMBER('Raw data'!BH18)),IF(SIGN('Raw data'!BG18-'Raw data'!BH18)=SIGN('Real results'!C18-'Real results'!D18),2+IF(AND('Raw data'!BG18='Real results'!C18,'Raw data'!BH18='Real results'!D18),2,0),0),0),0) -> 0 | BI19: =IFERROR(IF(AND(ISNUMBER('Real results'!C18),ISNUMBER('Real results'!D18),ISNUMBER('Raw data'!BI18),ISNUMBER('Raw data'!BJ18)),IF(SIGN('Raw data'!BI18-'Raw data'!BJ18)=SIGN('Real results'!C18-'Real results'!D18),2+IF(AND('Raw data'!BI18='Real results'!C18,'Raw data'!BJ18='Real results'!D18),2,0),0),0),0) -> 0
B20: GC-M1: Brazil vs Morocco | C20: =IFERROR(IF(AND(ISNUMBER('Real results'!C19),ISNUMBER('Real results'!D19),ISNUMBER('Raw data'!C17),ISNUMBER('Raw data'!D17)),IF(SIGN('Raw data'!C17-'Raw data'!D17)=SIGN('Real results'!C19-'Real results'!D19),2+IF(AND('Raw data'!C17='Real results'!C19,'Raw data'!D17='Real results'!D19),2,0),0),0),0) -> 4 | E20: =IFERROR(IF(AND(ISNUMBER('Real results'!C19),ISNUMBER('Real results'!D19),ISNUMBER('Raw data'!E18),ISNUMBER('Raw data'!F18)),IF(SIGN('Raw data'!E18-'Raw data'!F18)=SIGN('Real results'!C19-'Real results'!D19),2+IF(AND('Raw data'!E18='Real results'!C19,'Raw data'!F18='Real results'!D19),2,0),0),0),0) -> 0 | G20: =IFERROR(IF(AND(ISNUMBER('Real results'!C19),ISNUMBER('Real results'!D19),ISNUMBER('Raw data'!G19),ISNUMBER('Raw data'!H19)),IF(SIGN('Raw data'!G19-'Raw data'!H19)=SIGN('Real results'!C19-'Real results'!D19),2+IF(AND('Raw data'!G19='Real results'!C19,'Raw data'!H19='Real results'!D19),2,0),0),0),0) -> 2 | I20: =IFERROR(IF(AND(ISNUMBER('Real results'!C19),ISNUMBER('Real results'!D19),ISNUMBER('Raw data'!I19),ISNUMBER('Raw data'!J19)),IF(SIGN('Raw data'!I19-'Raw data'!J19)=SIGN('Real results'!C19-'Real results'!D19),2+IF(AND('Raw data'!I19='Real results'!C19,'Raw data'!J19='Real results'!D19),2,0),0),0),0) -> 0 | K20: =IFERROR(IF(AND(ISNUMBER('Real results'!C19),ISNUMBER('Real results'!D19),ISNUMBER('Raw data'!K19),ISNUMBER('Raw data'!L19)),IF(SIGN('Raw data'!K19-'Raw data'!L19)=SIGN('Real results'!C19-'Real results'!D19),2+IF(AND('Raw data'!K19='Real results'!C19,'Raw data'!L19='Real results'!D19),2,0),0),0),0) -> 0 | M20: =IFERROR(IF(AND(ISNUMBER('Real results'!C19),ISNUMBER('Real results'!D19),ISNUMBER('Raw data'!M19),ISNUMBER('Raw data'!N19)),IF(SIGN('Raw data'!M19-'Raw data'!N19)=SIGN('Real results'!C19-'Real results'!D19),2+IF(AND('Raw data'!M19='Real results'!C19,'Raw data'!N19='Real results'!D19),2,0),0),0),0) -> 0 | O20: =IFERROR(IF(AND(ISNUMBER('Real results'!C19),ISNUMBER('Real results'!D19),ISNUMBER('Raw data'!O19),ISNUMBER('Raw data'!P19)),IF(SIGN('Raw data'!O19-'Raw data'!P19)=SIGN('Real results'!C19-'Real results'!D19),2+IF(AND('Raw data'!O19='Real results'!C19,'Raw data'!P19='Real results'!D19),2,0),0),0),0) -> 0 | Q20: =IFERROR(IF(AND(ISNUMBER('Real results'!C19),ISNUMBER('Real results'!D19),ISNUMBER('Raw data'!Q19),ISNUMBER('Raw data'!R19)),IF(SIGN('Raw data'!Q19-'Raw data'!R19)=SIGN('Real results'!C19-'Real results'!D19),2+IF(AND('Raw data'!Q19='Real results'!C19,'Raw data'!R19='Real results'!D19),2,0),0),0),0) -> 0 | S20: =IFERROR(IF(AND(ISNUMBER('Real results'!C19),ISNUMBER('Real results'!D19),ISNUMBER('Raw data'!S19),ISNUMBER('Raw data'!T19)),IF(SIGN('Raw data'!S19-'Raw data'!T19)=SIGN('Real results'!C19-'Real results'!D19),2+IF(AND('Raw data'!S19='Real results'!C19,'Raw data'!T19='Real results'!D19),2,0),0),0),0) -> 0 | U20: =IFERROR(IF(AND(ISNUMBER('Real results'!C19),ISNUMBER('Real results'!D19),ISNUMBER('Raw data'!U19),ISNUMBER('Raw data'!V19)),IF(SIGN('Raw data'!U19-'Raw data'!V19)=SIGN('Real results'!C19-'Real results'!D19),2+IF(AND('Raw data'!U19='Real results'!C19,'Raw data'!V19='Real results'!D19),2,0),0),0),0) -> 0 | W20: =IFERROR(IF(AND(ISNUMBER('Real results'!C19),ISNUMBER('Real results'!D19),ISNUMBER('Raw data'!W19),ISNUMBER('Raw data'!X19)),IF(SIGN('Raw data'!W19-'Raw data'!X19)=SIGN('Real results'!C19-'Real results'!D19),2+IF(AND('Raw data'!W19='Real results'!C19,'Raw data'!X19='Real results'!D19),2,0),0),0),0) -> 0 | Y20: =IFERROR(IF(AND(ISNUMBER('Real results'!C19),ISNUMBER('Real results'!D19),ISNUMBER('Raw data'!Y19),ISNUMBER('Raw data'!Z19)),IF(SIGN('Raw data'!Y19-'Raw data'!Z19)=SIGN('Real results'!C19-'Real results'!D19),2+IF(AND('Raw data'!Y19='Real results'!C19,'Raw data'!Z19='Real results'!D19),2,0),0),0),0) -> 0 | AA20: =IFERROR(IF(AND(ISNUMBER('Real results'!C19),ISNUMBER('Real results'!D19),ISNUMBER('Raw data'!AA19),ISNUMBER('Raw data'!AB19)),IF(SIGN('Raw data'!AA19-'Raw data'!AB19)=SIGN('Real results'!C19-'Real results'!D19),2+IF(AND('Raw data'!AA19='Real results'!C19,'Raw data'!AB19='Real results'!D19),2,0),0),0),0) -> 0 | AC20: =IFERROR(IF(AND(ISNUMBER('Real results'!C19),ISNUMBER('Real results'!D19),ISNUMBER('Raw data'!AC19),ISNUMBER('Raw data'!AD19)),IF(SIGN('Raw data'!AC19-'Raw data'!AD19)=SIGN('Real results'!C19-'Real results'!D19),2+IF(AND('Raw data'!AC19='Real results'!C19,'Raw data'!AD19='Real results'!D19),2,0),0),0),0) -> 0 | AE20: =IFERROR(IF(AND(ISNUMBER('Real results'!C19),ISNUMBER('Real results'!D19),ISNUMBER('Raw data'!AE19),ISNUMBER('Raw data'!AF19)),IF(SIGN('Raw data'!AE19-'Raw data'!AF19)=SIGN('Real results'!C19-'Real results'!D19),2+IF(AND('Raw data'!AE19='Real results'!C19,'Raw data'!AF19='Real results'!D19),2,0),0),0),0) -> 0 | AG20: =IFERROR(IF(AND(ISNUMBER('Real results'!C19),ISNUMBER('Real results'!D19),ISNUMBER('Raw data'!AG19),ISNUMBER('Raw data'!AH19)),IF(SIGN('Raw data'!AG19-'Raw data'!AH19)=SIGN('Real results'!C19-'Real results'!D19),2+IF(AND('Raw data'!AG19='Real results'!C19,'Raw data'!AH19='Real results'!D19),2,0),0),0),0) -> 0 | AI20: =IFERROR(IF(AND(ISNUMBER('Real results'!C19),ISNUMBER('Real results'!D19),ISNUMBER('Raw data'!AI19),ISNUMBER('Raw data'!AJ19)),IF(SIGN('Raw data'!AI19-'Raw data'!AJ19)=SIGN('Real results'!C19-'Real results'!D19),2+IF(AND('Raw data'!AI19='Real results'!C19,'Raw data'!AJ19='Real results'!D19),2,0),0),0),0) -> 0 | AK20: =IFERROR(IF(AND(ISNUMBER('Real results'!C19),ISNUMBER('Real results'!D19),ISNUMBER('Raw data'!AK19),ISNUMBER('Raw data'!AL19)),IF(SIGN('Raw data'!AK19-'Raw data'!AL19)=SIGN('Real results'!C19-'Real results'!D19),2+IF(AND('Raw data'!AK19='Real results'!C19,'Raw data'!AL19='Real results'!D19),2,0),0),0),0) -> 0 | AM20: =IFERROR(IF(AND(ISNUMBER('Real results'!C19),ISNUMBER('Real results'!D19),ISNUMBER('Raw data'!AM19),ISNUMBER('Raw data'!AN19)),IF(SIGN('Raw data'!AM19-'Raw data'!AN19)=SIGN('Real results'!C19-'Real results'!D19),2+IF(AND('Raw data'!AM19='Real results'!C19,'Raw data'!AN19='Real results'!D19),2,0),0),0),0) -> 0 | AO20: =IFERROR(IF(AND(ISNUMBER('Real results'!C19),ISNUMBER('Real results'!D19),ISNUMBER('Raw data'!AO19),ISNUMBER('Raw data'!AP19)),IF(SIGN('Raw data'!AO19-'Raw data'!AP19)=SIGN('Real results'!C19-'Real results'!D19),2+IF(AND('Raw data'!AO19='Real results'!C19,'Raw data'!AP19='Real results'!D19),2,0),0),0),0) -> 0 | AQ20: =IFERROR(IF(AND(ISNUMBER('Real results'!C19),ISNUMBER('Real results'!D19),ISNUMBER('Raw data'!AQ19),ISNUMBER('Raw data'!AR19)),IF(SIGN('Raw data'!AQ19-'Raw data'!AR19)=SIGN('Real results'!C19-'Real results'!D19),2+IF(AND('Raw data'!AQ19='Real results'!C19,'Raw data'!AR19='Real results'!D19),2,0),0),0),0) -> 0 | AS20: =IFERROR(IF(AND(ISNUMBER('Real results'!C19),ISNUMBER('Real results'!D19),ISNUMBER('Raw data'!AS19),ISNUMBER('Raw data'!AT19)),IF(SIGN('Raw data'!AS19-'Raw data'!AT19)=SIGN('Real results'!C19-'Real results'!D19),2+IF(AND('Raw data'!AS19='Real results'!C19,'Raw data'!AT19='Real results'!D19),2,0),0),0),0) -> 0 | AU20: =IFERROR(IF(AND(ISNUMBER('Real results'!C19),ISNUMBER('Real results'!D19),ISNUMBER('Raw data'!AU19),ISNUMBER('Raw data'!AV19)),IF(SIGN('Raw data'!AU19-'Raw data'!AV19)=SIGN('Real results'!C19-'Real results'!D19),2+IF(AND('Raw data'!AU19='Real results'!C19,'Raw data'!AV19='Real results'!D19),2,0),0),0),0) -> 0 | AW20: =IFERROR(IF(AND(ISNUMBER('Real results'!C19),ISNUMBER('Real results'!D19),ISNUMBER('Raw data'!AW19),ISNUMBER('Raw data'!AX19)),IF(SIGN('Raw data'!AW19-'Raw data'!AX19)=SIGN('Real results'!C19-'Real results'!D19),2+IF(AND('Raw data'!AW19='Real results'!C19,'Raw data'!AX19='Real results'!D19),2,0),0),0),0) -> 0 | AY20: =IFERROR(IF(AND(ISNUMBER('Real results'!C19),ISNUMBER('Real results'!D19),ISNUMBER('Raw data'!AY19),ISNUMBER('Raw data'!AZ19)),IF(SIGN('Raw data'!AY19-'Raw data'!AZ19)=SIGN('Real results'!C19-'Real results'!D19),2+IF(AND('Raw data'!AY19='Real results'!C19,'Raw data'!AZ19='Real results'!D19),2,0),0),0),0) -> 0 | BA20: =IFERROR(IF(AND(ISNUMBER('Real results'!C19),ISNUMBER('Real results'!D19),ISNUMBER('Raw data'!BA19),ISNUMBER('Raw data'!BB19)),IF(SIGN('Raw data'!BA19-'Raw data'!BB19)=SIGN('Real results'!C19-'Real results'!D19),2+IF(AND('Raw data'!BA19='Real results'!C19,'Raw data'!BB19='Real results'!D19),2,0),0),0),0) -> 0 | BC20: =IFERROR(IF(AND(ISNUMBER('Real results'!C19),ISNUMBER('Real results'!D19),ISNUMBER('Raw data'!BC19),ISNUMBER('Raw data'!BD19)),IF(SIGN('Raw data'!BC19-'Raw data'!BD19)=SIGN('Real results'!C19-'Real results'!D19),2+IF(AND('Raw data'!BC19='Real results'!C19,'Raw data'!BD19='Real results'!D19),2,0),0),0),0) -> 0 | BE20: =IFERROR(IF(AND(ISNUMBER('Real results'!C19),ISNUMBER('Real results'!D19),ISNUMBER('Raw data'!BE19),ISNUMBER('Raw data'!BF19)),IF(SIGN('Raw data'!BE19-'Raw data'!BF19)=SIGN('Real results'!C19-'Real results'!D19),2+IF(AND('Raw data'!BE19='Real results'!C19,'Raw data'!BF19='Real results'!D19),2,0),0),0),0) -> 0 | BG20: =IFERROR(IF(AND(ISNUMBER('Real results'!C19),ISNUMBER('Real results'!D19),ISNUMBER('Raw data'!BG19),ISNUMBER('Raw data'!BH19)),IF(SIGN('Raw data'!BG19-'Raw data'!BH19)=SIGN('Real results'!C19-'Real results'!D19),2+IF(AND('Raw data'!BG19='Real results'!C19,'Raw data'!BH19='Real results'!D19),2,0),0),0),0) -> 0 | BI20: =IFERROR(IF(AND(ISNUMBER('Real results'!C19),ISNUMBER('Real results'!D19),ISNUMBER('Raw data'!BI19),ISNUMBER('Raw data'!BJ19)),IF(SIGN('Raw data'!BI19-'Raw data'!BJ19)=SIGN('Real results'!C19-'Real results'!D19),2+IF(AND('Raw data'!BI19='Real results'!C19,'Raw data'!BJ19='Real results'!D19),2,0),0),0),0) -> 0
B21: GC-M2: Haiti vs Scotland | C21: =IFERROR(IF(AND(ISNUMBER('Real results'!C20),ISNUMBER('Real results'!D20),ISNUMBER('Raw data'!C18),ISNUMBER('Raw data'!D18)),IF(SIGN('Raw data'!C18-'Raw data'!D18)=SIGN('Real results'!C20-'Real results'!D20),2+IF(AND('Raw data'!C18='Real results'!C20,'Raw data'!D18='Real results'!D20),2,0),0),0),0) -> 0 | E21: =IFERROR(IF(AND(ISNUMBER('Real results'!C20),ISNUMBER('Real results'!D20),ISNUMBER('Raw data'!E19),ISNUMBER('Raw data'!F19)),IF(SIGN('Raw data'!E19-'Raw data'!F19)=SIGN('Real results'!C20-'Real results'!D20),2+IF(AND('Raw data'!E19='Real results'!C20,'Raw data'!F19='Real results'!D20),2,0),0),0),0) -> 0 | G21: =IFERROR(IF(AND(ISNUMBER('Real results'!C20),ISNUMBER('Real results'!D20),ISNUMBER('Raw data'!G20),ISNUMBER('Raw data'!H20)),IF(SIGN('Raw data'!G20-'Raw data'!H20)=SIGN('Real results'!C20-'Real results'!D20),2+IF(AND('Raw data'!G20='Real results'!C20,'Raw data'!H20='Real results'!D20),2,0),0),0),0) -> 2 | I21: =IFERROR(IF(AND(ISNUMBER('Real results'!C20),ISNUMBER('Real results'!D20),ISNUMBER('Raw data'!I20),ISNUMBER('Raw data'!J20)),IF(SIGN('Raw data'!I20-'Raw data'!J20)=SIGN('Real results'!C20-'Real results'!D20),2+IF(AND('Raw data'!I20='Real results'!C20,'Raw data'!J20='Real results'!D20),2,0),0),0),0) -> 2 | K21: =IFERROR(IF(AND(ISNUMBER('Real results'!C20),ISNUMBER('Real results'!D20),ISNUMBER('Raw data'!K20),ISNUMBER('Raw data'!L20)),IF(SIGN('Raw data'!K20-'Raw data'!L20)=SIGN('Real results'!C20-'Real results'!D20),2+IF(AND('Raw data'!K20='Real results'!C20,'Raw data'!L20='Real results'!D20),2,0),0),0),0) -> 2 | M21: =IFERROR(IF(AND(ISNUMBER('Real results'!C20),ISNUMBER('Real results'!D20),ISNUMBER('Raw data'!M20),ISNUMBER('Raw data'!N20)),IF(SIGN('Raw data'!M20-'Raw data'!N20)=SIGN('Real results'!C20-'Real results'!D20),2+IF(AND('Raw data'!M20='Real results'!C20,'Raw data'!N20='Real results'!D20),2,0),0),0),0) -> 0 | O21: =IFERROR(IF(AND(ISNUMBER('Real results'!C20),ISNUMBER('Real results'!D20),ISNUMBER('Raw data'!O20),ISNUMBER('Raw data'!P20)),IF(SIGN('Raw data'!O20-'Raw data'!P20)=SIGN('Real results'!C20-'Real results'!D20),2+IF(AND('Raw data'!O20='Real results'!C20,'Raw data'!P20='Real results'!D20),2,0),0),0),0) -> 0 | Q21: =IFERROR(IF(AND(ISNUMBER('Real results'!C20),ISNUMBER('Real results'!D20),ISNUMBER('Raw data'!Q20),ISNUMBER('Raw data'!R20)),IF(SIGN('Raw data'!Q20-'Raw data'!R20)=SIGN('Real results'!C20-'Real results'!D20),2+IF(AND('Raw data'!Q20='Real results'!C20,'Raw data'!R20='Real results'!D20),2,0),0),0),0) -> 0 | S21: =IFERROR(IF(AND(ISNUMBER('Real results'!C20),ISNUMBER('Real results'!D20),ISNUMBER('Raw data'!S20),ISNUMBER('Raw data'!T20)),IF(SIGN('Raw data'!S20-'Raw data'!T20)=SIGN('Real results'!C20-'Real results'!D20),2+IF(AND('Raw data'!S20='Real results'!C20,'Raw data'!T20='Real results'!D20),2,0),0),0),0) -> 0 | U21: =IFERROR(IF(AND(ISNUMBER('Real results'!C20),ISNUMBER('Real results'!D20),ISNUMBER('Raw data'!U20),ISNUMBER('Raw data'!V20)),IF(SIGN('Raw data'!U20-'Raw data'!V20)=SIGN('Real results'!C20-'Real results'!D20),2+IF(AND('Raw data'!U20='Real results'!C20,'Raw data'!V20='Real results'!D20),2,0),0),0),0) -> 0 | W21: =IFERROR(IF(AND(ISNUMBER('Real results'!C20),ISNUMBER('Real results'!D20),ISNUMBER('Raw data'!W20),ISNUMBER('Raw data'!X20)),IF(SIGN('Raw data'!W20-'Raw data'!X20)=SIGN('Real results'!C20-'Real results'!D20),2+IF(AND('Raw data'!W20='Real results'!C20,'Raw data'!X20='Real results'!D20),2,0),0),0),0) -> 0 | Y21: =IFERROR(IF(AND(ISNUMBER('Real results'!C20),ISNUMBER('Real results'!D20),ISNUMBER('Raw data'!Y20),ISNUMBER('Raw data'!Z20)),IF(SIGN('Raw data'!Y20-'Raw data'!Z20)=SIGN('Real results'!C20-'Real results'!D20),2+IF(AND('Raw data'!Y20='Real results'!C20,'Raw data'!Z20='Real results'!D20),2,0),0),0),0) -> 0 | AA21: =IFERROR(IF(AND(ISNUMBER('Real results'!C20),ISNUMBER('Real results'!D20),ISNUMBER('Raw data'!AA20),ISNUMBER('Raw data'!AB20)),IF(SIGN('Raw data'!AA20-'Raw data'!AB20)=SIGN('Real results'!C20-'Real results'!D20),2+IF(AND('Raw data'!AA20='Real results'!C20,'Raw data'!AB20='Real results'!D20),2,0),0),0),0) -> 0 | AC21: =IFERROR(IF(AND(ISNUMBER('Real results'!C20),ISNUMBER('Real results'!D20),ISNUMBER('Raw data'!AC20),ISNUMBER('Raw data'!AD20)),IF(SIGN('Raw data'!AC20-'Raw data'!AD20)=SIGN('Real results'!C20-'Real results'!D20),2+IF(AND('Raw data'!AC20='Real results'!C20,'Raw data'!AD20='Real results'!D20),2,0),0),0),0) -> 0 | AE21: =IFERROR(IF(AND(ISNUMBER('Real results'!C20),ISNUMBER('Real results'!D20),ISNUMBER('Raw data'!AE20),ISNUMBER('Raw data'!AF20)),IF(SIGN('Raw data'!AE20-'Raw data'!AF20)=SIGN('Real results'!C20-'Real results'!D20),2+IF(AND('Raw data'!AE20='Real results'!C20,'Raw data'!AF20='Real results'!D20),2,0),0),0),0) -> 0 | AG21: =IFERROR(IF(AND(ISNUMBER('Real results'!C20),ISNUMBER('Real results'!D20),ISNUMBER('Raw data'!AG20),ISNUMBER('Raw data'!AH20)),IF(SIGN('Raw data'!AG20-'Raw data'!AH20)=SIGN('Real results'!C20-'Real results'!D20),2+IF(AND('Raw data'!AG20='Real results'!C20,'Raw data'!AH20='Real results'!D20),2,0),0),0),0) -> 0 | AI21: =IFERROR(IF(AND(ISNUMBER('Real results'!C20),ISNUMBER('Real results'!D20),ISNUMBER('Raw data'!AI20),ISNUMBER('Raw data'!AJ20)),IF(SIGN('Raw data'!AI20-'Raw data'!AJ20)=SIGN('Real results'!C20-'Real results'!D20),2+IF(AND('Raw data'!AI20='Real results'!C20,'Raw data'!AJ20='Real results'!D20),2,0),0),0),0) -> 0 | AK21: =IFERROR(IF(AND(ISNUMBER('Real results'!C20),ISNUMBER('Real results'!D20),ISNUMBER('Raw data'!AK20),ISNUMBER('Raw data'!AL20)),IF(SIGN('Raw data'!AK20-'Raw data'!AL20)=SIGN('Real results'!C20-'Real results'!D20),2+IF(AND('Raw data'!AK20='Real results'!C20,'Raw data'!AL20='Real results'!D20),2,0),0),0),0) -> 0 | AM21: =IFERROR(IF(AND(ISNUMBER('Real results'!C20),ISNUMBER('Real results'!D20),ISNUMBER('Raw data'!AM20),ISNUMBER('Raw data'!AN20)),IF(SIGN('Raw data'!AM20-'Raw data'!AN20)=SIGN('Real results'!C20-'Real results'!D20),2+IF(AND('Raw data'!AM20='Real results'!C20,'Raw data'!AN20='Real results'!D20),2,0),0),0),0) -> 0 | AO21: =IFERROR(IF(AND(ISNUMBER('Real results'!C20),ISNUMBER('Real results'!D20),ISNUMBER('Raw data'!AO20),ISNUMBER('Raw data'!AP20)),IF(SIGN('Raw data'!AO20-'Raw data'!AP20)=SIGN('Real results'!C20-'Real results'!D20),2+IF(AND('Raw data'!AO20='Real results'!C20,'Raw data'!AP20='Real results'!D20),2,0),0),0),0) -> 0 | AQ21: =IFERROR(IF(AND(ISNUMBER('Real results'!C20),ISNUMBER('Real results'!D20),ISNUMBER('Raw data'!AQ20),ISNUMBER('Raw data'!AR20)),IF(SIGN('Raw data'!AQ20-'Raw data'!AR20)=SIGN('Real results'!C20-'Real results'!D20),2+IF(AND('Raw data'!AQ20='Real results'!C20,'Raw data'!AR20='Real results'!D20),2,0),0),0),0) -> 0 | AS21: =IFERROR(IF(AND(ISNUMBER('Real results'!C20),ISNUMBER('Real results'!D20),ISNUMBER('Raw data'!AS20),ISNUMBER('Raw data'!AT20)),IF(SIGN('Raw data'!AS20-'Raw data'!AT20)=SIGN('Real results'!C20-'Real results'!D20),2+IF(AND('Raw data'!AS20='Real results'!C20,'Raw data'!AT20='Real results'!D20),2,0),0),0),0) -> 0 | AU21: =IFERROR(IF(AND(ISNUMBER('Real results'!C20),ISNUMBER('Real results'!D20),ISNUMBER('Raw data'!AU20),ISNUMBER('Raw data'!AV20)),IF(SIGN('Raw data'!AU20-'Raw data'!AV20)=SIGN('Real results'!C20-'Real results'!D20),2+IF(AND('Raw data'!AU20='Real results'!C20,'Raw data'!AV20='Real results'!D20),2,0),0),0),0) -> 0 | AW21: =IFERROR(IF(AND(ISNUMBER('Real results'!C20),ISNUMBER('Real results'!D20),ISNUMBER('Raw data'!AW20),ISNUMBER('Raw data'!AX20)),IF(SIGN('Raw data'!AW20-'Raw data'!AX20)=SIGN('Real results'!C20-'Real results'!D20),2+IF(AND('Raw data'!AW20='Real results'!C20,'Raw data'!AX20='Real results'!D20),2,0),0),0),0) -> 0 | AY21: =IFERROR(IF(AND(ISNUMBER('Real results'!C20),ISNUMBER('Real results'!D20),ISNUMBER('Raw data'!AY20),ISNUMBER('Raw data'!AZ20)),IF(SIGN('Raw data'!AY20-'Raw data'!AZ20)=SIGN('Real results'!C20-'Real results'!D20),2+IF(AND('Raw data'!AY20='Real results'!C20,'Raw data'!AZ20='Real results'!D20),2,0),0),0),0) -> 0 | BA21: =IFERROR(IF(AND(ISNUMBER('Real results'!C20),ISNUMBER('Real results'!D20),ISNUMBER('Raw data'!BA20),ISNUMBER('Raw data'!BB20)),IF(SIGN('Raw data'!BA20-'Raw data'!BB20)=SIGN('Real results'!C20-'Real results'!D20),2+IF(AND('Raw data'!BA20='Real results'!C20,'Raw data'!BB20='Real results'!D20),2,0),0),0),0) -> 0 | BC21: =IFERROR(IF(AND(ISNUMBER('Real results'!C20),ISNUMBER('Real results'!D20),ISNUMBER('Raw data'!BC20),ISNUMBER('Raw data'!BD20)),IF(SIGN('Raw data'!BC20-'Raw data'!BD20)=SIGN('Real results'!C20-'Real results'!D20),2+IF(AND('Raw data'!BC20='Real results'!C20,'Raw data'!BD20='Real results'!D20),2,0),0),0),0) -> 0 | BE21: =IFERROR(IF(AND(ISNUMBER('Real results'!C20),ISNUMBER('Real results'!D20),ISNUMBER('Raw data'!BE20),ISNUMBER('Raw data'!BF20)),IF(SIGN('Raw data'!BE20-'Raw data'!BF20)=SIGN('Real results'!C20-'Real results'!D20),2+IF(AND('Raw data'!BE20='Real results'!C20,'Raw data'!BF20='Real results'!D20),2,0),0),0),0) -> 0 | BG21: =IFERROR(IF(AND(ISNUMBER('Real results'!C20),ISNUMBER('Real results'!D20),ISNUMBER('Raw data'!BG20),ISNUMBER('Raw data'!BH20)),IF(SIGN('Raw data'!BG20-'Raw data'!BH20)=SIGN('Real results'!C20-'Real results'!D20),2+IF(AND('Raw data'!BG20='Real results'!C20,'Raw data'!BH20='Real results'!D20),2,0),0),0),0) -> 0 | BI21: =IFERROR(IF(AND(ISNUMBER('Real results'!C20),ISNUMBER('Real results'!D20),ISNUMBER('Raw data'!BI20),ISNUMBER('Raw data'!BJ20)),IF(SIGN('Raw data'!BI20-'Raw data'!BJ20)=SIGN('Real results'!C20-'Real results'!D20),2+IF(AND('Raw data'!BI20='Real results'!C20,'Raw data'!BJ20='Real results'!D20),2,0),0),0),0) -> 0
... B79: GL-M6: Panama vs England | C79: =IFERROR(IF(AND(ISNUMBER('Real results'!C78),ISNUMBER('Real results'!D78),ISNUMBER('Raw data'!C76),ISNUMBER('Raw data'!D76)),IF(SIGN('Raw data'!C76-'Raw data'!D76)=SIGN('Real results'!C78-'Real results'!D78),2+IF(AND('Raw data'!C76='Real results'!C78,'Raw data'!D76='Real results'!D78),2,0),0),0),0) -> 4 | E79: =IFERROR(IF(AND(ISNUMBER('Real results'!C78),ISNUMBER('Real results'!D78),ISNUMBER('Raw data'!E77),ISNUMBER('Raw data'!F77)),IF(SIGN('Raw data'!E77-'Raw data'!F77)=SIGN('Real results'!C78-'Real results'!D78),2+IF(AND('Raw data'!E77='Real results'!C78,'Raw data'!F77='Real results'!D78),2,0),0),0),0) -> 0 | G79: =IFERROR(IF(AND(ISNUMBER('Real results'!C78),ISNUMBER('Real results'!D78),ISNUMBER('Raw data'!G78),ISNUMBER('Raw data'!H78)),IF(SIGN('Raw data'!G78-'Raw data'!H78)=SIGN('Real results'!C78-'Real results'!D78),2+IF(AND('Raw data'!G78='Real results'!C78,'Raw data'!H78='Real results'!D78),2,0),0),0),0) -> 2 | I79: =IFERROR(IF(AND(ISNUMBER('Real results'!C78),ISNUMBER('Real results'!D78),ISNUMBER('Raw data'!I78),ISNUMBER('Raw data'!J78)),IF(SIGN('Raw data'!I78-'Raw data'!J78)=SIGN('Real results'!C78-'Real results'!D78),2+IF(AND('Raw data'!I78='Real results'!C78,'Raw data'!J78='Real results'!D78),2,0),0),0),0) -> 2 | K79: =IFERROR(IF(AND(ISNUMBER('Real results'!C78),ISNUMBER('Real results'!D78),ISNUMBER('Raw data'!K78),ISNUMBER('Raw data'!L78)),IF(SIGN('Raw data'!K78-'Raw data'!L78)=SIGN('Real results'!C78-'Real results'!D78),2+IF(AND('Raw data'!K78='Real results'!C78,'Raw data'!L78='Real results'!D78),2,0),0),0),0) -> 2 | M79: =IFERROR(IF(AND(ISNUMBER('Real results'!C78),ISNUMBER('Real results'!D78),ISNUMBER('Raw data'!M78),ISNUMBER('Raw data'!N78)),IF(SIGN('Raw data'!M78-'Raw data'!N78)=SIGN('Real results'!C78-'Real results'!D78),2+IF(AND('Raw data'!M78='Real results'!C78,'Raw data'!N78='Real results'!D78),2,0),0),0),0) -> 0 | O79: =IFERROR(IF(AND(ISNUMBER('Real results'!C78),ISNUMBER('Real results'!D78),ISNUMBER('Raw data'!O78),ISNUMBER('Raw data'!P78)),IF(SIGN('Raw data'!O78-'Raw data'!P78)=SIGN('Real results'!C78-'Real results'!D78),2+IF(AND('Raw data'!O78='Real results'!C78,'Raw data'!P78='Real results'!D78),2,0),0),0),0) -> 0 | Q79: =IFERROR(IF(AND(ISNUMBER('Real results'!C78),ISNUMBER('Real results'!D78),ISNUMBER('Raw data'!Q78),ISNUMBER('Raw data'!R78)),IF(SIGN('Raw data'!Q78-'Raw data'!R78)=SIGN('Real results'!C78-'Real results'!D78),2+IF(AND('Raw data'!Q78='Real results'!C78,'Raw data'!R78='Real results'!D78),2,0),0),0),0) -> 0 | S79: =IFERROR(IF(AND(ISNUMBER('Real results'!C78),ISNUMBER('Real results'!D78),ISNUMBER('Raw data'!S78),ISNUMBER('Raw data'!T78)),IF(SIGN('Raw data'!S78-'Raw data'!T78)=SIGN('Real results'!C78-'Real results'!D78),2+IF(AND('Raw data'!S78='Real results'!C78,'Raw data'!T78='Real results'!D78),2,0),0),0),0) -> 0 | U79: =IFERROR(IF(AND(ISNUMBER('Real results'!C78),ISNUMBER('Real results'!D78),ISNUMBER('Raw data'!U78),ISNUMBER('Raw data'!V78)),IF(SIGN('Raw data'!U78-'Raw data'!V78)=SIGN('Real results'!C78-'Real results'!D78),2+IF(AND('Raw data'!U78='Real results'!C78,'Raw data'!V78='Real results'!D78),2,0),0),0),0) -> 0 | W79: =IFERROR(IF(AND(ISNUMBER('Real results'!C78),ISNUMBER('Real results'!D78),ISNUMBER('Raw data'!W78),ISNUMBER('Raw data'!X78)),IF(SIGN('Raw data'!W78-'Raw data'!X78)=SIGN('Real results'!C78-'Real results'!D78),2+IF(AND('Raw data'!W78='Real results'!C78,'Raw data'!X78='Real results'!D78),2,0),0),0),0) -> 0 | Y79: =IFERROR(IF(AND(ISNUMBER('Real results'!C78),ISNUMBER('Real results'!D78),ISNUMBER('Raw data'!Y78),ISNUMBER('Raw data'!Z78)),IF(SIGN('Raw data'!Y78-'Raw data'!Z78)=SIGN('Real results'!C78-'Real results'!D78),2+IF(AND('Raw data'!Y78='Real results'!C78,'Raw data'!Z78='Real results'!D78),2,0),0),0),0) -> 0 | AA79: =IFERROR(IF(AND(ISNUMBER('Real results'!C78),ISNUMBER('Real results'!D78),ISNUMBER('Raw data'!AA78),ISNUMBER('Raw data'!AB78)),IF(SIGN('Raw data'!AA78-'Raw data'!AB78)=SIGN('Real results'!C78-'Real results'!D78),2+IF(AND('Raw data'!AA78='Real results'!C78,'Raw data'!AB78='Real results'!D78),2,0),0),0),0) -> 0 | AC79: =IFERROR(IF(AND(ISNUMBER('Real results'!C78),ISNUMBER('Real results'!D78),ISNUMBER('Raw data'!AC78),ISNUMBER('Raw data'!AD78)),IF(SIGN('Raw data'!AC78-'Raw data'!AD78)=SIGN('Real results'!C78-'Real results'!D78),2+IF(AND('Raw data'!AC78='Real results'!C78,'Raw data'!AD78='Real results'!D78),2,0),0),0),0) -> 0 | AE79: =IFERROR(IF(AND(ISNUMBER('Real results'!C78),ISNUMBER('Real results'!D78),ISNUMBER('Raw data'!AE78),ISNUMBER('Raw data'!AF78)),IF(SIGN('Raw data'!AE78-'Raw data'!AF78)=SIGN('Real results'!C78-'Real results'!D78),2+IF(AND('Raw data'!AE78='Real results'!C78,'Raw data'!AF78='Real results'!D78),2,0),0),0),0) -> 0 | AG79: =IFERROR(IF(AND(ISNUMBER('Real results'!C78),ISNUMBER('Real results'!D78),ISNUMBER('Raw data'!AG78),ISNUMBER('Raw data'!AH78)),IF(SIGN('Raw data'!AG78-'Raw data'!AH78)=SIGN('Real results'!C78-'Real results'!D78),2+IF(AND('Raw data'!AG78='Real results'!C78,'Raw data'!AH78='Real results'!D78),2,0),0),0),0) -> 0 | AI79: =IFERROR(IF(AND(ISNUMBER('Real results'!C78),ISNUMBER('Real results'!D78),ISNUMBER('Raw data'!AI78),ISNUMBER('Raw data'!AJ78)),IF(SIGN('Raw data'!AI78-'Raw data'!AJ78)=SIGN('Real results'!C78-'Real results'!D78),2+IF(AND('Raw data'!AI78='Real results'!C78,'Raw data'!AJ78='Real results'!D78),2,0),0),0),0) -> 0 | AK79: =IFERROR(IF(AND(ISNUMBER('Real results'!C78),ISNUMBER('Real results'!D78),ISNUMBER('Raw data'!AK78),ISNUMBER('Raw data'!AL78)),IF(SIGN('Raw data'!AK78-'Raw data'!AL78)=SIGN('Real results'!C78-'Real results'!D78),2+IF(AND('Raw data'!AK78='Real results'!C78,'Raw data'!AL78='Real results'!D78),2,0),0),0),0) -> 0 | AM79: =IFERROR(IF(AND(ISNUMBER('Real results'!C78),ISNUMBER('Real results'!D78),ISNUMBER('Raw data'!AM78),ISNUMBER('Raw data'!AN78)),IF(SIGN('Raw data'!AM78-'Raw data'!AN78)=SIGN('Real results'!C78-'Real results'!D78),2+IF(AND('Raw data'!AM78='Real results'!C78,'Raw data'!AN78='Real results'!D78),2,0),0),0),0) -> 0 | AO79: =IFERROR(IF(AND(ISNUMBER('Real results'!C78),ISNUMBER('Real results'!D78),ISNUMBER('Raw data'!AO78),ISNUMBER('Raw data'!AP78)),IF(SIGN('Raw data'!AO78-'Raw data'!AP78)=SIGN('Real results'!C78-'Real results'!D78),2+IF(AND('Raw data'!AO78='Real results'!C78,'Raw data'!AP78='Real results'!D78),2,0),0),0),0) -> 0 | AQ79: =IFERROR(IF(AND(ISNUMBER('Real results'!C78),ISNUMBER('Real results'!D78),ISNUMBER('Raw data'!AQ78),ISNUMBER('Raw data'!AR78)),IF(SIGN('Raw data'!AQ78-'Raw data'!AR78)=SIGN('Real results'!C78-'Real results'!D78),2+IF(AND('Raw data'!AQ78='Real results'!C78,'Raw data'!AR78='Real results'!D78),2,0),0),0),0) -> 0 | AS79: =IFERROR(IF(AND(ISNUMBER('Real results'!C78),ISNUMBER('Real results'!D78),ISNUMBER('Raw data'!AS78),ISNUMBER('Raw data'!AT78)),IF(SIGN('Raw data'!AS78-'Raw data'!AT78)=SIGN('Real results'!C78-'Real results'!D78),2+IF(AND('Raw data'!AS78='Real results'!C78,'Raw data'!AT78='Real results'!D78),2,0),0),0),0) -> 0 | AU79: =IFERROR(IF(AND(ISNUMBER('Real results'!C78),ISNUMBER('Real results'!D78),ISNUMBER('Raw data'!AU78),ISNUMBER('Raw data'!AV78)),IF(SIGN('Raw data'!AU78-'Raw data'!AV78)=SIGN('Real results'!C78-'Real results'!D78),2+IF(AND('Raw data'!AU78='Real results'!C78,'Raw data'!AV78='Real results'!D78),2,0),0),0),0) -> 0 | AW79: =IFERROR(IF(AND(ISNUMBER('Real results'!C78),ISNUMBER('Real results'!D78),ISNUMBER('Raw data'!AW78),ISNUMBER('Raw data'!AX78)),IF(SIGN('Raw data'!AW78-'Raw data'!AX78)=SIGN('Real results'!C78-'Real results'!D78),2+IF(AND('Raw data'!AW78='Real results'!C78,'Raw data'!AX78='Real results'!D78),2,0),0),0),0) -> 0 | AY79: =IFERROR(IF(AND(ISNUMBER('Real results'!C78),ISNUMBER('Real results'!D78),ISNUMBER('Raw data'!AY78),ISNUMBER('Raw data'!AZ78)),IF(SIGN('Raw data'!AY78-'Raw data'!AZ78)=SIGN('Real results'!C78-'Real results'!D78),2+IF(AND('Raw data'!AY78='Real results'!C78,'Raw data'!AZ78='Real results'!D78),2,0),0),0),0) -> 0 | BA79: =IFERROR(IF(AND(ISNUMBER('Real results'!C78),ISNUMBER('Real results'!D78),ISNUMBER('Raw data'!BA78),ISNUMBER('Raw data'!BB78)),IF(SIGN('Raw data'!BA78-'Raw data'!BB78)=SIGN('Real results'!C78-'Real results'!D78),2+IF(AND('Raw data'!BA78='Real results'!C78,'Raw data'!BB78='Real results'!D78),2,0),0),0),0) -> 0 | BC79: =IFERROR(IF(AND(ISNUMBER('Real results'!C78),ISNUMBER('Real results'!D78),ISNUMBER('Raw data'!BC78),ISNUMBER('Raw data'!BD78)),IF(SIGN('Raw data'!BC78-'Raw data'!BD78)=SIGN('Real results'!C78-'Real results'!D78),2+IF(AND('Raw data'!BC78='Real results'!C78,'Raw data'!BD78='Real results'!D78),2,0),0),0),0) -> 0 | BE79: =IFERROR(IF(AND(ISNUMBER('Real results'!C78),ISNUMBER('Real results'!D78),ISNUMBER('Raw data'!BE78),ISNUMBER('Raw data'!BF78)),IF(SIGN('Raw data'!BE78-'Raw data'!BF78)=SIGN('Real results'!C78-'Real results'!D78),2+IF(AND('Raw data'!BE78='Real results'!C78,'Raw data'!BF78='Real results'!D78),2,0),0),0),0) -> 0 | BG79: =IFERROR(IF(AND(ISNUMBER('Real results'!C78),ISNUMBER('Real results'!D78),ISNUMBER('Raw data'!BG78),ISNUMBER('Raw data'!BH78)),IF(SIGN('Raw data'!BG78-'Raw data'!BH78)=SIGN('Real results'!C78-'Real results'!D78),2+IF(AND('Raw data'!BG78='Real results'!C78,'Raw data'!BH78='Real results'!D78),2,0),0),0),0) -> 0 | BI79: =IFERROR(IF(AND(ISNUMBER('Real results'!C78),ISNUMBER('Real results'!D78),ISNUMBER('Raw data'!BI78),ISNUMBER('Raw data'!BJ78)),IF(SIGN('Raw data'!BI78-'Raw data'!BJ78)=SIGN('Real results'!C78-'Real results'!D78),2+IF(AND('Raw data'!BI78='Real results'!C78,'Raw data'!BJ78='Real results'!D78),2,0),0),0),0) -> 0
B80: Subtotal group matches | C80: =SUM(C8:C79) -> 64 | E80: =SUM(E8:E79) -> 58 | G80: =SUM(G8:G79) -> 88 | I80: =SUM(I8:I79) -> 94 | K80: =SUM(K8:K79) -> 94 | M80: =SUM(M8:M79) -> 0 | O80: =SUM(O8:O79) -> 0 | Q80: =SUM(Q8:Q79) -> 0 | S80: =SUM(S8:S79) -> 0 | U80: =SUM(U8:U79) -> 0 | W80: =SUM(W8:W79) -> 0 | Y80: =SUM(Y8:Y79) -> 0 | AA80: =SUM(AA8:AA79) -> 0 | AC80: =SUM(AC8:AC79) -> 0 | AE80: =SUM(AE8:AE79) -> 0 | AG80: =SUM(AG8:AG79) -> 0 | AI80: =SUM(AI8:AI79) -> 0 | AK80: =SUM(AK8:AK79) -> 0 | AM80: =SUM(AM8:AM79) -> 0 | AO80: =SUM(AO8:AO79) -> 0 | AQ80: =SUM(AQ8:AQ79) -> 0 | AS80: =SUM(AS8:AS79) -> 0 | AU80: =SUM(AU8:AU79) -> 0 | AW80: =SUM(AW8:AW79) -> 0 | AY80: =SUM(AY8:AY79) -> 0 | BA80: =SUM(BA8:BA79) -> 0 | BC80: =SUM(BC8:BC79) -> 0 | BE80: =SUM(BE8:BE79) -> 0 | BG80: =SUM(BG8:BG79) -> 0 | BI80: =SUM(BI8:BI79) -> 0
B81: GROUP STANDINGS
B82: Group A - 1st | C82: =IFERROR(IF('Raw data'!C79<>"",IF(OR(UPPER(TRIM('Raw data'!C79))=UPPER(TRIM('Real results'!C80)),UPPER(TRIM('Raw data'!C79))=UPPER(TRIM('Real results'!C81)),UPPER(TRIM('Raw data'!C79))=UPPER(TRIM('Real results'!C82))),1,0)+IF(UPPER(TRIM('Raw data'!C79))=UPPER(TRIM('Real results'!C80)),2,0),0),0) -> 0 | E82: =IFERROR(IF('Raw data'!E80<>"",IF(OR(UPPER(TRIM('Raw data'!E80))=UPPER(TRIM('Real results'!C80)),UPPER(TRIM('Raw data'!E80))=UPPER(TRIM('Real results'!C81)),UPPER(TRIM('Raw data'!E80))=UPPER(TRIM('Real results'!C82))),1,0)+IF(UPPER(TRIM('Raw data'!E80))=UPPER(TRIM('Real results'!C80)),2,0),0),0) -> 0 | G82: =IFERROR(IF('Raw data'!G80<>"",IF(OR(UPPER(TRIM('Raw data'!G80))=UPPER(TRIM('Real results'!C80)),UPPER(TRIM('Raw data'!G80))=UPPER(TRIM('Real results'!C81)),UPPER(TRIM('Raw data'!G80))=UPPER(TRIM('Real results'!C82))),1,0)+IF(UPPER(TRIM('Raw data'!G80))=UPPER(TRIM('Real results'!C80)),2,0),0),0) -> 0 | I82: =IFERROR(IF('Raw data'!I80<>"",IF(OR(UPPER(TRIM('Raw data'!I80))=UPPER(TRIM('Real results'!C80)),UPPER(TRIM('Raw data'!I80))=UPPER(TRIM('Real results'!C81)),UPPER(TRIM('Raw data'!I80))=UPPER(TRIM('Real results'!C82))),1,0)+IF(UPPER(TRIM('Raw data'!I80))=UPPER(TRIM('Real results'!C80)),2,0),0),0) -> 0 | K82: =IFERROR(IF('Raw data'!K80<>"",IF(OR(UPPER(TRIM('Raw data'!K80))=UPPER(TRIM('Real results'!C80)),UPPER(TRIM('Raw data'!K80))=UPPER(TRIM('Real results'!C81)),UPPER(TRIM('Raw data'!K80))=UPPER(TRIM('Real results'!C82))),1,0)+IF(UPPER(TRIM('Raw data'!K80))=UPPER(TRIM('Real results'!C80)),2,0),0),0) -> 0 | M82: =IFERROR(IF('Raw data'!M80<>"",IF(OR(UPPER(TRIM('Raw data'!M80))=UPPER(TRIM('Real results'!C80)),UPPER(TRIM('Raw data'!M80))=UPPER(TRIM('Real results'!C81)),UPPER(TRIM('Raw data'!M80))=UPPER(TRIM('Real results'!C82))),1,0)+IF(UPPER(TRIM('Raw data'!M80))=UPPER(TRIM('Real results'!C80)),2,0),0),0) -> 0 | O82: =IFERROR(IF('Raw data'!O80<>"",IF(OR(UPPER(TRIM('Raw data'!O80))=UPPER(TRIM('Real results'!C80)),UPPER(TRIM('Raw data'!O80))=UPPER(TRIM('Real results'!C81)),UPPER(TRIM('Raw data'!O80))=UPPER(TRIM('Real results'!C82))),1,0)+IF(UPPER(TRIM('Raw data'!O80))=UPPER(TRIM('Real results'!C80)),2,0),0),0) -> 0 | Q82: =IFERROR(IF('Raw data'!Q80<>"",IF(OR(UPPER(TRIM('Raw data'!Q80))=UPPER(TRIM('Real results'!C80)),UPPER(TRIM('Raw data'!Q80))=UPPER(TRIM('Real results'!C81)),UPPER(TRIM('Raw data'!Q80))=UPPER(TRIM('Real results'!C82))),1,0)+IF(UPPER(TRIM('Raw data'!Q80))=UPPER(TRIM('Real results'!C80)),2,0),0),0) -> 0 | S82: =IFERROR(IF('Raw data'!S80<>"",IF(OR(UPPER(TRIM('Raw data'!S80))=UPPER(TRIM('Real results'!C80)),UPPER(TRIM('Raw data'!S80))=UPPER(TRIM('Real results'!C81)),UPPER(TRIM('Raw data'!S80))=UPPER(TRIM('Real results'!C82))),1,0)+IF(UPPER(TRIM('Raw data'!S80))=UPPER(TRIM('Real results'!C80)),2,0),0),0) -> 0 | U82: =IFERROR(IF('Raw data'!U80<>"",IF(OR(UPPER(TRIM('Raw data'!U80))=UPPER(TRIM('Real results'!C80)),UPPER(TRIM('Raw data'!U80))=UPPER(TRIM('Real results'!C81)),UPPER(TRIM('Raw data'!U80))=UPPER(TRIM('Real results'!C82))),1,0)+IF(UPPER(TRIM('Raw data'!U80))=UPPER(TRIM('Real results'!C80)),2,0),0),0) -> 0 | W82: =IFERROR(IF('Raw data'!W80<>"",IF(OR(UPPER(TRIM('Raw data'!W80))=UPPER(TRIM('Real results'!C80)),UPPER(TRIM('Raw data'!W80))=UPPER(TRIM('Real results'!C81)),UPPER(TRIM('Raw data'!W80))=UPPER(TRIM('Real results'!C82))),1,0)+IF(UPPER(TRIM('Raw data'!W80))=UPPER(TRIM('Real results'!C80)),2,0),0),0) -> 0 | Y82: =IFERROR(IF('Raw data'!Y80<>"",IF(OR(UPPER(TRIM('Raw data'!Y80))=UPPER(TRIM('Real results'!C80)),UPPER(TRIM('Raw data'!Y80))=UPPER(TRIM('Real results'!C81)),UPPER(TRIM('Raw data'!Y80))=UPPER(TRIM('Real results'!C82))),1,0)+IF(UPPER(TRIM('Raw data'!Y80))=UPPER(TRIM('Real results'!C80)),2,0),0),0) -> 0 | AA82: =IFERROR(IF('Raw data'!AA80<>"",IF(OR(UPPER(TRIM('Raw data'!AA80))=UPPER(TRIM('Real results'!C80)),UPPER(TRIM('Raw data'!AA80))=UPPER(TRIM('Real results'!C81)),UPPER(TRIM('Raw data'!AA80))=UPPER(TRIM('Real results'!C82))),1,0)+IF(UPPER(TRIM('Raw data'!AA80))=UPPER(TRIM('Real results'!C80)),2,0),0),0) -> 0 | AC82: =IFERROR(IF('Raw data'!AC80<>"",IF(OR(UPPER(TRIM('Raw data'!AC80))=UPPER(TRIM('Real results'!C80)),UPPER(TRIM('Raw data'!AC80))=UPPER(TRIM('Real results'!C81)),UPPER(TRIM('Raw data'!AC80))=UPPER(TRIM('Real results'!C82))),1,0)+IF(UPPER(TRIM('Raw data'!AC80))=UPPER(TRIM('Real results'!C80)),2,0),0),0) -> 0 | AE82: =IFERROR(IF('Raw data'!AE80<>"",IF(OR(UPPER(TRIM('Raw data'!AE80))=UPPER(TRIM('Real results'!C80)),UPPER(TRIM('Raw data'!AE80))=UPPER(TRIM('Real results'!C81)),UPPER(TRIM('Raw data'!AE80))=UPPER(TRIM('Real results'!C82))),1,0)+IF(UPPER(TRIM('Raw data'!AE80))=UPPER(TRIM('Real results'!C80)),2,0),0),0) -> 0 | AG82: =IFERROR(IF('Raw data'!AG80<>"",IF(OR(UPPER(TRIM('Raw data'!AG80))=UPPER(TRIM('Real results'!C80)),UPPER(TRIM('Raw data'!AG80))=UPPER(TRIM('Real results'!C81)),UPPER(TRIM('Raw data'!AG80))=UPPER(TRIM('Real results'!C82))),1,0)+IF(UPPER(TRIM('Raw data'!AG80))=UPPER(TRIM('Real results'!C80)),2,0),0),0) -> 0 | AI82: =IFERROR(IF('Raw data'!AI80<>"",IF(OR(UPPER(TRIM('Raw data'!AI80))=UPPER(TRIM('Real results'!C80)),UPPER(TRIM('Raw data'!AI80))=UPPER(TRIM('Real results'!C81)),UPPER(TRIM('Raw data'!AI80))=UPPER(TRIM('Real results'!C82))),1,0)+IF(UPPER(TRIM('Raw data'!AI80))=UPPER(TRIM('Real results'!C80)),2,0),0),0) -> 0 | AK82: =IFERROR(IF('Raw data'!AK80<>"",IF(OR(UPPER(TRIM('Raw data'!AK80))=UPPER(TRIM('Real results'!C80)),UPPER(TRIM('Raw data'!AK80))=UPPER(TRIM('Real results'!C81)),UPPER(TRIM('Raw data'!AK80))=UPPER(TRIM('Real results'!C82))),1,0)+IF(UPPER(TRIM('Raw data'!AK80))=UPPER(TRIM('Real results'!C80)),2,0),0),0) -> 0 | AM82: =IFERROR(IF('Raw data'!AM80<>"",IF(OR(UPPER(TRIM('Raw data'!AM80))=UPPER(TRIM('Real results'!C80)),UPPER(TRIM('Raw data'!AM80))=UPPER(TRIM('Real results'!C81)),UPPER(TRIM('Raw data'!AM80))=UPPER(TRIM('Real results'!C82))),1,0)+IF(UPPER(TRIM('Raw data'!AM80))=UPPER(TRIM('Real results'!C80)),2,0),0),0) -> 0 | AO82: =IFERROR(IF('Raw data'!AO80<>"",IF(OR(UPPER(TRIM('Raw data'!AO80))=UPPER(TRIM('Real results'!C80)),UPPER(TRIM('Raw data'!AO80))=UPPER(TRIM('Real results'!C81)),UPPER(TRIM('Raw data'!AO80))=UPPER(TRIM('Real results'!C82))),1,0)+IF(UPPER(TRIM('Raw data'!AO80))=UPPER(TRIM('Real results'!C80)),2,0),0),0) -> 0 | AQ82: =IFERROR(IF('Raw data'!AQ80<>"",IF(OR(UPPER(TRIM('Raw data'!AQ80))=UPPER(TRIM('Real results'!C80)),UPPER(TRIM('Raw data'!AQ80))=UPPER(TRIM('Real results'!C81)),UPPER(TRIM('Raw data'!AQ80))=UPPER(TRIM('Real results'!C82))),1,0)+IF(UPPER(TRIM('Raw data'!AQ80))=UPPER(TRIM('Real results'!C80)),2,0),0),0) -> 0 | AS82: =IFERROR(IF('Raw data'!AS80<>"",IF(OR(UPPER(TRIM('Raw data'!AS80))=UPPER(TRIM('Real results'!C80)),UPPER(TRIM('Raw data'!AS80))=UPPER(TRIM('Real results'!C81)),UPPER(TRIM('Raw data'!AS80))=UPPER(TRIM('Real results'!C82))),1,0)+IF(UPPER(TRIM('Raw data'!AS80))=UPPER(TRIM('Real results'!C80)),2,0),0),0) -> 0 | AU82: =IFERROR(IF('Raw data'!AU80<>"",IF(OR(UPPER(TRIM('Raw data'!AU80))=UPPER(TRIM('Real results'!C80)),UPPER(TRIM('Raw data'!AU80))=UPPER(TRIM('Real results'!C81)),UPPER(TRIM('Raw data'!AU80))=UPPER(TRIM('Real results'!C82))),1,0)+IF(UPPER(TRIM('Raw data'!AU80))=UPPER(TRIM('Real results'!C80)),2,0),0),0) -> 0 | AW82: =IFERROR(IF('Raw data'!AW80<>"",IF(OR(UPPER(TRIM('Raw data'!AW80))=UPPER(TRIM('Real results'!C80)),UPPER(TRIM('Raw data'!AW80))=UPPER(TRIM('Real results'!C81)),UPPER(TRIM('Raw data'!AW80))=UPPER(TRIM('Real results'!C82))),1,0)+IF(UPPER(TRIM('Raw data'!AW80))=UPPER(TRIM('Real results'!C80)),2,0),0),0) -> 0 | AY82: =IFERROR(IF('Raw data'!AY80<>"",IF(OR(UPPER(TRIM('Raw data'!AY80))=UPPER(TRIM('Real results'!C80)),UPPER(TRIM('Raw data'!AY80))=UPPER(TRIM('Real results'!C81)),UPPER(TRIM('Raw data'!AY80))=UPPER(TRIM('Real results'!C82))),1,0)+IF(UPPER(TRIM('Raw data'!AY80))=UPPER(TRIM('Real results'!C80)),2,0),0),0) -> 0 | BA82: =IFERROR(IF('Raw data'!BA80<>"",IF(OR(UPPER(TRIM('Raw data'!BA80))=UPPER(TRIM('Real results'!C80)),UPPER(TRIM('Raw data'!BA80))=UPPER(TRIM('Real results'!C81)),UPPER(TRIM('Raw data'!BA80))=UPPER(TRIM('Real results'!C82))),1,0)+IF(UPPER(TRIM('Raw data'!BA80))=UPPER(TRIM('Real results'!C80)),2,0),0),0) -> 0 | BC82: =IFERROR(IF('Raw data'!BC80<>"",IF(OR(UPPER(TRIM('Raw data'!BC80))=UPPER(TRIM('Real results'!C80)),UPPER(TRIM('Raw data'!BC80))=UPPER(TRIM('Real results'!C81)),UPPER(TRIM('Raw data'!BC80))=UPPER(TRIM('Real results'!C82))),1,0)+IF(UPPER(TRIM('Raw data'!BC80))=UPPER(TRIM('Real results'!C80)),2,0),0),0) -> 0 | BE82: =IFERROR(IF('Raw data'!BE80<>"",IF(OR(UPPER(TRIM('Raw data'!BE80))=UPPER(TRIM('Real results'!C80)),UPPER(TRIM('Raw data'!BE80))=UPPER(TRIM('Real results'!C81)),UPPER(TRIM('Raw data'!BE80))=UPPER(TRIM('Real results'!C82))),1,0)+IF(UPPER(TRIM('Raw data'!BE80))=UPPER(TRIM('Real results'!C80)),2,0),0),0) -> 0 | BG82: =IFERROR(IF('Raw data'!BG80<>"",IF(OR(UPPER(TRIM('Raw data'!BG80))=UPPER(TRIM('Real results'!C80)),UPPER(TRIM('Raw data'!BG80))=UPPER(TRIM('Real results'!C81)),UPPER(TRIM('Raw data'!BG80))=UPPER(TRIM('Real results'!C82))),1,0)+IF(UPPER(TRIM('Raw data'!BG80))=UPPER(TRIM('Real results'!C80)),2,0),0),0) -> 0 | BI82: =IFERROR(IF('Raw data'!BI80<>"",IF(OR(UPPER(TRIM('Raw data'!BI80))=UPPER(TRIM('Real results'!C80)),UPPER(TRIM('Raw data'!BI80))=UPPER(TRIM('Real results'!C81)),UPPER(TRIM('Raw data'!BI80))=UPPER(TRIM('Real results'!C82))),1,0)+IF(UPPER(TRIM('Raw data'!BI80))=UPPER(TRIM('Real results'!C80)),2,0),0),0) -> 0
B83: Group A - 2nd | C83: =IFERROR(IF('Raw data'!C80<>"",IF(OR(UPPER(TRIM('Raw data'!C80))=UPPER(TRIM('Real results'!C80)),UPPER(TRIM('Raw data'!C80))=UPPER(TRIM('Real results'!C81)),UPPER(TRIM('Raw data'!C80))=UPPER(TRIM('Real results'!C82))),1,0),0),0) -> 0 | E83: =IFERROR(IF('Raw data'!E81<>"",IF(OR(UPPER(TRIM('Raw data'!E81))=UPPER(TRIM('Real results'!C80)),UPPER(TRIM('Raw data'!E81))=UPPER(TRIM('Real results'!C81)),UPPER(TRIM('Raw data'!E81))=UPPER(TRIM('Real results'!C82))),1,0),0),0) -> 0 | G83: =IFERROR(IF('Raw data'!G81<>"",IF(OR(UPPER(TRIM('Raw data'!G81))=UPPER(TRIM('Real results'!C80)),UPPER(TRIM('Raw data'!G81))=UPPER(TRIM('Real results'!C81)),UPPER(TRIM('Raw data'!G81))=UPPER(TRIM('Real results'!C82))),1,0),0),0) -> 0 | I83: =IFERROR(IF('Raw data'!I81<>"",IF(OR(UPPER(TRIM('Raw data'!I81))=UPPER(TRIM('Real results'!C80)),UPPER(TRIM('Raw data'!I81))=UPPER(TRIM('Real results'!C81)),UPPER(TRIM('Raw data'!I81))=UPPER(TRIM('Real results'!C82))),1,0),0),0) -> 0 | K83: =IFERROR(IF('Raw data'!K81<>"",IF(OR(UPPER(TRIM('Raw data'!K81))=UPPER(TRIM('Real results'!C80)),UPPER(TRIM('Raw data'!K81))=UPPER(TRIM('Real results'!C81)),UPPER(TRIM('Raw data'!K81))=UPPER(TRIM('Real results'!C82))),1,0),0),0) -> 0 | M83: =IFERROR(IF('Raw data'!M81<>"",IF(OR(UPPER(TRIM('Raw data'!M81))=UPPER(TRIM('Real results'!C80)),UPPER(TRIM('Raw data'!M81))=UPPER(TRIM('Real results'!C81)),UPPER(TRIM('Raw data'!M81))=UPPER(TRIM('Real results'!C82))),1,0),0),0) -> 0 | O83: =IFERROR(IF('Raw data'!O81<>"",IF(OR(UPPER(TRIM('Raw data'!O81))=UPPER(TRIM('Real results'!C80)),UPPER(TRIM('Raw data'!O81))=UPPER(TRIM('Real results'!C81)),UPPER(TRIM('Raw data'!O81))=UPPER(TRIM('Real results'!C82))),1,0),0),0) -> 0 | Q83: =IFERROR(IF('Raw data'!Q81<>"",IF(OR(UPPER(TRIM('Raw data'!Q81))=UPPER(TRIM('Real results'!C80)),UPPER(TRIM('Raw data'!Q81))=UPPER(TRIM('Real results'!C81)),UPPER(TRIM('Raw data'!Q81))=UPPER(TRIM('Real results'!C82))),1,0),0),0) -> 0 | S83: =IFERROR(IF('Raw data'!S81<>"",IF(OR(UPPER(TRIM('Raw data'!S81))=UPPER(TRIM('Real results'!C80)),UPPER(TRIM('Raw data'!S81))=UPPER(TRIM('Real results'!C81)),UPPER(TRIM('Raw data'!S81))=UPPER(TRIM('Real results'!C82))),1,0),0),0) -> 0 | U83: =IFERROR(IF('Raw data'!U81<>"",IF(OR(UPPER(TRIM('Raw data'!U81))=UPPER(TRIM('Real results'!C80)),UPPER(TRIM('Raw data'!U81))=UPPER(TRIM('Real results'!C81)),UPPER(TRIM('Raw data'!U81))=UPPER(TRIM('Real results'!C82))),1,0),0),0) -> 0 | W83: =IFERROR(IF('Raw data'!W81<>"",IF(OR(UPPER(TRIM('Raw data'!W81))=UPPER(TRIM('Real results'!C80)),UPPER(TRIM('Raw data'!W81))=UPPER(TRIM('Real results'!C81)),UPPER(TRIM('Raw data'!W81))=UPPER(TRIM('Real results'!C82))),1,0),0),0) -> 0 | Y83: =IFERROR(IF('Raw data'!Y81<>"",IF(OR(UPPER(TRIM('Raw data'!Y81))=UPPER(TRIM('Real results'!C80)),UPPER(TRIM('Raw data'!Y81))=UPPER(TRIM('Real results'!C81)),UPPER(TRIM('Raw data'!Y81))=UPPER(TRIM('Real results'!C82))),1,0),0),0) -> 0 | AA83: =IFERROR(IF('Raw data'!AA81<>"",IF(OR(UPPER(TRIM('Raw data'!AA81))=UPPER(TRIM('Real results'!C80)),UPPER(TRIM('Raw data'!AA81))=UPPER(TRIM('Real results'!C81)),UPPER(TRIM('Raw data'!AA81))=UPPER(TRIM('Real results'!C82))),1,0),0),0) -> 0 | AC83: =IFERROR(IF('Raw data'!AC81<>"",IF(OR(UPPER(TRIM('Raw data'!AC81))=UPPER(TRIM('Real results'!C80)),UPPER(TRIM('Raw data'!AC81))=UPPER(TRIM('Real results'!C81)),UPPER(TRIM('Raw data'!AC81))=UPPER(TRIM('Real results'!C82))),1,0),0),0) -> 0 | AE83: =IFERROR(IF('Raw data'!AE81<>"",IF(OR(UPPER(TRIM('Raw data'!AE81))=UPPER(TRIM('Real results'!C80)),UPPER(TRIM('Raw data'!AE81))=UPPER(TRIM('Real results'!C81)),UPPER(TRIM('Raw data'!AE81))=UPPER(TRIM('Real results'!C82))),1,0),0),0) -> 0 | AG83: =IFERROR(IF('Raw data'!AG81<>"",IF(OR(UPPER(TRIM('Raw data'!AG81))=UPPER(TRIM('Real results'!C80)),UPPER(TRIM('Raw data'!AG81))=UPPER(TRIM('Real results'!C81)),UPPER(TRIM('Raw data'!AG81))=UPPER(TRIM('Real results'!C82))),1,0),0),0) -> 0 | AI83: =IFERROR(IF('Raw data'!AI81<>"",IF(OR(UPPER(TRIM('Raw data'!AI81))=UPPER(TRIM('Real results'!C80)),UPPER(TRIM('Raw data'!AI81))=UPPER(TRIM('Real results'!C81)),UPPER(TRIM('Raw data'!AI81))=UPPER(TRIM('Real results'!C82))),1,0),0),0) -> 0 | AK83: =IFERROR(IF('Raw data'!AK81<>"",IF(OR(UPPER(TRIM('Raw data'!AK81))=UPPER(TRIM('Real results'!C80)),UPPER(TRIM('Raw data'!AK81))=UPPER(TRIM('Real results'!C81)),UPPER(TRIM('Raw data'!AK81))=UPPER(TRIM('Real results'!C82))),1,0),0),0) -> 0 | AM83: =IFERROR(IF('Raw data'!AM81<>"",IF(OR(UPPER(TRIM('Raw data'!AM81))=UPPER(TRIM('Real results'!C80)),UPPER(TRIM('Raw data'!AM81))=UPPER(TRIM('Real results'!C81)),UPPER(TRIM('Raw data'!AM81))=UPPER(TRIM('Real results'!C82))),1,0),0),0) -> 0 | AO83: =IFERROR(IF('Raw data'!AO81<>"",IF(OR(UPPER(TRIM('Raw data'!AO81))=UPPER(TRIM('Real results'!C80)),UPPER(TRIM('Raw data'!AO81))=UPPER(TRIM('Real results'!C81)),UPPER(TRIM('Raw data'!AO81))=UPPER(TRIM('Real results'!C82))),1,0),0),0) -> 0 | AQ83: =IFERROR(IF('Raw data'!AQ81<>"",IF(OR(UPPER(TRIM('Raw data'!AQ81))=UPPER(TRIM('Real results'!C80)),UPPER(TRIM('Raw data'!AQ81))=UPPER(TRIM('Real results'!C81)),UPPER(TRIM('Raw data'!AQ81))=UPPER(TRIM('Real results'!C82))),1,0),0),0) -> 0 | AS83: =IFERROR(IF('Raw data'!AS81<>"",IF(OR(UPPER(TRIM('Raw data'!AS81))=UPPER(TRIM('Real results'!C80)),UPPER(TRIM('Raw data'!AS81))=UPPER(TRIM('Real results'!C81)),UPPER(TRIM('Raw data'!AS81))=UPPER(TRIM('Real results'!C82))),1,0),0),0) -> 0 | AU83: =IFERROR(IF('Raw data'!AU81<>"",IF(OR(UPPER(TRIM('Raw data'!AU81))=UPPER(TRIM('Real results'!C80)),UPPER(TRIM('Raw data'!AU81))=UPPER(TRIM('Real results'!C81)),UPPER(TRIM('Raw data'!AU81))=UPPER(TRIM('Real results'!C82))),1,0),0),0) -> 0 | AW83: =IFERROR(IF('Raw data'!AW81<>"",IF(OR(UPPER(TRIM('Raw data'!AW81))=UPPER(TRIM('Real results'!C80)),UPPER(TRIM('Raw data'!AW81))=UPPER(TRIM('Real results'!C81)),UPPER(TRIM('Raw data'!AW81))=UPPER(TRIM('Real results'!C82))),1,0),0),0) -> 0 | AY83: =IFERROR(IF('Raw data'!AY81<>"",IF(OR(UPPER(TRIM('Raw data'!AY81))=UPPER(TRIM('Real results'!C80)),UPPER(TRIM('Raw data'!AY81))=UPPER(TRIM('Real results'!C81)),UPPER(TRIM('Raw data'!AY81))=UPPER(TRIM('Real results'!C82))),1,0),0),0) -> 0 | BA83: =IFERROR(IF('Raw data'!BA81<>"",IF(OR(UPPER(TRIM('Raw data'!BA81))=UPPER(TRIM('Real results'!C80)),UPPER(TRIM('Raw data'!BA81))=UPPER(TRIM('Real results'!C81)),UPPER(TRIM('Raw data'!BA81))=UPPER(TRIM('Real results'!C82))),1,0),0),0) -> 0 | BC83: =IFERROR(IF('Raw data'!BC81<>"",IF(OR(UPPER(TRIM('Raw data'!BC81))=UPPER(TRIM('Real results'!C80)),UPPER(TRIM('Raw data'!BC81))=UPPER(TRIM('Real results'!C81)),UPPER(TRIM('Raw data'!BC81))=UPPER(TRIM('Real results'!C82))),1,0),0),0) -> 0 | BE83: =IFERROR(IF('Raw data'!BE81<>"",IF(OR(UPPER(TRIM('Raw data'!BE81))=UPPER(TRIM('Real results'!C80)),UPPER(TRIM('Raw data'!BE81))=UPPER(TRIM('Real results'!C81)),UPPER(TRIM('Raw data'!BE81))=UPPER(TRIM('Real results'!C82))),1,0),0),0) -> 0 | BG83: =IFERROR(IF('Raw data'!BG81<>"",IF(OR(UPPER(TRIM('Raw data'!BG81))=UPPER(TRIM('Real results'!C80)),UPPER(TRIM('Raw data'!BG81))=UPPER(TRIM('Real results'!C81)),UPPER(TRIM('Raw data'!BG81))=UPPER(TRIM('Real results'!C82))),1,0),0),0) -> 0 | BI83: =IFERROR(IF('Raw data'!BI81<>"",IF(OR(UPPER(TRIM('Raw data'!BI81))=UPPER(TRIM('Real results'!C80)),UPPER(TRIM('Raw data'!BI81))=UPPER(TRIM('Real results'!C81)),UPPER(TRIM('Raw data'!BI81))=UPPER(TRIM('Real results'!C82))),1,0),0),0) -> 0
B84: Group A - 3rd | C84: =IFERROR(IF('Raw data'!C81<>"",IF(OR(UPPER(TRIM('Raw data'!C81))=UPPER(TRIM('Real results'!C80)),UPPER(TRIM('Raw data'!C81))=UPPER(TRIM('Real results'!C81)),UPPER(TRIM('Raw data'!C81))=UPPER(TRIM('Real results'!C82))),1,0),0),0) -> 0 | E84: =IFERROR(IF('Raw data'!E82<>"",IF(OR(UPPER(TRIM('Raw data'!E82))=UPPER(TRIM('Real results'!C80)),UPPER(TRIM('Raw data'!E82))=UPPER(TRIM('Real results'!C81)),UPPER(TRIM('Raw data'!E82))=UPPER(TRIM('Real results'!C82))),1,0),0),0) -> 0 | G84: =IFERROR(IF('Raw data'!G82<>"",IF(OR(UPPER(TRIM('Raw data'!G82))=UPPER(TRIM('Real results'!C80)),UPPER(TRIM('Raw data'!G82))=UPPER(TRIM('Real results'!C81)),UPPER(TRIM('Raw data'!G82))=UPPER(TRIM('Real results'!C82))),1,0),0),0) -> 0 | I84: =IFERROR(IF('Raw data'!I82<>"",IF(OR(UPPER(TRIM('Raw data'!I82))=UPPER(TRIM('Real results'!C80)),UPPER(TRIM('Raw data'!I82))=UPPER(TRIM('Real results'!C81)),UPPER(TRIM('Raw data'!I82))=UPPER(TRIM('Real results'!C82))),1,0),0),0) -> 0 | K84: =IFERROR(IF('Raw data'!K82<>"",IF(OR(UPPER(TRIM('Raw data'!K82))=UPPER(TRIM('Real results'!C80)),UPPER(TRIM('Raw data'!K82))=UPPER(TRIM('Real results'!C81)),UPPER(TRIM('Raw data'!K82))=UPPER(TRIM('Real results'!C82))),1,0),0),0) -> 0 | M84: =IFERROR(IF('Raw data'!M82<>"",IF(OR(UPPER(TRIM('Raw data'!M82))=UPPER(TRIM('Real results'!C80)),UPPER(TRIM('Raw data'!M82))=UPPER(TRIM('Real results'!C81)),UPPER(TRIM('Raw data'!M82))=UPPER(TRIM('Real results'!C82))),1,0),0),0) -> 0 | O84: =IFERROR(IF('Raw data'!O82<>"",IF(OR(UPPER(TRIM('Raw data'!O82))=UPPER(TRIM('Real results'!C80)),UPPER(TRIM('Raw data'!O82))=UPPER(TRIM('Real results'!C81)),UPPER(TRIM('Raw data'!O82))=UPPER(TRIM('Real results'!C82))),1,0),0),0) -> 0 | Q84: =IFERROR(IF('Raw data'!Q82<>"",IF(OR(UPPER(TRIM('Raw data'!Q82))=UPPER(TRIM('Real results'!C80)),UPPER(TRIM('Raw data'!Q82))=UPPER(TRIM('Real results'!C81)),UPPER(TRIM('Raw data'!Q82))=UPPER(TRIM('Real results'!C82))),1,0),0),0) -> 0 | S84: =IFERROR(IF('Raw data'!S82<>"",IF(OR(UPPER(TRIM('Raw data'!S82))=UPPER(TRIM('Real results'!C80)),UPPER(TRIM('Raw data'!S82))=UPPER(TRIM('Real results'!C81)),UPPER(TRIM('Raw data'!S82))=UPPER(TRIM('Real results'!C82))),1,0),0),0) -> 0 | U84: =IFERROR(IF('Raw data'!U82<>"",IF(OR(UPPER(TRIM('Raw data'!U82))=UPPER(TRIM('Real results'!C80)),UPPER(TRIM('Raw data'!U82))=UPPER(TRIM('Real results'!C81)),UPPER(TRIM('Raw data'!U82))=UPPER(TRIM('Real results'!C82))),1,0),0),0) -> 0 | W84: =IFERROR(IF('Raw data'!W82<>"",IF(OR(UPPER(TRIM('Raw data'!W82))=UPPER(TRIM('Real results'!C80)),UPPER(TRIM('Raw data'!W82))=UPPER(TRIM('Real results'!C81)),UPPER(TRIM('Raw data'!W82))=UPPER(TRIM('Real results'!C82))),1,0),0),0) -> 0 | Y84: =IFERROR(IF('Raw data'!Y82<>"",IF(OR(UPPER(TRIM('Raw data'!Y82))=UPPER(TRIM('Real results'!C80)),UPPER(TRIM('Raw data'!Y82))=UPPER(TRIM('Real results'!C81)),UPPER(TRIM('Raw data'!Y82))=UPPER(TRIM('Real results'!C82))),1,0),0),0) -> 0 | AA84: =IFERROR(IF('Raw data'!AA82<>"",IF(OR(UPPER(TRIM('Raw data'!AA82))=UPPER(TRIM('Real results'!C80)),UPPER(TRIM('Raw data'!AA82))=UPPER(TRIM('Real results'!C81)),UPPER(TRIM('Raw data'!AA82))=UPPER(TRIM('Real results'!C82))),1,0),0),0) -> 0 | AC84: =IFERROR(IF('Raw data'!AC82<>"",IF(OR(UPPER(TRIM('Raw data'!AC82))=UPPER(TRIM('Real results'!C80)),UPPER(TRIM('Raw data'!AC82))=UPPER(TRIM('Real results'!C81)),UPPER(TRIM('Raw data'!AC82))=UPPER(TRIM('Real results'!C82))),1,0),0),0) -> 0 | AE84: =IFERROR(IF('Raw data'!AE82<>"",IF(OR(UPPER(TRIM('Raw data'!AE82))=UPPER(TRIM('Real results'!C80)),UPPER(TRIM('Raw data'!AE82))=UPPER(TRIM('Real results'!C81)),UPPER(TRIM('Raw data'!AE82))=UPPER(TRIM('Real results'!C82))),1,0),0),0) -> 0 | AG84: =IFERROR(IF('Raw data'!AG82<>"",IF(OR(UPPER(TRIM('Raw data'!AG82))=UPPER(TRIM('Real results'!C80)),UPPER(TRIM('Raw data'!AG82))=UPPER(TRIM('Real results'!C81)),UPPER(TRIM('Raw data'!AG82))=UPPER(TRIM('Real results'!C82))),1,0),0),0) -> 0 | AI84: =IFERROR(IF('Raw data'!AI82<>"",IF(OR(UPPER(TRIM('Raw data'!AI82))=UPPER(TRIM('Real results'!C80)),UPPER(TRIM('Raw data'!AI82))=UPPER(TRIM('Real results'!C81)),UPPER(TRIM('Raw data'!AI82))=UPPER(TRIM('Real results'!C82))),1,0),0),0) -> 0 | AK84: =IFERROR(IF('Raw data'!AK82<>"",IF(OR(UPPER(TRIM('Raw data'!AK82))=UPPER(TRIM('Real results'!C80)),UPPER(TRIM('Raw data'!AK82))=UPPER(TRIM('Real results'!C81)),UPPER(TRIM('Raw data'!AK82))=UPPER(TRIM('Real results'!C82))),1,0),0),0) -> 0 | AM84: =IFERROR(IF('Raw data'!AM82<>"",IF(OR(UPPER(TRIM('Raw data'!AM82))=UPPER(TRIM('Real results'!C80)),UPPER(TRIM('Raw data'!AM82))=UPPER(TRIM('Real results'!C81)),UPPER(TRIM('Raw data'!AM82))=UPPER(TRIM('Real results'!C82))),1,0),0),0) -> 0 | AO84: =IFERROR(IF('Raw data'!AO82<>"",IF(OR(UPPER(TRIM('Raw data'!AO82))=UPPER(TRIM('Real results'!C80)),UPPER(TRIM('Raw data'!AO82))=UPPER(TRIM('Real results'!C81)),UPPER(TRIM('Raw data'!AO82))=UPPER(TRIM('Real results'!C82))),1,0),0),0) -> 0 | AQ84: =IFERROR(IF('Raw data'!AQ82<>"",IF(OR(UPPER(TRIM('Raw data'!AQ82))=UPPER(TRIM('Real results'!C80)),UPPER(TRIM('Raw data'!AQ82))=UPPER(TRIM('Real results'!C81)),UPPER(TRIM('Raw data'!AQ82))=UPPER(TRIM('Real results'!C82))),1,0),0),0) -> 0 | AS84: =IFERROR(IF('Raw data'!AS82<>"",IF(OR(UPPER(TRIM('Raw data'!AS82))=UPPER(TRIM('Real results'!C80)),UPPER(TRIM('Raw data'!AS82))=UPPER(TRIM('Real results'!C81)),UPPER(TRIM('Raw data'!AS82))=UPPER(TRIM('Real results'!C82))),1,0),0),0) -> 0 | AU84: =IFERROR(IF('Raw data'!AU82<>"",IF(OR(UPPER(TRIM('Raw data'!AU82))=UPPER(TRIM('Real results'!C80)),UPPER(TRIM('Raw data'!AU82))=UPPER(TRIM('Real results'!C81)),UPPER(TRIM('Raw data'!AU82))=UPPER(TRIM('Real results'!C82))),1,0),0),0) -> 0 | AW84: =IFERROR(IF('Raw data'!AW82<>"",IF(OR(UPPER(TRIM('Raw data'!AW82))=UPPER(TRIM('Real results'!C80)),UPPER(TRIM('Raw data'!AW82))=UPPER(TRIM('Real results'!C81)),UPPER(TRIM('Raw data'!AW82))=UPPER(TRIM('Real results'!C82))),1,0),0),0) -> 0 | AY84: =IFERROR(IF('Raw data'!AY82<>"",IF(OR(UPPER(TRIM('Raw data'!AY82))=UPPER(TRIM('Real results'!C80)),UPPER(TRIM('Raw data'!AY82))=UPPER(TRIM('Real results'!C81)),UPPER(TRIM('Raw data'!AY82))=UPPER(TRIM('Real results'!C82))),1,0),0),0) -> 0 | BA84: =IFERROR(IF('Raw data'!BA82<>"",IF(OR(UPPER(TRIM('Raw data'!BA82))=UPPER(TRIM('Real results'!C80)),UPPER(TRIM('Raw data'!BA82))=UPPER(TRIM('Real results'!C81)),UPPER(TRIM('Raw data'!BA82))=UPPER(TRIM('Real results'!C82))),1,0),0),0) -> 0 | BC84: =IFERROR(IF('Raw data'!BC82<>"",IF(OR(UPPER(TRIM('Raw data'!BC82))=UPPER(TRIM('Real results'!C80)),UPPER(TRIM('Raw data'!BC82))=UPPER(TRIM('Real results'!C81)),UPPER(TRIM('Raw data'!BC82))=UPPER(TRIM('Real results'!C82))),1,0),0),0) -> 0 | BE84: =IFERROR(IF('Raw data'!BE82<>"",IF(OR(UPPER(TRIM('Raw data'!BE82))=UPPER(TRIM('Real results'!C80)),UPPER(TRIM('Raw data'!BE82))=UPPER(TRIM('Real results'!C81)),UPPER(TRIM('Raw data'!BE82))=UPPER(TRIM('Real results'!C82))),1,0),0),0) -> 0 | BG84: =IFERROR(IF('Raw data'!BG82<>"",IF(OR(UPPER(TRIM('Raw data'!BG82))=UPPER(TRIM('Real results'!C80)),UPPER(TRIM('Raw data'!BG82))=UPPER(TRIM('Real results'!C81)),UPPER(TRIM('Raw data'!BG82))=UPPER(TRIM('Real results'!C82))),1,0),0),0) -> 0 | BI84: =IFERROR(IF('Raw data'!BI82<>"",IF(OR(UPPER(TRIM('Raw data'!BI82))=UPPER(TRIM('Real results'!C80)),UPPER(TRIM('Raw data'!BI82))=UPPER(TRIM('Real results'!C81)),UPPER(TRIM('Raw data'!BI82))=UPPER(TRIM('Real results'!C82))),1,0),0),0) -> 0
B85: Group B - 1st | C85: =IFERROR(IF('Raw data'!C82<>"",IF(OR(UPPER(TRIM('Raw data'!C82))=UPPER(TRIM('Real results'!C83)),UPPER(TRIM('Raw data'!C82))=UPPER(TRIM('Real results'!C84)),UPPER(TRIM('Raw data'!C82))=UPPER(TRIM('Real results'!C85))),1,0)+IF(UPPER(TRIM('Raw data'!C82))=UPPER(TRIM('Real results'!C83)),2,0),0),0) -> 0 | E85: =IFERROR(IF('Raw data'!E83<>"",IF(OR(UPPER(TRIM('Raw data'!E83))=UPPER(TRIM('Real results'!C83)),UPPER(TRIM('Raw data'!E83))=UPPER(TRIM('Real results'!C84)),UPPER(TRIM('Raw data'!E83))=UPPER(TRIM('Real results'!C85))),1,0)+IF(UPPER(TRIM('Raw data'!E83))=UPPER(TRIM('Real results'!C83)),2,0),0),0) -> 0 | G85: =IFERROR(IF('Raw data'!G83<>"",IF(OR(UPPER(TRIM('Raw data'!G83))=UPPER(TRIM('Real results'!C83)),UPPER(TRIM('Raw data'!G83))=UPPER(TRIM('Real results'!C84)),UPPER(TRIM('Raw data'!G83))=UPPER(TRIM('Real results'!C85))),1,0)+IF(UPPER(TRIM('Raw data'!G83))=UPPER(TRIM('Real results'!C83)),2,0),0),0) -> 0 | I85: =IFERROR(IF('Raw data'!I83<>"",IF(OR(UPPER(TRIM('Raw data'!I83))=UPPER(TRIM('Real results'!C83)),UPPER(TRIM('Raw data'!I83))=UPPER(TRIM('Real results'!C84)),UPPER(TRIM('Raw data'!I83))=UPPER(TRIM('Real results'!C85))),1,0)+IF(UPPER(TRIM('Raw data'!I83))=UPPER(TRIM('Real results'!C83)),2,0),0),0) -> 0 | K85: =IFERROR(IF('Raw data'!K83<>"",IF(OR(UPPER(TRIM('Raw data'!K83))=UPPER(TRIM('Real results'!C83)),UPPER(TRIM('Raw data'!K83))=UPPER(TRIM('Real results'!C84)),UPPER(TRIM('Raw data'!K83))=UPPER(TRIM('Real results'!C85))),1,0)+IF(UPPER(TRIM('Raw data'!K83))=UPPER(TRIM('Real results'!C83)),2,0),0),0) -> 0 | M85: =IFERROR(IF('Raw data'!M83<>"",IF(OR(UPPER(TRIM('Raw data'!M83))=UPPER(TRIM('Real results'!C83)),UPPER(TRIM('Raw data'!M83))=UPPER(TRIM('Real results'!C84)),UPPER(TRIM('Raw data'!M83))=UPPER(TRIM('Real results'!C85))),1,0)+IF(UPPER(TRIM('Raw data'!M83))=UPPER(TRIM('Real results'!C83)),2,0),0),0) -> 0 | O85: =IFERROR(IF('Raw data'!O83<>"",IF(OR(UPPER(TRIM('Raw data'!O83))=UPPER(TRIM('Real results'!C83)),UPPER(TRIM('Raw data'!O83))=UPPER(TRIM('Real results'!C84)),UPPER(TRIM('Raw data'!O83))=UPPER(TRIM('Real results'!C85))),1,0)+IF(UPPER(TRIM('Raw data'!O83))=UPPER(TRIM('Real results'!C83)),2,0),0),0) -> 0 | Q85: =IFERROR(IF('Raw data'!Q83<>"",IF(OR(UPPER(TRIM('Raw data'!Q83))=UPPER(TRIM('Real results'!C83)),UPPER(TRIM('Raw data'!Q83))=UPPER(TRIM('Real results'!C84)),UPPER(TRIM('Raw data'!Q83))=UPPER(TRIM('Real results'!C85))),1,0)+IF(UPPER(TRIM('Raw data'!Q83))=UPPER(TRIM('Real results'!C83)),2,0),0),0) -> 0 | S85: =IFERROR(IF('Raw data'!S83<>"",IF(OR(UPPER(TRIM('Raw data'!S83))=UPPER(TRIM('Real results'!C83)),UPPER(TRIM('Raw data'!S83))=UPPER(TRIM('Real results'!C84)),UPPER(TRIM('Raw data'!S83))=UPPER(TRIM('Real results'!C85))),1,0)+IF(UPPER(TRIM('Raw data'!S83))=UPPER(TRIM('Real results'!C83)),2,0),0),0) -> 0 | U85: =IFERROR(IF('Raw data'!U83<>"",IF(OR(UPPER(TRIM('Raw data'!U83))=UPPER(TRIM('Real results'!C83)),UPPER(TRIM('Raw data'!U83))=UPPER(TRIM('Real results'!C84)),UPPER(TRIM('Raw data'!U83))=UPPER(TRIM('Real results'!C85))),1,0)+IF(UPPER(TRIM('Raw data'!U83))=UPPER(TRIM('Real results'!C83)),2,0),0),0) -> 0 | W85: =IFERROR(IF('Raw data'!W83<>"",IF(OR(UPPER(TRIM('Raw data'!W83))=UPPER(TRIM('Real results'!C83)),UPPER(TRIM('Raw data'!W83))=UPPER(TRIM('Real results'!C84)),UPPER(TRIM('Raw data'!W83))=UPPER(TRIM('Real results'!C85))),1,0)+IF(UPPER(TRIM('Raw data'!W83))=UPPER(TRIM('Real results'!C83)),2,0),0),0) -> 0 | Y85: =IFERROR(IF('Raw data'!Y83<>"",IF(OR(UPPER(TRIM('Raw data'!Y83))=UPPER(TRIM('Real results'!C83)),UPPER(TRIM('Raw data'!Y83))=UPPER(TRIM('Real results'!C84)),UPPER(TRIM('Raw data'!Y83))=UPPER(TRIM('Real results'!C85))),1,0)+IF(UPPER(TRIM('Raw data'!Y83))=UPPER(TRIM('Real results'!C83)),2,0),0),0) -> 0 | AA85: =IFERROR(IF('Raw data'!AA83<>"",IF(OR(UPPER(TRIM('Raw data'!AA83))=UPPER(TRIM('Real results'!C83)),UPPER(TRIM('Raw data'!AA83))=UPPER(TRIM('Real results'!C84)),UPPER(TRIM('Raw data'!AA83))=UPPER(TRIM('Real results'!C85))),1,0)+IF(UPPER(TRIM('Raw data'!AA83))=UPPER(TRIM('Real results'!C83)),2,0),0),0) -> 0 | AC85: =IFERROR(IF('Raw data'!AC83<>"",IF(OR(UPPER(TRIM('Raw data'!AC83))=UPPER(TRIM('Real results'!C83)),UPPER(TRIM('Raw data'!AC83))=UPPER(TRIM('Real results'!C84)),UPPER(TRIM('Raw data'!AC83))=UPPER(TRIM('Real results'!C85))),1,0)+IF(UPPER(TRIM('Raw data'!AC83))=UPPER(TRIM('Real results'!C83)),2,0),0),0) -> 0 | AE85: =IFERROR(IF('Raw data'!AE83<>"",IF(OR(UPPER(TRIM('Raw data'!AE83))=UPPER(TRIM('Real results'!C83)),UPPER(TRIM('Raw data'!AE83))=UPPER(TRIM('Real results'!C84)),UPPER(TRIM('Raw data'!AE83))=UPPER(TRIM('Real results'!C85))),1,0)+IF(UPPER(TRIM('Raw data'!AE83))=UPPER(TRIM('Real results'!C83)),2,0),0),0) -> 0 | AG85: =IFERROR(IF('Raw data'!AG83<>"",IF(OR(UPPER(TRIM('Raw data'!AG83))=UPPER(TRIM('Real results'!C83)),UPPER(TRIM('Raw data'!AG83))=UPPER(TRIM('Real results'!C84)),UPPER(TRIM('Raw data'!AG83))=UPPER(TRIM('Real results'!C85))),1,0)+IF(UPPER(TRIM('Raw data'!AG83))=UPPER(TRIM('Real results'!C83)),2,0),0),0) -> 0 | AI85: =IFERROR(IF('Raw data'!AI83<>"",IF(OR(UPPER(TRIM('Raw data'!AI83))=UPPER(TRIM('Real results'!C83)),UPPER(TRIM('Raw data'!AI83))=UPPER(TRIM('Real results'!C84)),UPPER(TRIM('Raw data'!AI83))=UPPER(TRIM('Real results'!C85))),1,0)+IF(UPPER(TRIM('Raw data'!AI83))=UPPER(TRIM('Real results'!C83)),2,0),0),0) -> 0 | AK85: =IFERROR(IF('Raw data'!AK83<>"",IF(OR(UPPER(TRIM('Raw data'!AK83))=UPPER(TRIM('Real results'!C83)),UPPER(TRIM('Raw data'!AK83))=UPPER(TRIM('Real results'!C84)),UPPER(TRIM('Raw data'!AK83))=UPPER(TRIM('Real results'!C85))),1,0)+IF(UPPER(TRIM('Raw data'!AK83))=UPPER(TRIM('Real results'!C83)),2,0),0),0) -> 0 | AM85: =IFERROR(IF('Raw data'!AM83<>"",IF(OR(UPPER(TRIM('Raw data'!AM83))=UPPER(TRIM('Real results'!C83)),UPPER(TRIM('Raw data'!AM83))=UPPER(TRIM('Real results'!C84)),UPPER(TRIM('Raw data'!AM83))=UPPER(TRIM('Real results'!C85))),1,0)+IF(UPPER(TRIM('Raw data'!AM83))=UPPER(TRIM('Real results'!C83)),2,0),0),0) -> 0 | AO85: =IFERROR(IF('Raw data'!AO83<>"",IF(OR(UPPER(TRIM('Raw data'!AO83))=UPPER(TRIM('Real results'!C83)),UPPER(TRIM('Raw data'!AO83))=UPPER(TRIM('Real results'!C84)),UPPER(TRIM('Raw data'!AO83))=UPPER(TRIM('Real results'!C85))),1,0)+IF(UPPER(TRIM('Raw data'!AO83))=UPPER(TRIM('Real results'!C83)),2,0),0),0) -> 0 | AQ85: =IFERROR(IF('Raw data'!AQ83<>"",IF(OR(UPPER(TRIM('Raw data'!AQ83))=UPPER(TRIM('Real results'!C83)),UPPER(TRIM('Raw data'!AQ83))=UPPER(TRIM('Real results'!C84)),UPPER(TRIM('Raw data'!AQ83))=UPPER(TRIM('Real results'!C85))),1,0)+IF(UPPER(TRIM('Raw data'!AQ83))=UPPER(TRIM('Real results'!C83)),2,0),0),0) -> 0 | AS85: =IFERROR(IF('Raw data'!AS83<>"",IF(OR(UPPER(TRIM('Raw data'!AS83))=UPPER(TRIM('Real results'!C83)),UPPER(TRIM('Raw data'!AS83))=UPPER(TRIM('Real results'!C84)),UPPER(TRIM('Raw data'!AS83))=UPPER(TRIM('Real results'!C85))),1,0)+IF(UPPER(TRIM('Raw data'!AS83))=UPPER(TRIM('Real results'!C83)),2,0),0),0) -> 0 | AU85: =IFERROR(IF('Raw data'!AU83<>"",IF(OR(UPPER(TRIM('Raw data'!AU83))=UPPER(TRIM('Real results'!C83)),UPPER(TRIM('Raw data'!AU83))=UPPER(TRIM('Real results'!C84)),UPPER(TRIM('Raw data'!AU83))=UPPER(TRIM('Real results'!C85))),1,0)+IF(UPPER(TRIM('Raw data'!AU83))=UPPER(TRIM('Real results'!C83)),2,0),0),0) -> 0 | AW85: =IFERROR(IF('Raw data'!AW83<>"",IF(OR(UPPER(TRIM('Raw data'!AW83))=UPPER(TRIM('Real results'!C83)),UPPER(TRIM('Raw data'!AW83))=UPPER(TRIM('Real results'!C84)),UPPER(TRIM('Raw data'!AW83))=UPPER(TRIM('Real results'!C85))),1,0)+IF(UPPER(TRIM('Raw data'!AW83))=UPPER(TRIM('Real results'!C83)),2,0),0),0) -> 0 | AY85: =IFERROR(IF('Raw data'!AY83<>"",IF(OR(UPPER(TRIM('Raw data'!AY83))=UPPER(TRIM('Real results'!C83)),UPPER(TRIM('Raw data'!AY83))=UPPER(TRIM('Real results'!C84)),UPPER(TRIM('Raw data'!AY83))=UPPER(TRIM('Real results'!C85))),1,0)+IF(UPPER(TRIM('Raw data'!AY83))=UPPER(TRIM('Real results'!C83)),2,0),0),0) -> 0 | BA85: =IFERROR(IF('Raw data'!BA83<>"",IF(OR(UPPER(TRIM('Raw data'!BA83))=UPPER(TRIM('Real results'!C83)),UPPER(TRIM('Raw data'!BA83))=UPPER(TRIM('Real results'!C84)),UPPER(TRIM('Raw data'!BA83))=UPPER(TRIM('Real results'!C85))),1,0)+IF(UPPER(TRIM('Raw data'!BA83))=UPPER(TRIM('Real results'!C83)),2,0),0),0) -> 0 | BC85: =IFERROR(IF('Raw data'!BC83<>"",IF(OR(UPPER(TRIM('Raw data'!BC83))=UPPER(TRIM('Real results'!C83)),UPPER(TRIM('Raw data'!BC83))=UPPER(TRIM('Real results'!C84)),UPPER(TRIM('Raw data'!BC83))=UPPER(TRIM('Real results'!C85))),1,0)+IF(UPPER(TRIM('Raw data'!BC83))=UPPER(TRIM('Real results'!C83)),2,0),0),0) -> 0 | BE85: =IFERROR(IF('Raw data'!BE83<>"",IF(OR(UPPER(TRIM('Raw data'!BE83))=UPPER(TRIM('Real results'!C83)),UPPER(TRIM('Raw data'!BE83))=UPPER(TRIM('Real results'!C84)),UPPER(TRIM('Raw data'!BE83))=UPPER(TRIM('Real results'!C85))),1,0)+IF(UPPER(TRIM('Raw data'!BE83))=UPPER(TRIM('Real results'!C83)),2,0),0),0) -> 0 | BG85: =IFERROR(IF('Raw data'!BG83<>"",IF(OR(UPPER(TRIM('Raw data'!BG83))=UPPER(TRIM('Real results'!C83)),UPPER(TRIM('Raw data'!BG83))=UPPER(TRIM('Real results'!C84)),UPPER(TRIM('Raw data'!BG83))=UPPER(TRIM('Real results'!C85))),1,0)+IF(UPPER(TRIM('Raw data'!BG83))=UPPER(TRIM('Real results'!C83)),2,0),0),0) -> 0 | BI85: =IFERROR(IF('Raw data'!BI83<>"",IF(OR(UPPER(TRIM('Raw data'!BI83))=UPPER(TRIM('Real results'!C83)),UPPER(TRIM('Raw data'!BI83))=UPPER(TRIM('Real results'!C84)),UPPER(TRIM('Raw data'!BI83))=UPPER(TRIM('Real results'!C85))),1,0)+IF(UPPER(TRIM('Raw data'!BI83))=UPPER(TRIM('Real results'!C83)),2,0),0),0) -> 0
B86: Group B - 2nd | C86: =IFERROR(IF('Raw data'!C83<>"",IF(OR(UPPER(TRIM('Raw data'!C83))=UPPER(TRIM('Real results'!C83)),UPPER(TRIM('Raw data'!C83))=UPPER(TRIM('Real results'!C84)),UPPER(TRIM('Raw data'!C83))=UPPER(TRIM('Real results'!C85))),1,0),0),0) -> 0 | E86: =IFERROR(IF('Raw data'!E84<>"",IF(OR(UPPER(TRIM('Raw data'!E84))=UPPER(TRIM('Real results'!C83)),UPPER(TRIM('Raw data'!E84))=UPPER(TRIM('Real results'!C84)),UPPER(TRIM('Raw data'!E84))=UPPER(TRIM('Real results'!C85))),1,0),0),0) -> 0 | G86: =IFERROR(IF('Raw data'!G84<>"",IF(OR(UPPER(TRIM('Raw data'!G84))=UPPER(TRIM('Real results'!C83)),UPPER(TRIM('Raw data'!G84))=UPPER(TRIM('Real results'!C84)),UPPER(TRIM('Raw data'!G84))=UPPER(TRIM('Real results'!C85))),1,0),0),0) -> 0 | I86: =IFERROR(IF('Raw data'!I84<>"",IF(OR(UPPER(TRIM('Raw data'!I84))=UPPER(TRIM('Real results'!C83)),UPPER(TRIM('Raw data'!I84))=UPPER(TRIM('Real results'!C84)),UPPER(TRIM('Raw data'!I84))=UPPER(TRIM('Real results'!C85))),1,0),0),0) -> 0 | K86: =IFERROR(IF('Raw data'!K84<>"",IF(OR(UPPER(TRIM('Raw data'!K84))=UPPER(TRIM('Real results'!C83)),UPPER(TRIM('Raw data'!K84))=UPPER(TRIM('Real results'!C84)),UPPER(TRIM('Raw data'!K84))=UPPER(TRIM('Real results'!C85))),1,0),0),0) -> 0 | M86: =IFERROR(IF('Raw data'!M84<>"",IF(OR(UPPER(TRIM('Raw data'!M84))=UPPER(TRIM('Real results'!C83)),UPPER(TRIM('Raw data'!M84))=UPPER(TRIM('Real results'!C84)),UPPER(TRIM('Raw data'!M84))=UPPER(TRIM('Real results'!C85))),1,0),0),0) -> 0 | O86: =IFERROR(IF('Raw data'!O84<>"",IF(OR(UPPER(TRIM('Raw data'!O84))=UPPER(TRIM('Real results'!C83)),UPPER(TRIM('Raw data'!O84))=UPPER(TRIM('Real results'!C84)),UPPER(TRIM('Raw data'!O84))=UPPER(TRIM('Real results'!C85))),1,0),0),0) -> 0 | Q86: =IFERROR(IF('Raw data'!Q84<>"",IF(OR(UPPER(TRIM('Raw data'!Q84))=UPPER(TRIM('Real results'!C83)),UPPER(TRIM('Raw data'!Q84))=UPPER(TRIM('Real results'!C84)),UPPER(TRIM('Raw data'!Q84))=UPPER(TRIM('Real results'!C85))),1,0),0),0) -> 0 | S86: =IFERROR(IF('Raw data'!S84<>"",IF(OR(UPPER(TRIM('Raw data'!S84))=UPPER(TRIM('Real results'!C83)),UPPER(TRIM('Raw data'!S84))=UPPER(TRIM('Real results'!C84)),UPPER(TRIM('Raw data'!S84))=UPPER(TRIM('Real results'!C85))),1,0),0),0) -> 0 | U86: =IFERROR(IF('Raw data'!U84<>"",IF(OR(UPPER(TRIM('Raw data'!U84))=UPPER(TRIM('Real results'!C83)),UPPER(TRIM('Raw data'!U84))=UPPER(TRIM('Real results'!C84)),UPPER(TRIM('Raw data'!U84))=UPPER(TRIM('Real results'!C85))),1,0),0),0) -> 0 | W86: =IFERROR(IF('Raw data'!W84<>"",IF(OR(UPPER(TRIM('Raw data'!W84))=UPPER(TRIM('Real results'!C83)),UPPER(TRIM('Raw data'!W84))=UPPER(TRIM('Real results'!C84)),UPPER(TRIM('Raw data'!W84))=UPPER(TRIM('Real results'!C85))),1,0),0),0) -> 0 | Y86: =IFERROR(IF('Raw data'!Y84<>"",IF(OR(UPPER(TRIM('Raw data'!Y84))=UPPER(TRIM('Real results'!C83)),UPPER(TRIM('Raw data'!Y84))=UPPER(TRIM('Real results'!C84)),UPPER(TRIM('Raw data'!Y84))=UPPER(TRIM('Real results'!C85))),1,0),0),0) -> 0 | AA86: =IFERROR(IF('Raw data'!AA84<>"",IF(OR(UPPER(TRIM('Raw data'!AA84))=UPPER(TRIM('Real results'!C83)),UPPER(TRIM('Raw data'!AA84))=UPPER(TRIM('Real results'!C84)),UPPER(TRIM('Raw data'!AA84))=UPPER(TRIM('Real results'!C85))),1,0),0),0) -> 0 | AC86: =IFERROR(IF('Raw data'!AC84<>"",IF(OR(UPPER(TRIM('Raw data'!AC84))=UPPER(TRIM('Real results'!C83)),UPPER(TRIM('Raw data'!AC84))=UPPER(TRIM('Real results'!C84)),UPPER(TRIM('Raw data'!AC84))=UPPER(TRIM('Real results'!C85))),1,0),0),0) -> 0 | AE86: =IFERROR(IF('Raw data'!AE84<>"",IF(OR(UPPER(TRIM('Raw data'!AE84))=UPPER(TRIM('Real results'!C83)),UPPER(TRIM('Raw data'!AE84))=UPPER(TRIM('Real results'!C84)),UPPER(TRIM('Raw data'!AE84))=UPPER(TRIM('Real results'!C85))),1,0),0),0) -> 0 | AG86: =IFERROR(IF('Raw data'!AG84<>"",IF(OR(UPPER(TRIM('Raw data'!AG84))=UPPER(TRIM('Real results'!C83)),UPPER(TRIM('Raw data'!AG84))=UPPER(TRIM('Real results'!C84)),UPPER(TRIM('Raw data'!AG84))=UPPER(TRIM('Real results'!C85))),1,0),0),0) -> 0 | AI86: =IFERROR(IF('Raw data'!AI84<>"",IF(OR(UPPER(TRIM('Raw data'!AI84))=UPPER(TRIM('Real results'!C83)),UPPER(TRIM('Raw data'!AI84))=UPPER(TRIM('Real results'!C84)),UPPER(TRIM('Raw data'!AI84))=UPPER(TRIM('Real results'!C85))),1,0),0),0) -> 0 | AK86: =IFERROR(IF('Raw data'!AK84<>"",IF(OR(UPPER(TRIM('Raw data'!AK84))=UPPER(TRIM('Real results'!C83)),UPPER(TRIM('Raw data'!AK84))=UPPER(TRIM('Real results'!C84)),UPPER(TRIM('Raw data'!AK84))=UPPER(TRIM('Real results'!C85))),1,0),0),0) -> 0 | AM86: =IFERROR(IF('Raw data'!AM84<>"",IF(OR(UPPER(TRIM('Raw data'!AM84))=UPPER(TRIM('Real results'!C83)),UPPER(TRIM('Raw data'!AM84))=UPPER(TRIM('Real results'!C84)),UPPER(TRIM('Raw data'!AM84))=UPPER(TRIM('Real results'!C85))),1,0),0),0) -> 0 | AO86: =IFERROR(IF('Raw data'!AO84<>"",IF(OR(UPPER(TRIM('Raw data'!AO84))=UPPER(TRIM('Real results'!C83)),UPPER(TRIM('Raw data'!AO84))=UPPER(TRIM('Real results'!C84)),UPPER(TRIM('Raw data'!AO84))=UPPER(TRIM('Real results'!C85))),1,0),0),0) -> 0 | AQ86: =IFERROR(IF('Raw data'!AQ84<>"",IF(OR(UPPER(TRIM('Raw data'!AQ84))=UPPER(TRIM('Real results'!C83)),UPPER(TRIM('Raw data'!AQ84))=UPPER(TRIM('Real results'!C84)),UPPER(TRIM('Raw data'!AQ84))=UPPER(TRIM('Real results'!C85))),1,0),0),0) -> 0 | AS86: =IFERROR(IF('Raw data'!AS84<>"",IF(OR(UPPER(TRIM('Raw data'!AS84))=UPPER(TRIM('Real results'!C83)),UPPER(TRIM('Raw data'!AS84))=UPPER(TRIM('Real results'!C84)),UPPER(TRIM('Raw data'!AS84))=UPPER(TRIM('Real results'!C85))),1,0),0),0) -> 0 | AU86: =IFERROR(IF('Raw data'!AU84<>"",IF(OR(UPPER(TRIM('Raw data'!AU84))=UPPER(TRIM('Real results'!C83)),UPPER(TRIM('Raw data'!AU84))=UPPER(TRIM('Real results'!C84)),UPPER(TRIM('Raw data'!AU84))=UPPER(TRIM('Real results'!C85))),1,0),0),0) -> 0 | AW86: =IFERROR(IF('Raw data'!AW84<>"",IF(OR(UPPER(TRIM('Raw data'!AW84))=UPPER(TRIM('Real results'!C83)),UPPER(TRIM('Raw data'!AW84))=UPPER(TRIM('Real results'!C84)),UPPER(TRIM('Raw data'!AW84))=UPPER(TRIM('Real results'!C85))),1,0),0),0) -> 0 | AY86: =IFERROR(IF('Raw data'!AY84<>"",IF(OR(UPPER(TRIM('Raw data'!AY84))=UPPER(TRIM('Real results'!C83)),UPPER(TRIM('Raw data'!AY84))=UPPER(TRIM('Real results'!C84)),UPPER(TRIM('Raw data'!AY84))=UPPER(TRIM('Real results'!C85))),1,0),0),0) -> 0 | BA86: =IFERROR(IF('Raw data'!BA84<>"",IF(OR(UPPER(TRIM('Raw data'!BA84))=UPPER(TRIM('Real results'!C83)),UPPER(TRIM('Raw data'!BA84))=UPPER(TRIM('Real results'!C84)),UPPER(TRIM('Raw data'!BA84))=UPPER(TRIM('Real results'!C85))),1,0),0),0) -> 0 | BC86: =IFERROR(IF('Raw data'!BC84<>"",IF(OR(UPPER(TRIM('Raw data'!BC84))=UPPER(TRIM('Real results'!C83)),UPPER(TRIM('Raw data'!BC84))=UPPER(TRIM('Real results'!C84)),UPPER(TRIM('Raw data'!BC84))=UPPER(TRIM('Real results'!C85))),1,0),0),0) -> 0 | BE86: =IFERROR(IF('Raw data'!BE84<>"",IF(OR(UPPER(TRIM('Raw data'!BE84))=UPPER(TRIM('Real results'!C83)),UPPER(TRIM('Raw data'!BE84))=UPPER(TRIM('Real results'!C84)),UPPER(TRIM('Raw data'!BE84))=UPPER(TRIM('Real results'!C85))),1,0),0),0) -> 0 | BG86: =IFERROR(IF('Raw data'!BG84<>"",IF(OR(UPPER(TRIM('Raw data'!BG84))=UPPER(TRIM('Real results'!C83)),UPPER(TRIM('Raw data'!BG84))=UPPER(TRIM('Real results'!C84)),UPPER(TRIM('Raw data'!BG84))=UPPER(TRIM('Real results'!C85))),1,0),0),0) -> 0 | BI86: =IFERROR(IF('Raw data'!BI84<>"",IF(OR(UPPER(TRIM('Raw data'!BI84))=UPPER(TRIM('Real results'!C83)),UPPER(TRIM('Raw data'!BI84))=UPPER(TRIM('Real results'!C84)),UPPER(TRIM('Raw data'!BI84))=UPPER(TRIM('Real results'!C85))),1,0),0),0) -> 0
B87: Group B - 3rd | C87: =IFERROR(IF('Raw data'!C84<>"",IF(OR(UPPER(TRIM('Raw data'!C84))=UPPER(TRIM('Real results'!C83)),UPPER(TRIM('Raw data'!C84))=UPPER(TRIM('Real results'!C84)),UPPER(TRIM('Raw data'!C84))=UPPER(TRIM('Real results'!C85))),1,0),0),0) -> 0 | E87: =IFERROR(IF('Raw data'!E85<>"",IF(OR(UPPER(TRIM('Raw data'!E85))=UPPER(TRIM('Real results'!C83)),UPPER(TRIM('Raw data'!E85))=UPPER(TRIM('Real results'!C84)),UPPER(TRIM('Raw data'!E85))=UPPER(TRIM('Real results'!C85))),1,0),0),0) -> 0 | G87: =IFERROR(IF('Raw data'!G85<>"",IF(OR(UPPER(TRIM('Raw data'!G85))=UPPER(TRIM('Real results'!C83)),UPPER(TRIM('Raw data'!G85))=UPPER(TRIM('Real results'!C84)),UPPER(TRIM('Raw data'!G85))=UPPER(TRIM('Real results'!C85))),1,0),0),0) -> 0 | I87: =IFERROR(IF('Raw data'!I85<>"",IF(OR(UPPER(TRIM('Raw data'!I85))=UPPER(TRIM('Real results'!C83)),UPPER(TRIM('Raw data'!I85))=UPPER(TRIM('Real results'!C84)),UPPER(TRIM('Raw data'!I85))=UPPER(TRIM('Real results'!C85))),1,0),0),0) -> 0 | K87: =IFERROR(IF('Raw data'!K85<>"",IF(OR(UPPER(TRIM('Raw data'!K85))=UPPER(TRIM('Real results'!C83)),UPPER(TRIM('Raw data'!K85))=UPPER(TRIM('Real results'!C84)),UPPER(TRIM('Raw data'!K85))=UPPER(TRIM('Real results'!C85))),1,0),0),0) -> 0 | M87: =IFERROR(IF('Raw data'!M85<>"",IF(OR(UPPER(TRIM('Raw data'!M85))=UPPER(TRIM('Real results'!C83)),UPPER(TRIM('Raw data'!M85))=UPPER(TRIM('Real results'!C84)),UPPER(TRIM('Raw data'!M85))=UPPER(TRIM('Real results'!C85))),1,0),0),0) -> 0 | O87: =IFERROR(IF('Raw data'!O85<>"",IF(OR(UPPER(TRIM('Raw data'!O85))=UPPER(TRIM('Real results'!C83)),UPPER(TRIM('Raw data'!O85))=UPPER(TRIM('Real results'!C84)),UPPER(TRIM('Raw data'!O85))=UPPER(TRIM('Real results'!C85))),1,0),0),0) -> 0 | Q87: =IFERROR(IF('Raw data'!Q85<>"",IF(OR(UPPER(TRIM('Raw data'!Q85))=UPPER(TRIM('Real results'!C83)),UPPER(TRIM('Raw data'!Q85))=UPPER(TRIM('Real results'!C84)),UPPER(TRIM('Raw data'!Q85))=UPPER(TRIM('Real results'!C85))),1,0),0),0) -> 0 | S87: =IFERROR(IF('Raw data'!S85<>"",IF(OR(UPPER(TRIM('Raw data'!S85))=UPPER(TRIM('Real results'!C83)),UPPER(TRIM('Raw data'!S85))=UPPER(TRIM('Real results'!C84)),UPPER(TRIM('Raw data'!S85))=UPPER(TRIM('Real results'!C85))),1,0),0),0) -> 0 | U87: =IFERROR(IF('Raw data'!U85<>"",IF(OR(UPPER(TRIM('Raw data'!U85))=UPPER(TRIM('Real results'!C83)),UPPER(TRIM('Raw data'!U85))=UPPER(TRIM('Real results'!C84)),UPPER(TRIM('Raw data'!U85))=UPPER(TRIM('Real results'!C85))),1,0),0),0) -> 0 | W87: =IFERROR(IF('Raw data'!W85<>"",IF(OR(UPPER(TRIM('Raw data'!W85))=UPPER(TRIM('Real results'!C83)),UPPER(TRIM('Raw data'!W85))=UPPER(TRIM('Real results'!C84)),UPPER(TRIM('Raw data'!W85))=UPPER(TRIM('Real results'!C85))),1,0),0),0) -> 0 | Y87: =IFERROR(IF('Raw data'!Y85<>"",IF(OR(UPPER(TRIM('Raw data'!Y85))=UPPER(TRIM('Real results'!C83)),UPPER(TRIM('Raw data'!Y85))=UPPER(TRIM('Real results'!C84)),UPPER(TRIM('Raw data'!Y85))=UPPER(TRIM('Real results'!C85))),1,0),0),0) -> 0 | AA87: =IFERROR(IF('Raw data'!AA85<>"",IF(OR(UPPER(TRIM('Raw data'!AA85))=UPPER(TRIM('Real results'!C83)),UPPER(TRIM('Raw data'!AA85))=UPPER(TRIM('Real results'!C84)),UPPER(TRIM('Raw data'!AA85))=UPPER(TRIM('Real results'!C85))),1,0),0),0) -> 0 | AC87: =IFERROR(IF('Raw data'!AC85<>"",IF(OR(UPPER(TRIM('Raw data'!AC85))=UPPER(TRIM('Real results'!C83)),UPPER(TRIM('Raw data'!AC85))=UPPER(TRIM('Real results'!C84)),UPPER(TRIM('Raw data'!AC85))=UPPER(TRIM('Real results'!C85))),1,0),0),0) -> 0 | AE87: =IFERROR(IF('Raw data'!AE85<>"",IF(OR(UPPER(TRIM('Raw data'!AE85))=UPPER(TRIM('Real results'!C83)),UPPER(TRIM('Raw data'!AE85))=UPPER(TRIM('Real results'!C84)),UPPER(TRIM('Raw data'!AE85))=UPPER(TRIM('Real results'!C85))),1,0),0),0) -> 0 | AG87: =IFERROR(IF('Raw data'!AG85<>"",IF(OR(UPPER(TRIM('Raw data'!AG85))=UPPER(TRIM('Real results'!C83)),UPPER(TRIM('Raw data'!AG85))=UPPER(TRIM('Real results'!C84)),UPPER(TRIM('Raw data'!AG85))=UPPER(TRIM('Real results'!C85))),1,0),0),0) -> 0 | AI87: =IFERROR(IF('Raw data'!AI85<>"",IF(OR(UPPER(TRIM('Raw data'!AI85))=UPPER(TRIM('Real results'!C83)),UPPER(TRIM('Raw data'!AI85))=UPPER(TRIM('Real results'!C84)),UPPER(TRIM('Raw data'!AI85))=UPPER(TRIM('Real results'!C85))),1,0),0),0) -> 0 | AK87: =IFERROR(IF('Raw data'!AK85<>"",IF(OR(UPPER(TRIM('Raw data'!AK85))=UPPER(TRIM('Real results'!C83)),UPPER(TRIM('Raw data'!AK85))=UPPER(TRIM('Real results'!C84)),UPPER(TRIM('Raw data'!AK85))=UPPER(TRIM('Real results'!C85))),1,0),0),0) -> 0 | AM87: =IFERROR(IF('Raw data'!AM85<>"",IF(OR(UPPER(TRIM('Raw data'!AM85))=UPPER(TRIM('Real results'!C83)),UPPER(TRIM('Raw data'!AM85))=UPPER(TRIM('Real results'!C84)),UPPER(TRIM('Raw data'!AM85))=UPPER(TRIM('Real results'!C85))),1,0),0),0) -> 0 | AO87: =IFERROR(IF('Raw data'!AO85<>"",IF(OR(UPPER(TRIM('Raw data'!AO85))=UPPER(TRIM('Real results'!C83)),UPPER(TRIM('Raw data'!AO85))=UPPER(TRIM('Real results'!C84)),UPPER(TRIM('Raw data'!AO85))=UPPER(TRIM('Real results'!C85))),1,0),0),0) -> 0 | AQ87: =IFERROR(IF('Raw data'!AQ85<>"",IF(OR(UPPER(TRIM('Raw data'!AQ85))=UPPER(TRIM('Real results'!C83)),UPPER(TRIM('Raw data'!AQ85))=UPPER(TRIM('Real results'!C84)),UPPER(TRIM('Raw data'!AQ85))=UPPER(TRIM('Real results'!C85))),1,0),0),0) -> 0 | AS87: =IFERROR(IF('Raw data'!AS85<>"",IF(OR(UPPER(TRIM('Raw data'!AS85))=UPPER(TRIM('Real results'!C83)),UPPER(TRIM('Raw data'!AS85))=UPPER(TRIM('Real results'!C84)),UPPER(TRIM('Raw data'!AS85))=UPPER(TRIM('Real results'!C85))),1,0),0),0) -> 0 | AU87: =IFERROR(IF('Raw data'!AU85<>"",IF(OR(UPPER(TRIM('Raw data'!AU85))=UPPER(TRIM('Real results'!C83)),UPPER(TRIM('Raw data'!AU85))=UPPER(TRIM('Real results'!C84)),UPPER(TRIM('Raw data'!AU85))=UPPER(TRIM('Real results'!C85))),1,0),0),0) -> 0 | AW87: =IFERROR(IF('Raw data'!AW85<>"",IF(OR(UPPER(TRIM('Raw data'!AW85))=UPPER(TRIM('Real results'!C83)),UPPER(TRIM('Raw data'!AW85))=UPPER(TRIM('Real results'!C84)),UPPER(TRIM('Raw data'!AW85))=UPPER(TRIM('Real results'!C85))),1,0),0),0) -> 0 | AY87: =IFERROR(IF('Raw data'!AY85<>"",IF(OR(UPPER(TRIM('Raw data'!AY85))=UPPER(TRIM('Real results'!C83)),UPPER(TRIM('Raw data'!AY85))=UPPER(TRIM('Real results'!C84)),UPPER(TRIM('Raw data'!AY85))=UPPER(TRIM('Real results'!C85))),1,0),0),0) -> 0 | BA87: =IFERROR(IF('Raw data'!BA85<>"",IF(OR(UPPER(TRIM('Raw data'!BA85))=UPPER(TRIM('Real results'!C83)),UPPER(TRIM('Raw data'!BA85))=UPPER(TRIM('Real results'!C84)),UPPER(TRIM('Raw data'!BA85))=UPPER(TRIM('Real results'!C85))),1,0),0),0) -> 0 | BC87: =IFERROR(IF('Raw data'!BC85<>"",IF(OR(UPPER(TRIM('Raw data'!BC85))=UPPER(TRIM('Real results'!C83)),UPPER(TRIM('Raw data'!BC85))=UPPER(TRIM('Real results'!C84)),UPPER(TRIM('Raw data'!BC85))=UPPER(TRIM('Real results'!C85))),1,0),0),0) -> 0 | BE87: =IFERROR(IF('Raw data'!BE85<>"",IF(OR(UPPER(TRIM('Raw data'!BE85))=UPPER(TRIM('Real results'!C83)),UPPER(TRIM('Raw data'!BE85))=UPPER(TRIM('Real results'!C84)),UPPER(TRIM('Raw data'!BE85))=UPPER(TRIM('Real results'!C85))),1,0),0),0) -> 0 | BG87: =IFERROR(IF('Raw data'!BG85<>"",IF(OR(UPPER(TRIM('Raw data'!BG85))=UPPER(TRIM('Real results'!C83)),UPPER(TRIM('Raw data'!BG85))=UPPER(TRIM('Real results'!C84)),UPPER(TRIM('Raw data'!BG85))=UPPER(TRIM('Real results'!C85))),1,0),0),0) -> 0 | BI87: =IFERROR(IF('Raw data'!BI85<>"",IF(OR(UPPER(TRIM('Raw data'!BI85))=UPPER(TRIM('Real results'!C83)),UPPER(TRIM('Raw data'!BI85))=UPPER(TRIM('Real results'!C84)),UPPER(TRIM('Raw data'!BI85))=UPPER(TRIM('Real results'!C85))),1,0),0),0) -> 0
